card_id,name,scheme_type,members_count,monthly_entitlement_kg,monthly_rice_kg,monthly_wheat_kg,language,home_fps_id
RC-KA-000001,Deepa Reddy,PHH,2,10,0,10,hi,FPS-KA-BAG-0001
RC-KA-000002,Swathi Joshi,PHH,3,15,0,15,kn,FPS-KA-BAG-0002
RC-KA-000003,Aarav Gowda,PHH,2,10,10,0,kn,FPS-KA-BAG-0003
RC-KA-000004,Aarav Joshi,PHH,4,20,5,15,kn,FPS-KA-BAG-0004
RC-KA-000005,Manoj Sharma,PHH,4,20,20,0,kn,FPS-KA-BAG-0005
RC-KA-000006,Bhavana Bhat,PHH,5,25,0,25,hi,FPS-KA-BAG-0006
RC-KA-000007,Chetan Rao,PHH,7,35,25,10,kn,FPS-KA-BAG-0007
RC-KA-000008,Ananya Hegde,PHH,6,30,0,30,kn,FPS-KA-BAG-0008
RC-KA-000009,Aditi Bhat,PHH,6,30,20,10,kn,FPS-KA-BAG-0009
RC-KA-000010,Vijay Kulkarni,PHH,8,40,40,0,kn,FPS-KA-BAG-0010
RC-KA-000011,Rahul Sharma,PHH,2,10,10,0,kn,FPS-KA-BAG-0011
RC-KA-000012,Akash Patil,PHH,6,30,20,10,kn,FPS-KA-BAG-0012
RC-KA-000013,Suresh Reddy,PHH,4,20,10,10,en,FPS-KA-BAG-0013
RC-KA-000014,Rahul Kumar,PHH,2,10,5,5,kn,FPS-KA-BAG-0014
RC-KA-000015,Chetan Poojary,PHH,6,30,5,25,kn,FPS-KA-BAG-0015
RC-KA-000016,Rahul Gowda,PHH,5,25,25,0,en,FPS-KA-BAG-0016
RC-KA-000017,Kiran Naik,PHH,3,15,5,10,kn,FPS-KA-BAG-0017
RC-KA-000018,Shalini Patil,PHH,4,20,10,10,hi,FPS-KA-BAG-0018
RC-KA-000019,Kiran Naik,PHH,4,20,0,20,hi,FPS-KA-BAG-0019
RC-KA-000020,Prakash Nayak,PHH,2,10,0,10,en,FPS-KA-BAG-0020
RC-KA-000021,Kiran Nayak,PHH,6,30,5,25,kn,FPS-KA-BAL-0001
RC-KA-000022,Deepa Bhat,PHH,8,40,10,30,kn,FPS-KA-BAL-0002
RC-KA-000023,Swathi Sharma,PHH,5,25,25,0,kn,FPS-KA-BAL-0003
RC-KA-000024,Arjun Joshi,PHH,7,35,25,10,kn,FPS-KA-BAL-0004
RC-KA-000025,Suresh Gowda,PHH,8,40,5,35,hi,FPS-KA-BAL-0005
RC-KA-000026,Lakshmi Sharma,PHH,3,15,5,10,hi,FPS-KA-BAL-0006
RC-KA-000027,Manoj Joshi,PHH,2,10,5,5,kn,FPS-KA-BAL-0007
RC-KA-000028,Aarav Poojary,PHH,5,25,20,5,en,FPS-KA-BAL-0008
RC-KA-000029,Shalini Naik,PHH,2,10,10,0,en,FPS-KA-BAL-0009
RC-KA-000030,Bhavana Desai,PHH,6,30,0,30,kn,FPS-KA-BAL-0010
RC-KA-000031,Shalini Shetty,PHH,1,5,5,0,en,FPS-KA-BAL-0011
RC-KA-000032,Rahul Joshi,PHH,2,10,10,0,kn,FPS-KA-BAL-0012
RC-KA-000033,Bhavana Joshi,PHH,4,20,5,15,kn,FPS-KA-BAL-0013
RC-KA-000034,Ananya Nayak,PHH,1,5,5,0,kn,FPS-KA-BAL-0014
RC-KA-000035,Deepa Patil,PHH,6,30,30,0,hi,FPS-KA-BAL-0015
RC-KA-000036,Akash Bhat,PHH,4,20,20,0,en,FPS-KA-BAL-0016
RC-KA-000037,Pooja Rao,PHH,8,40,5,35,en,FPS-KA-BAL-0017
RC-KA-000038,Pooja Shetty,PHH,3,15,5,10,kn,FPS-KA-BAL-0018
RC-KA-000039,Lakshmi Reddy,PHH,5,25,20,5,en,FPS-KA-BAL-0019
RC-KA-000040,Ravi Poojary,PHH,4,20,10,10,kn,FPS-KA-BAL-0020
RC-KA-000041,Manoj Gowda,PHH,6,30,15,15,en,FPS-KA-BEL-0001
RC-KA-000042,Aarav Sharma,PHH,4,20,5,15,kn,FPS-KA-BEL-0002
RC-KA-000043,Akash Bhat,PHH,4,20,20,0,kn,FPS-KA-BEL-0003
RC-KA-000044,Aditi Kumar,PHH,1,5,0,5,kn,FPS-KA-BEL-0004
RC-KA-000045,Divya Poojary,PHH,6,30,0,30,kn,FPS-KA-BEL-0005
RC-KA-000046,Sanjay Nayak,PHH,8,40,15,25,kn,FPS-KA-BEL-0006
RC-KA-000047,Shankar Kulkarni,PHH,8,40,15,25,hi,FPS-KA-BEL-0007
RC-KA-000048,Lakshmi Hegde,PHH,4,20,0,20,kn,FPS-KA-BEL-0008
RC-KA-000049,Sanjay Patil,PHH,7,35,30,5,kn,FPS-KA-BEL-0009
RC-KA-000050,Harish Rao,PHH,2,10,0,10,kn,FPS-KA-BEL-0010
RC-KA-000051,Pooja Desai,PHH,2,10,0,10,kn,FPS-KA-BEL-0011
RC-KA-000052,Manoj Reddy,PHH,3,15,15,0,kn,FPS-KA-BEL-0012
RC-KA-000053,Suresh Joshi,PHH,2,10,5,5,hi,FPS-KA-BEL-0013
RC-KA-000054,Pooja Kumar,PHH,2,10,0,10,kn,FPS-KA-BEL-0014
RC-KA-000055,Suresh Reddy,PHH,1,5,0,5,en,FPS-KA-BEL-0015
RC-KA-000056,Chetan Kumar,PHH,3,15,15,0,kn,FPS-KA-BEL-0016
RC-KA-000057,Aarav Kulkarni,PHH,7,35,0,35,kn,FPS-KA-BEL-0017
RC-KA-000058,Rekha Bhat,PHH,5,25,15,10,kn,FPS-KA-BEL-0018
RC-KA-000059,Chetan Patil,PHH,8,40,10,30,kn,FPS-KA-BEL-0019
RC-KA-000060,Prakash Desai,PHH,1,5,5,0,kn,FPS-KA-BEL-0020
RC-KA-000061,Akash Kumar,PHH,3,15,0,15,en,FPS-KA-BLR-R-0001
RC-KA-000062,Ravi Kumar,PHH,3,15,0,15,kn,FPS-KA-BLR-R-0002
RC-KA-000063,Swathi Sharma,PHH,4,20,15,5,kn,FPS-KA-BLR-R-0003
RC-KA-000064,Priya Gowda,PHH,4,20,20,0,kn,FPS-KA-BLR-R-0004
RC-KA-000065,Chetan Poojary,PHH,7,35,25,10,en,FPS-KA-BLR-R-0005
RC-KA-000066,Arjun Poojary,PHH,6,30,5,25,kn,FPS-KA-BLR-R-0006
RC-KA-000067,Shalini Nayak,PHH,5,25,15,10,kn,FPS-KA-BLR-R-0007
RC-KA-000068,Prakash Gowda,PHH,2,10,0,10,kn,FPS-KA-BLR-R-0008
RC-KA-000069,Divya Shetty,PHH,2,10,10,0,kn,FPS-KA-BLR-R-0009
RC-KA-000070,Kavya Naik,PHH,6,30,0,30,en,FPS-KA-BLR-R-0010
RC-KA-000071,Rekha Naik,PHH,3,15,15,0,hi,FPS-KA-BLR-R-0011
RC-KA-000072,Ananya Nayak,PHH,1,5,5,0,en,FPS-KA-BLR-R-0012
RC-KA-000073,Ananya Bhat,PHH,3,15,10,5,kn,FPS-KA-BLR-R-0013
RC-KA-000074,Chetan Bhat,PHH,3,15,10,5,kn,FPS-KA-BLR-R-0014
RC-KA-000075,Suresh Naik,PHH,6,30,5,25,kn,FPS-KA-BLR-R-0015
RC-KA-000076,Suresh Patil,PHH,8,40,20,20,en,FPS-KA-BLR-R-0016
RC-KA-000077,Divya Patil,PHH,2,10,10,0,kn,FPS-KA-BLR-R-0017
RC-KA-000078,Rahul Naik,PHH,1,5,5,0,hi,FPS-KA-BLR-R-0018
RC-KA-000079,Lakshmi Joshi,PHH,3,15,15,0,kn,FPS-KA-BLR-R-0019
RC-KA-000080,Swathi Bhat,PHH,1,5,0,5,kn,FPS-KA-BLR-R-0020
RC-KA-000081,Prakash Joshi,PHH,3,15,0,15,hi,FPS-KA-BLR-U-0001
RC-KA-000082,Ganesh Hegde,PHH,3,15,15,0,kn,FPS-KA-BLR-U-0002
RC-KA-000083,Deepa Poojary,PHH,1,5,5,0,kn,FPS-KA-BLR-U-0003
RC-KA-000084,Swathi Kumar,PHH,2,10,5,5,hi,FPS-KA-BLR-U-0004
RC-KA-000085,Deepa Kumar,PHH,7,35,10,25,en,FPS-KA-BLR-U-0005
RC-KA-000086,Aarav Shetty,PHH,3,15,5,10,en,FPS-KA-BLR-U-0006
RC-KA-000087,Shankar Poojary,PHH,6,30,30,0,en,FPS-KA-BLR-U-0007
RC-KA-000088,Rekha Gowda,PHH,4,20,10,10,kn,FPS-KA-BLR-U-0008
RC-KA-000089,Deepa Reddy,PHH,7,35,0,35,en,FPS-KA-BLR-U-0009
RC-KA-000090,Shankar Kumar,PHH,8,40,25,15,kn,FPS-KA-BLR-U-0010
RC-KA-000091,Chetan Kulkarni,PHH,4,20,5,15,kn,FPS-KA-BLR-U-0011
RC-KA-000092,Shalini Naik,PHH,6,30,10,20,en,FPS-KA-BLR-U-0012
RC-KA-000093,Ravi Kumar,PHH,6,30,25,5,kn,FPS-KA-BLR-U-0013
RC-KA-000094,Divya Shetty,PHH,6,30,0,30,kn,FPS-KA-BLR-U-0014
RC-KA-000095,Lakshmi Hegde,PHH,5,25,0,25,kn,FPS-KA-BLR-U-0015
RC-KA-000096,Naveen Gowda,PHH,6,30,15,15,kn,FPS-KA-BLR-U-0016
RC-KA-000097,Rekha Kulkarni,PHH,7,35,15,20,kn,FPS-KA-BLR-U-0017
RC-KA-000098,Akash Poojary,PHH,1,5,0,5,kn,FPS-KA-BLR-U-0018
RC-KA-000099,Suresh Gowda,PHH,6,30,20,10,kn,FPS-KA-BLR-U-0019
RC-KA-000100,Lakshmi Hegde,PHH,5,25,20,5,kn,FPS-KA-BLR-U-0020
RC-KA-000101,Chetan Kulkarni,PHH,7,35,20,15,kn,FPS-KA-BID-0001
RC-KA-000102,Ganesh Kulkarni,PHH,7,35,10,25,kn,FPS-KA-BID-0002
RC-KA-000103,Lakshmi Rao,PHH,1,5,5,0,kn,FPS-KA-BID-0003
RC-KA-000104,Ravi Reddy,PHH,6,30,15,15,kn,FPS-KA-BID-0004
RC-KA-000105,Ganesh Joshi,PHH,8,40,10,30,kn,FPS-KA-BID-0005
RC-KA-000106,Shalini Reddy,PHH,6,30,0,30,hi,FPS-KA-BID-0006
RC-KA-000107,Arjun Patil,PHH,5,25,5,20,hi,FPS-KA-BID-0007
RC-KA-000108,Priya Kumar,PHH,1,5,0,5,en,FPS-KA-BID-0008
RC-KA-000109,Rahul Sharma,PHH,2,10,5,5,kn,FPS-KA-BID-0009
RC-KA-000110,Deepa Shetty,PHH,4,20,15,5,kn,FPS-KA-BID-0010
RC-KA-000111,Deepa Shetty,PHH,1,5,0,5,hi,FPS-KA-BID-0011
RC-KA-000112,Vijay Kumar,PHH,8,40,0,40,kn,FPS-KA-BID-0012
RC-KA-000113,Manoj Poojary,PHH,2,10,5,5,kn,FPS-KA-BID-0013
RC-KA-000114,Priya Kumar,PHH,6,30,30,0,en,FPS-KA-BID-0014
RC-KA-000115,Sanjay Kumar,PHH,7,35,35,0,en,FPS-KA-BID-0015
RC-KA-000116,Deepa Kumar,PHH,8,40,35,5,kn,FPS-KA-BID-0016
RC-KA-000117,Deepa Naik,PHH,5,25,20,5,kn,FPS-KA-BID-0017
RC-KA-000118,Deepa Naik,PHH,8,40,5,35,hi,FPS-KA-BID-0018
RC-KA-000119,Akash Shetty,PHH,6,30,10,20,en,FPS-KA-BID-0019
RC-KA-000120,Arjun Bhat,PHH,3,15,5,10,kn,FPS-KA-BID-0020
RC-KA-000121,Harish Joshi,PHH,4,20,0,20,kn,FPS-KA-CHA-0001
RC-KA-000122,Sneha Kulkarni,PHH,8,40,30,10,kn,FPS-KA-CHA-0002
RC-KA-000123,Shalini Sharma,PHH,7,35,0,35,en,FPS-KA-CHA-0003
RC-KA-000124,Kavya Naik,PHH,7,35,35,0,kn,FPS-KA-CHA-0004
RC-KA-000125,Sanjay Joshi,PHH,7,35,30,5,kn,FPS-KA-CHA-0005
RC-KA-000126,Lakshmi Desai,PHH,4,20,15,5,kn,FPS-KA-CHA-0006
RC-KA-000127,Ravi Rao,PHH,1,5,5,0,kn,FPS-KA-CHA-0007
RC-KA-000128,Vijay Shetty,PHH,7,35,10,25,hi,FPS-KA-CHA-0008
RC-KA-000129,Ravi Patil,PHH,1,5,5,0,kn,FPS-KA-CHA-0009
RC-KA-000130,Suresh Desai,PHH,2,10,10,0,kn,FPS-KA-CHA-0010
RC-KA-000131,Harish Reddy,PHH,3,15,0,15,kn,FPS-KA-CHA-0011
RC-KA-000132,Swathi Kulkarni,PHH,8,40,25,15,kn,FPS-KA-CHA-0012
RC-KA-000133,Akash Desai,PHH,5,25,15,10,kn,FPS-KA-CHA-0013
RC-KA-000134,Kavya Reddy,PHH,1,5,0,5,en,FPS-KA-CHA-0014
RC-KA-000135,Aarav Reddy,PHH,2,10,10,0,kn,FPS-KA-CHA-0015
RC-KA-000136,Deepa Shetty,PHH,4,20,0,20,kn,FPS-KA-CHA-0016
RC-KA-000137,Chetan Desai,PHH,8,40,5,35,kn,FPS-KA-CHA-0017
RC-KA-000138,Priya Bhat,PHH,5,25,10,15,kn,FPS-KA-CHA-0018
RC-KA-000139,Ananya Sharma,PHH,2,10,0,10,en,FPS-KA-CHA-0019
RC-KA-000140,Vijay Kulkarni,PHH,1,5,5,0,kn,FPS-KA-CHA-0020
RC-KA-000141,Rekha Kumar,PHH,7,35,15,20,kn,FPS-KA-CHB-0001
RC-KA-000142,Ganesh Kumar,PHH,4,20,0,20,kn,FPS-KA-CHB-0002
RC-KA-000143,Kavya Joshi,PHH,2,10,10,0,hi,FPS-KA-CHB-0003
RC-KA-000144,Rahul Hegde,PHH,7,35,25,10,kn,FPS-KA-CHB-0004
RC-KA-000145,Ananya Kulkarni,PHH,1,5,5,0,hi,FPS-KA-CHB-0005
RC-KA-000146,Manoj Bhat,PHH,6,30,25,5,en,FPS-KA-CHB-0006
RC-KA-000147,Naveen Poojary,PHH,3,15,15,0,kn,FPS-KA-CHB-0007
RC-KA-000148,Pooja Rao,PHH,5,25,20,5,hi,FPS-KA-CHB-0008
RC-KA-000149,Sanjay Sharma,PHH,8,40,35,5,kn,FPS-KA-CHB-0009
RC-KA-000150,Sneha Nayak,PHH,5,25,10,15,en,FPS-KA-CHB-0010
RC-KA-000151,Deepa Rao,PHH,2,10,5,5,en,FPS-KA-CHB-0011
RC-KA-000152,Meena Kumar,PHH,8,40,30,10,kn,FPS-KA-CHB-0012
RC-KA-000153,Kavya Rao,PHH,6,30,5,25,kn,FPS-KA-CHB-0013
RC-KA-000154,Priya Bhat,PHH,5,25,10,15,kn,FPS-KA-CHB-0014
RC-KA-000155,Chetan Gowda,PHH,5,25,20,5,kn,FPS-KA-CHB-0015
RC-KA-000156,Shalini Reddy,PHH,4,20,15,5,kn,FPS-KA-CHB-0016
RC-KA-000157,Aarav Gowda,PHH,8,40,35,5,kn,FPS-KA-CHB-0017
RC-KA-000158,Deepa Naik,PHH,5,25,5,20,kn,FPS-KA-CHB-0018
RC-KA-000159,Kavya Kulkarni,PHH,6,30,15,15,kn,FPS-KA-CHB-0019
RC-KA-000160,Divya Naik,PHH,6,30,10,20,hi,FPS-KA-CHB-0020
RC-KA-000161,Chetan Hegde,PHH,5,25,5,20,kn,FPS-KA-CHK-0001
RC-KA-000162,Shalini Bhat,PHH,2,10,10,0,kn,FPS-KA-CHK-0002
RC-KA-000163,Meena Naik,PHH,3,15,5,10,kn,FPS-KA-CHK-0003
RC-KA-000164,Ganesh Reddy,PHH,5,25,0,25,hi,FPS-KA-CHK-0004
RC-KA-000165,Rekha Joshi,PHH,6,30,5,25,kn,FPS-KA-CHK-0005
RC-KA-000166,Aditi Joshi,PHH,3,15,10,5,kn,FPS-KA-CHK-0006
RC-KA-000167,Rahul Kumar,PHH,5,25,25,0,en,FPS-KA-CHK-0007
RC-KA-000168,Prakash Naik,PHH,8,40,5,35,en,FPS-KA-CHK-0008
RC-KA-000169,Bhavana Patil,PHH,8,40,35,5,kn,FPS-KA-CHK-0009
RC-KA-000170,Akash Kulkarni,PHH,5,25,15,10,kn,FPS-KA-CHK-0010
RC-KA-000171,Ravi Patil,PHH,8,40,5,35,kn,FPS-KA-CHK-0011
RC-KA-000172,Ganesh Gowda,PHH,3,15,5,10,hi,FPS-KA-CHK-0012
RC-KA-000173,Lakshmi Sharma,PHH,4,20,0,20,kn,FPS-KA-CHK-0013
RC-KA-000174,Vijay Desai,PHH,4,20,20,0,kn,FPS-KA-CHK-0014
RC-KA-000175,Ganesh Sharma,PHH,5,25,20,5,en,FPS-KA-CHK-0015
RC-KA-000176,Chetan Poojary,PHH,1,5,0,5,en,FPS-KA-CHK-0016
RC-KA-000177,Bhavana Reddy,PHH,4,20,10,10,kn,FPS-KA-CHK-0017
RC-KA-000178,Lakshmi Desai,PHH,3,15,0,15,kn,FPS-KA-CHK-0018
RC-KA-000179,Ganesh Bhat,PHH,8,40,20,20,kn,FPS-KA-CHK-0019
RC-KA-000180,Akash Poojary,PHH,5,25,25,0,en,FPS-KA-CHK-0020
RC-KA-000181,Rahul Sharma,PHH,4,20,10,10,hi,FPS-KA-CHI-0001
RC-KA-000182,Deepa Poojary,PHH,4,20,15,5,kn,FPS-KA-CHI-0002
RC-KA-000183,Akash Patil,PHH,3,15,10,5,hi,FPS-KA-CHI-0003
RC-KA-000184,Sneha Sharma,PHH,3,15,10,5,kn,FPS-KA-CHI-0004
RC-KA-000185,Rekha Naik,PHH,5,25,15,10,kn,FPS-KA-CHI-0005
RC-KA-000186,Meena Desai,PHH,7,35,20,15,kn,FPS-KA-CHI-0006
RC-KA-000187,Lakshmi Bhat,PHH,2,10,10,0,kn,FPS-KA-CHI-0007
RC-KA-000188,Akash Reddy,PHH,6,30,20,10,kn,FPS-KA-CHI-0008
RC-KA-000189,Shalini Rao,PHH,1,5,5,0,kn,FPS-KA-CHI-0009
RC-KA-000190,Manoj Nayak,PHH,3,15,15,0,kn,FPS-KA-CHI-0010
RC-KA-000191,Lakshmi Poojary,PHH,5,25,5,20,en,FPS-KA-CHI-0011
RC-KA-000192,Lakshmi Hegde,PHH,8,40,5,35,kn,FPS-KA-CHI-0012
RC-KA-000193,Bhavana Hegde,PHH,6,30,25,5,kn,FPS-KA-CHI-0013
RC-KA-000194,Kiran Kumar,PHH,7,35,35,0,kn,FPS-KA-CHI-0014
RC-KA-000195,Divya Hegde,PHH,1,5,5,0,kn,FPS-KA-CHI-0015
RC-KA-000196,Sneha Patil,PHH,2,10,5,5,en,FPS-KA-CHI-0016
RC-KA-000197,Naveen Hegde,PHH,8,40,30,10,kn,FPS-KA-CHI-0017
RC-KA-000198,Chetan Naik,PHH,8,40,35,5,hi,FPS-KA-CHI-0018
RC-KA-000199,Rekha Desai,PHH,3,15,10,5,kn,FPS-KA-CHI-0019
RC-KA-000200,Priya Rao,PHH,2,10,0,10,en,FPS-KA-CHI-0020
RC-KA-000201,Aarav Joshi,PHH,4,20,5,15,kn,FPS-KA-DK-0001
RC-KA-000202,Sneha Nayak,PHH,7,35,5,30,kn,FPS-KA-DK-0002
RC-KA-000203,Rahul Kumar,PHH,2,10,5,5,en,FPS-KA-DK-0003
RC-KA-000204,Ganesh Joshi,PHH,3,15,15,0,en,FPS-KA-DK-0004
RC-KA-000205,Meena Reddy,PHH,5,25,15,10,hi,FPS-KA-DK-0005
RC-KA-000206,Chetan Nayak,PHH,8,40,40,0,kn,FPS-KA-DK-0006
RC-KA-000207,Shankar Kumar,PHH,3,15,0,15,kn,FPS-KA-DK-0007
RC-KA-000208,Naveen Naik,PHH,7,35,25,10,en,FPS-KA-DK-0008
RC-KA-000209,Sneha Sharma,PHH,1,5,5,0,hi,FPS-KA-DK-0009
RC-KA-000210,Meena Hegde,PHH,8,40,10,30,kn,FPS-KA-DK-0010
RC-KA-000211,Kiran Desai,PHH,6,30,20,10,hi,FPS-KA-DK-0011
RC-KA-000212,Rekha Reddy,PHH,6,30,30,0,kn,FPS-KA-DK-0012
RC-KA-000213,Lakshmi Patil,PHH,7,35,15,20,en,FPS-KA-DK-0013
RC-KA-000214,Vijay Rao,PHH,6,30,25,5,kn,FPS-KA-DK-0014
RC-KA-000215,Shankar Kumar,PHH,7,35,30,5,en,FPS-KA-DK-0015
RC-KA-000216,Arjun Joshi,PHH,3,15,15,0,en,FPS-KA-DK-0016
RC-KA-000217,Suresh Desai,PHH,6,30,30,0,kn,FPS-KA-DK-0017
RC-KA-000218,Aarav Bhat,PHH,2,10,10,0,en,FPS-KA-DK-0018
RC-KA-000219,Arjun Gowda,PHH,3,15,15,0,en,FPS-KA-DK-0019
RC-KA-000220,Rekha Kulkarni,PHH,8,40,20,20,kn,FPS-KA-DK-0020
RC-KA-000221,Suresh Joshi,PHH,2,10,5,5,en,FPS-KA-DAV-0001
RC-KA-000222,Swathi Rao,PHH,7,35,25,10,kn,FPS-KA-DAV-0002
RC-KA-000223,Akash Reddy,PHH,8,40,40,0,kn,FPS-KA-DAV-0003
RC-KA-000224,Lakshmi Gowda,PHH,5,25,5,20,hi,FPS-KA-DAV-0004
RC-KA-000225,Ganesh Nayak,PHH,2,10,5,5,kn,FPS-KA-DAV-0005
RC-KA-000226,Aditi Naik,PHH,1,5,0,5,kn,FPS-KA-DAV-0006
RC-KA-000227,Deepa Joshi,PHH,6,30,10,20,kn,FPS-KA-DAV-0007
RC-KA-000228,Akash Sharma,PHH,7,35,10,25,kn,FPS-KA-DAV-0008
RC-KA-000229,Prakash Shetty,PHH,7,35,15,20,kn,FPS-KA-DAV-0009
RC-KA-000230,Manoj Naik,PHH,4,20,15,5,kn,FPS-KA-DAV-0010
RC-KA-000231,Ravi Joshi,PHH,1,5,5,0,en,FPS-KA-DAV-0011
RC-KA-000232,Kavya Sharma,PHH,3,15,0,15,kn,FPS-KA-DAV-0012
RC-KA-000233,Rekha Naik,PHH,5,25,25,0,en,FPS-KA-DAV-0013
RC-KA-000234,Kiran Kumar,PHH,8,40,20,20,kn,FPS-KA-DAV-0014
RC-KA-000235,Prakash Hegde,PHH,8,40,5,35,kn,FPS-KA-DAV-0015
RC-KA-000236,Sneha Poojary,PHH,5,25,25,0,kn,FPS-KA-DAV-0016
RC-KA-000237,Suresh Poojary,PHH,7,35,20,15,kn,FPS-KA-DAV-0017
RC-KA-000238,Swathi Naik,PHH,1,5,5,0,hi,FPS-KA-DAV-0018
RC-KA-000239,Deepa Poojary,PHH,4,20,20,0,hi,FPS-KA-DAV-0019
RC-KA-000240,Shalini Bhat,PHH,4,20,20,0,kn,FPS-KA-DAV-0020
RC-KA-000241,Rahul Patil,PHH,3,15,0,15,en,FPS-KA-DHA-0001
RC-KA-000242,Kavya Bhat,PHH,5,25,15,10,kn,FPS-KA-DHA-0002
RC-KA-000243,Harish Bhat,PHH,3,15,0,15,en,FPS-KA-DHA-0003
RC-KA-000244,Shankar Joshi,PHH,7,35,10,25,kn,FPS-KA-DHA-0004
RC-KA-000245,Divya Kumar,PHH,6,30,20,10,kn,FPS-KA-DHA-0005
RC-KA-000246,Meena Rao,PHH,3,15,10,5,en,FPS-KA-DHA-0006
RC-KA-000247,Shankar Gowda,PHH,5,25,25,0,en,FPS-KA-DHA-0007
RC-KA-000248,Deepa Kumar,PHH,8,40,5,35,kn,FPS-KA-DHA-0008
RC-KA-000249,Kiran Patil,PHH,7,35,25,10,kn,FPS-KA-DHA-0009
RC-KA-000250,Kavya Poojary,PHH,5,25,20,5,kn,FPS-KA-DHA-0010
RC-KA-000251,Rahul Hegde,PHH,5,25,20,5,kn,FPS-KA-DHA-0011
RC-KA-000252,Aarav Sharma,PHH,2,10,10,0,kn,FPS-KA-DHA-0012
RC-KA-000253,Akash Poojary,PHH,6,30,20,10,kn,FPS-KA-DHA-0013
RC-KA-000254,Ananya Shetty,PHH,8,40,20,20,kn,FPS-KA-DHA-0014
RC-KA-000255,Meena Gowda,PHH,1,5,0,5,kn,FPS-KA-DHA-0015
RC-KA-000256,Arjun Kulkarni,PHH,2,10,0,10,en,FPS-KA-DHA-0016
RC-KA-000257,Sanjay Bhat,PHH,8,40,25,15,kn,FPS-KA-DHA-0017
RC-KA-000258,Rahul Gowda,PHH,7,35,10,25,en,FPS-KA-DHA-0018
RC-KA-000259,Divya Patil,PHH,8,40,30,10,en,FPS-KA-DHA-0019
RC-KA-000260,Deepa Kumar,PHH,6,30,5,25,kn,FPS-KA-DHA-0020
RC-KA-000261,Kavya Joshi,PHH,6,30,0,30,en,FPS-KA-GAD-0001
RC-KA-000262,Chetan Gowda,PHH,6,30,0,30,kn,FPS-KA-GAD-0002
RC-KA-000263,Rahul Poojary,PHH,8,40,5,35,kn,FPS-KA-GAD-0003
RC-KA-000264,Deepa Shetty,PHH,1,5,0,5,hi,FPS-KA-GAD-0004
RC-KA-000265,Pooja Reddy,PHH,4,20,0,20,hi,FPS-KA-GAD-0005
RC-KA-000266,Arjun Rao,PHH,4,20,5,15,kn,FPS-KA-GAD-0006
RC-KA-000267,Arjun Shetty,PHH,1,5,5,0,en,FPS-KA-GAD-0007
RC-KA-000268,Suresh Patil,PHH,5,25,5,20,kn,FPS-KA-GAD-0008
RC-KA-000269,Shankar Reddy,PHH,3,15,0,15,kn,FPS-KA-GAD-0009
RC-KA-000270,Aditi Shetty,PHH,6,30,0,30,kn,FPS-KA-GAD-0010
RC-KA-000271,Meena Desai,PHH,7,35,5,30,hi,FPS-KA-GAD-0011
RC-KA-000272,Manoj Joshi,PHH,6,30,20,10,kn,FPS-KA-GAD-0012
RC-KA-000273,Shankar Nayak,PHH,4,20,20,0,kn,FPS-KA-GAD-0013
RC-KA-000274,Aarav Patil,PHH,5,25,15,10,kn,FPS-KA-GAD-0014
RC-KA-000275,Ananya Desai,PHH,8,40,30,10,kn,FPS-KA-GAD-0015
RC-KA-000276,Harish Sharma,PHH,8,40,5,35,en,FPS-KA-GAD-0016
RC-KA-000277,Priya Poojary,PHH,3,15,0,15,kn,FPS-KA-GAD-0017
RC-KA-000278,Naveen Naik,PHH,6,30,15,15,en,FPS-KA-GAD-0018
RC-KA-000279,Ananya Rao,PHH,8,40,40,0,kn,FPS-KA-GAD-0019
RC-KA-000280,Shalini Joshi,PHH,2,10,10,0,kn,FPS-KA-GAD-0020
RC-KA-000281,Deepa Kulkarni,PHH,4,20,15,5,kn,FPS-KA-HAS-0001
RC-KA-000282,Lakshmi Bhat,PHH,6,30,30,0,kn,FPS-KA-HAS-0002
RC-KA-000283,Ravi Naik,PHH,2,10,5,5,kn,FPS-KA-HAS-0003
RC-KA-000284,Meena Gowda,PHH,6,30,5,25,kn,FPS-KA-HAS-0004
RC-KA-000285,Ananya Bhat,PHH,2,10,0,10,kn,FPS-KA-HAS-0005
RC-KA-000286,Aditi Sharma,PHH,6,30,30,0,kn,FPS-KA-HAS-0006
RC-KA-000287,Kavya Kumar,PHH,6,30,25,5,kn,FPS-KA-HAS-0007
RC-KA-000288,Priya Naik,PHH,7,35,0,35,en,FPS-KA-HAS-0008
RC-KA-000289,Chetan Shetty,PHH,6,30,0,30,kn,FPS-KA-HAS-0009
RC-KA-000290,Kavya Kumar,PHH,8,40,15,25,hi,FPS-KA-HAS-0010
RC-KA-000291,Prakash Reddy,PHH,6,30,0,30,hi,FPS-KA-HAS-0011
RC-KA-000292,Ravi Kumar,PHH,7,35,0,35,kn,FPS-KA-HAS-0012
RC-KA-000293,Rekha Rao,PHH,5,25,0,25,kn,FPS-KA-HAS-0013
RC-KA-000294,Bhavana Kumar,PHH,5,25,10,15,kn,FPS-KA-HAS-0014
RC-KA-000295,Sanjay Poojary,PHH,3,15,15,0,kn,FPS-KA-HAS-0015
RC-KA-000296,Chetan Kulkarni,PHH,1,5,0,5,hi,FPS-KA-HAS-0016
RC-KA-000297,Kavya Naik,PHH,7,35,35,0,kn,FPS-KA-HAS-0017
RC-KA-000298,Priya Gowda,PHH,6,30,30,0,en,FPS-KA-HAS-0018
RC-KA-000299,Priya Patil,PHH,1,5,0,5,kn,FPS-KA-HAS-0019
RC-KA-000300,Lakshmi Desai,PHH,2,10,5,5,kn,FPS-KA-HAS-0020
RC-KA-000301,Shalini Joshi,PHH,8,40,30,10,kn,FPS-KA-HAV-0001
RC-KA-000302,Ganesh Poojary,PHH,2,10,5,5,kn,FPS-KA-HAV-0002
RC-KA-000303,Aditi Reddy,PHH,8,40,40,0,kn,FPS-KA-HAV-0003
RC-KA-000304,Ganesh Reddy,PHH,7,35,0,35,kn,FPS-KA-HAV-0004
RC-KA-000305,Ananya Patil,PHH,3,15,10,5,kn,FPS-KA-HAV-0005
RC-KA-000306,Kiran Joshi,PHH,8,40,30,10,kn,FPS-KA-HAV-0006
RC-KA-000307,Ravi Rao,PHH,4,20,20,0,kn,FPS-KA-HAV-0007
RC-KA-000308,Sanjay Patil,PHH,6,30,0,30,kn,FPS-KA-HAV-0008
RC-KA-000309,Akash Kumar,PHH,7,35,0,35,kn,FPS-KA-HAV-0009
RC-KA-000310,Kiran Bhat,PHH,6,30,20,10,kn,FPS-KA-HAV-0010
RC-KA-000311,Aarav Hegde,PHH,7,35,20,15,kn,FPS-KA-HAV-0011
RC-KA-000312,Vijay Hegde,PHH,3,15,15,0,hi,FPS-KA-HAV-0012
RC-KA-000313,Deepa Kulkarni,PHH,2,10,5,5,hi,FPS-KA-HAV-0013
RC-KA-000314,Ganesh Bhat,PHH,7,35,5,30,kn,FPS-KA-HAV-0014
RC-KA-000315,Bhavana Gowda,PHH,6,30,5,25,kn,FPS-KA-HAV-0015
RC-KA-000316,Swathi Rao,PHH,2,10,10,0,kn,FPS-KA-HAV-0016
RC-KA-000317,Sneha Poojary,PHH,6,30,10,20,hi,FPS-KA-HAV-0017
RC-KA-000318,Divya Reddy,PHH,3,15,5,10,kn,FPS-KA-HAV-0018
RC-KA-000319,Rahul Gowda,PHH,3,15,5,10,hi,FPS-KA-HAV-0019
RC-KA-000320,Prakash Rao,PHH,3,15,15,0,kn,FPS-KA-HAV-0020
RC-KA-000321,Rahul Hegde,PHH,8,40,25,15,en,FPS-KA-KAL-0001
RC-KA-000322,Manoj Poojary,PHH,3,15,15,0,kn,FPS-KA-KAL-0002
RC-KA-000323,Kavya Joshi,PHH,5,25,10,15,kn,FPS-KA-KAL-0003
RC-KA-000324,Aditi Patil,PHH,2,10,5,5,kn,FPS-KA-KAL-0004
RC-KA-000325,Rahul Kumar,PHH,6,30,30,0,kn,FPS-KA-KAL-0005
RC-KA-000326,Kiran Desai,PHH,2,10,10,0,kn,FPS-KA-KAL-0006
RC-KA-000327,Prakash Poojary,PHH,1,5,5,0,en,FPS-KA-KAL-0007
RC-KA-000328,Naveen Shetty,PHH,4,20,10,10,kn,FPS-KA-KAL-0008
RC-KA-000329,Swathi Kumar,PHH,1,5,5,0,kn,FPS-KA-KAL-0009
RC-KA-000330,Rahul Shetty,PHH,6,30,25,5,kn,FPS-KA-KAL-0010
RC-KA-000331,Manoj Joshi,PHH,1,5,0,5,hi,FPS-KA-KAL-0011
RC-KA-000332,Ganesh Kulkarni,PHH,3,15,10,5,kn,FPS-KA-KAL-0012
RC-KA-000333,Aditi Rao,PHH,7,35,25,10,kn,FPS-KA-KAL-0013
RC-KA-000334,Pooja Poojary,PHH,6,30,0,30,kn,FPS-KA-KAL-0014
RC-KA-000335,Suresh Poojary,PHH,7,35,20,15,kn,FPS-KA-KAL-0015
RC-KA-000336,Ravi Shetty,PHH,3,15,10,5,kn,FPS-KA-KAL-0016
RC-KA-000337,Rekha Poojary,PHH,6,30,10,20,en,FPS-KA-KAL-0017
RC-KA-000338,Akash Naik,PHH,7,35,10,25,kn,FPS-KA-KAL-0018
RC-KA-000339,Ravi Bhat,PHH,7,35,25,10,hi,FPS-KA-KAL-0019
RC-KA-000340,Naveen Hegde,PHH,2,10,10,0,kn,FPS-KA-KAL-0020
RC-KA-000341,Chetan Hegde,PHH,1,5,5,0,kn,FPS-KA-KOD-0001
RC-KA-000342,Arjun Shetty,PHH,8,40,15,25,kn,FPS-KA-KOD-0002
RC-KA-000343,Ananya Joshi,PHH,2,10,5,5,hi,FPS-KA-KOD-0003
RC-KA-000344,Priya Shetty,PHH,1,5,5,0,en,FPS-KA-KOD-0004
RC-KA-000345,Sneha Bhat,PHH,7,35,10,25,kn,FPS-KA-KOD-0005
RC-KA-000346,Kavya Poojary,PHH,3,15,15,0,kn,FPS-KA-KOD-0006
RC-KA-000347,Shalini Bhat,PHH,4,20,15,5,kn,FPS-KA-KOD-0007
RC-KA-000348,Ganesh Rao,PHH,8,40,15,25,kn,FPS-KA-KOD-0008
RC-KA-000349,Prakash Desai,PHH,8,40,15,25,kn,FPS-KA-KOD-0009
RC-KA-000350,Naveen Joshi,PHH,8,40,20,20,hi,FPS-KA-KOD-0010
RC-KA-000351,Shankar Sharma,PHH,7,35,10,25,hi,FPS-KA-KOD-0011
RC-KA-000352,Meena Kumar,PHH,3,15,10,5,kn,FPS-KA-KOD-0012
RC-KA-000353,Rekha Kumar,PHH,6,30,20,10,en,FPS-KA-KOD-0013
RC-KA-000354,Bhavana Naik,PHH,2,10,5,5,kn,FPS-KA-KOD-0014
RC-KA-000355,Lakshmi Gowda,PHH,8,40,40,0,kn,FPS-KA-KOD-0015
RC-KA-000356,Vijay Patil,PHH,4,20,15,5,en,FPS-KA-KOD-0016
RC-KA-000357,Kavya Reddy,PHH,7,35,0,35,kn,FPS-KA-KOD-0017
RC-KA-000358,Aarav Hegde,PHH,7,35,5,30,kn,FPS-KA-KOD-0018
RC-KA-000359,Shankar Shetty,PHH,2,10,10,0,kn,FPS-KA-KOD-0019
RC-KA-000360,Sneha Desai,PHH,3,15,0,15,kn,FPS-KA-KOD-0020
RC-KA-000361,Aarav Nayak,PHH,3,15,15,0,kn,FPS-KA-KOL-0001
RC-KA-000362,Sneha Shetty,PHH,2,10,0,10,kn,FPS-KA-KOL-0002
RC-KA-000363,Deepa Naik,PHH,7,35,5,30,hi,FPS-KA-KOL-0003
RC-KA-000364,Rahul Rao,PHH,2,10,0,10,kn,FPS-KA-KOL-0004
RC-KA-000365,Swathi Desai,PHH,8,40,5,35,kn,FPS-KA-KOL-0005
RC-KA-000366,Ganesh Kulkarni,PHH,1,5,0,5,hi,FPS-KA-KOL-0006
RC-KA-000367,Lakshmi Shetty,PHH,1,5,5,0,kn,FPS-KA-KOL-0007
RC-KA-000368,Akash Joshi,PHH,2,10,10,0,en,FPS-KA-KOL-0008
RC-KA-000369,Aditi Poojary,PHH,1,5,5,0,en,FPS-KA-KOL-0009
RC-KA-000370,Aarav Hegde,PHH,7,35,25,10,kn,FPS-KA-KOL-0010
RC-KA-000371,Ravi Poojary,PHH,2,10,5,5,kn,FPS-KA-KOL-0011
RC-KA-000372,Harish Shetty,PHH,2,10,10,0,hi,FPS-KA-KOL-0012
RC-KA-000373,Sneha Poojary,PHH,1,5,5,0,kn,FPS-KA-KOL-0013
RC-KA-000374,Meena Poojary,PHH,3,15,15,0,en,FPS-KA-KOL-0014
RC-KA-000375,Shalini Desai,PHH,3,15,5,10,kn,FPS-KA-KOL-0015
RC-KA-000376,Shankar Reddy,PHH,1,5,5,0,kn,FPS-KA-KOL-0016
RC-KA-000377,Naveen Kulkarni,PHH,1,5,5,0,en,FPS-KA-KOL-0017
RC-KA-000378,Rahul Reddy,PHH,8,40,20,20,kn,FPS-KA-KOL-0018
RC-KA-000379,Aditi Kumar,PHH,5,25,10,15,en,FPS-KA-KOL-0019
RC-KA-000380,Kavya Kulkarni,PHH,6,30,10,20,kn,FPS-KA-KOL-0020
RC-KA-000381,Kiran Hegde,PHH,7,35,35,0,en,FPS-KA-KOP-0001
RC-KA-000382,Kavya Nayak,PHH,3,15,15,0,kn,FPS-KA-KOP-0002
RC-KA-000383,Akash Kulkarni,PHH,5,25,0,25,hi,FPS-KA-KOP-0003
RC-KA-000384,Akash Hegde,PHH,3,15,10,5,kn,FPS-KA-KOP-0004
RC-KA-000385,Rekha Kulkarni,PHH,5,25,10,15,kn,FPS-KA-KOP-0005
RC-KA-000386,Aditi Bhat,PHH,3,15,15,0,kn,FPS-KA-KOP-0006
RC-KA-000387,Divya Poojary,PHH,6,30,20,10,en,FPS-KA-KOP-0007
RC-KA-000388,Kiran Hegde,PHH,1,5,0,5,kn,FPS-KA-KOP-0008
RC-KA-000389,Priya Poojary,PHH,3,15,0,15,kn,FPS-KA-KOP-0009
RC-KA-000390,Deepa Rao,PHH,8,40,0,40,kn,FPS-KA-KOP-0010
RC-KA-000391,Prakash Patil,PHH,6,30,10,20,kn,FPS-KA-KOP-0011
RC-KA-000392,Kavya Desai,PHH,3,15,15,0,en,FPS-KA-KOP-0012
RC-KA-000393,Kavya Kulkarni,PHH,2,10,10,0,kn,FPS-KA-KOP-0013
RC-KA-000394,Ananya Patil,PHH,6,30,25,5,kn,FPS-KA-KOP-0014
RC-KA-000395,Vijay Joshi,PHH,3,15,15,0,kn,FPS-KA-KOP-0015
RC-KA-000396,Rekha Desai,PHH,2,10,5,5,hi,FPS-KA-KOP-0016
RC-KA-000397,Vijay Desai,PHH,4,20,20,0,kn,FPS-KA-KOP-0017
RC-KA-000398,Akash Desai,PHH,4,20,0,20,kn,FPS-KA-KOP-0018
RC-KA-000399,Shankar Poojary,PHH,3,15,15,0,en,FPS-KA-KOP-0019
RC-KA-000400,Akash Joshi,PHH,6,30,25,5,kn,FPS-KA-KOP-0020
RC-KA-000401,Rekha Bhat,PHH,5,25,10,15,en,FPS-KA-MAN-0001
RC-KA-000402,Ananya Reddy,PHH,3,15,10,5,kn,FPS-KA-MAN-0002
RC-KA-000403,Aarav Hegde,PHH,3,15,5,10,hi,FPS-KA-MAN-0003
RC-KA-000404,Pooja Shetty,PHH,6,30,15,15,hi,FPS-KA-MAN-0004
RC-KA-000405,Rekha Bhat,PHH,2,10,0,10,kn,FPS-KA-MAN-0005
RC-KA-000406,Lakshmi Kumar,PHH,8,40,40,0,kn,FPS-KA-MAN-0006
RC-KA-000407,Rahul Gowda,PHH,2,10,0,10,en,FPS-KA-MAN-0007
RC-KA-000408,Kavya Shetty,PHH,8,40,35,5,kn,FPS-KA-MAN-0008
RC-KA-000409,Vijay Kumar,PHH,3,15,5,10,kn,FPS-KA-MAN-0009
RC-KA-000410,Ganesh Shetty,PHH,1,5,0,5,kn,FPS-KA-MAN-0010
RC-KA-000411,Deepa Hegde,PHH,3,15,10,5,en,FPS-KA-MAN-0011
RC-KA-000412,Rahul Joshi,PHH,5,25,0,25,kn,FPS-KA-MAN-0012
RC-KA-000413,Priya Joshi,PHH,5,25,5,20,kn,FPS-KA-MAN-0013
RC-KA-000414,Prakash Sharma,PHH,2,10,10,0,kn,FPS-KA-MAN-0014
RC-KA-000415,Sanjay Nayak,PHH,3,15,5,10,kn,FPS-KA-MAN-0015
RC-KA-000416,Aditi Kumar,PHH,6,30,30,0,en,FPS-KA-MAN-0016
RC-KA-000417,Rahul Rao,PHH,1,5,0,5,kn,FPS-KA-MAN-0017
RC-KA-000418,Prakash Kulkarni,PHH,5,25,25,0,kn,FPS-KA-MAN-0018
RC-KA-000419,Pooja Naik,PHH,1,5,5,0,en,FPS-KA-MAN-0019
RC-KA-000420,Shankar Poojary,PHH,5,25,15,10,kn,FPS-KA-MAN-0020
RC-KA-000421,Rekha Patil,PHH,7,35,20,15,kn,FPS-KA-MYS-0001
RC-KA-000422,Manoj Reddy,PHH,3,15,15,0,kn,FPS-KA-MYS-0002
RC-KA-000423,Suresh Bhat,PHH,6,30,20,10,kn,FPS-KA-MYS-0003
RC-KA-000424,Kavya Kulkarni,PHH,6,30,25,5,en,FPS-KA-MYS-0004
RC-KA-000425,Ananya Hegde,PHH,3,15,10,5,kn,FPS-KA-MYS-0005
RC-KA-000426,Manoj Reddy,PHH,4,20,15,5,kn,FPS-KA-MYS-0006
RC-KA-000427,Kiran Kumar,PHH,3,15,0,15,kn,FPS-KA-MYS-0007
RC-KA-000428,Swathi Shetty,PHH,7,35,15,20,en,FPS-KA-MYS-0008
RC-KA-000429,Chetan Rao,PHH,6,30,20,10,hi,FPS-KA-MYS-0009
RC-KA-000430,Manoj Desai,PHH,3,15,15,0,en,FPS-KA-MYS-0010
RC-KA-000431,Kiran Joshi,PHH,5,25,15,10,kn,FPS-KA-MYS-0011
RC-KA-000432,Kavya Patil,PHH,8,40,15,25,kn,FPS-KA-MYS-0012
RC-KA-000433,Swathi Kumar,PHH,1,5,5,0,kn,FPS-KA-MYS-0013
RC-KA-000434,Suresh Gowda,PHH,8,40,20,20,kn,FPS-KA-MYS-0014
RC-KA-000435,Sanjay Hegde,PHH,7,35,10,25,en,FPS-KA-MYS-0015
RC-KA-000436,Aditi Sharma,PHH,7,35,25,10,kn,FPS-KA-MYS-0016
RC-KA-000437,Akash Kulkarni,PHH,4,20,10,10,kn,FPS-KA-MYS-0017
RC-KA-000438,Priya Poojary,PHH,8,40,40,0,kn,FPS-KA-MYS-0018
RC-KA-000439,Kiran Hegde,PHH,2,10,0,10,en,FPS-KA-MYS-0019
RC-KA-000440,Shalini Shetty,PHH,6,30,20,10,en,FPS-KA-MYS-0020
RC-KA-000441,Naveen Patil,PHH,4,20,20,0,kn,FPS-KA-RAI-0001
RC-KA-000442,Harish Rao,PHH,1,5,0,5,kn,FPS-KA-RAI-0002
RC-KA-000443,Priya Nayak,PHH,8,40,40,0,kn,FPS-KA-RAI-0003
RC-KA-000444,Harish Shetty,PHH,3,15,10,5,en,FPS-KA-RAI-0004
RC-KA-000445,Naveen Kumar,PHH,7,35,20,15,kn,FPS-KA-RAI-0005
RC-KA-000446,Aarav Hegde,PHH,8,40,20,20,kn,FPS-KA-RAI-0006
RC-KA-000447,Lakshmi Sharma,PHH,6,30,25,5,kn,FPS-KA-RAI-0007
RC-KA-000448,Rahul Patil,PHH,5,25,25,0,en,FPS-KA-RAI-0008
RC-KA-000449,Shankar Rao,PHH,8,40,20,20,en,FPS-KA-RAI-0009
RC-KA-000450,Bhavana Joshi,PHH,4,20,0,20,kn,FPS-KA-RAI-0010
RC-KA-000451,Deepa Patil,PHH,7,35,10,25,hi,FPS-KA-RAI-0011
RC-KA-000452,Harish Kulkarni,PHH,2,10,0,10,kn,FPS-KA-RAI-0012
RC-KA-000453,Lakshmi Joshi,PHH,3,15,15,0,kn,FPS-KA-RAI-0013
RC-KA-000454,Naveen Reddy,PHH,8,40,0,40,hi,FPS-KA-RAI-0014
RC-KA-000455,Kiran Hegde,PHH,6,30,25,5,kn,FPS-KA-RAI-0015
RC-KA-000456,Harish Joshi,PHH,3,15,15,0,en,FPS-KA-RAI-0016
RC-KA-000457,Sanjay Poojary,PHH,6,30,25,5,hi,FPS-KA-RAI-0017
RC-KA-000458,Deepa Naik,PHH,5,25,20,5,kn,FPS-KA-RAI-0018
RC-KA-000459,Ganesh Rao,PHH,5,25,5,20,en,FPS-KA-RAI-0019
RC-KA-000460,Rekha Desai,PHH,5,25,25,0,kn,FPS-KA-RAI-0020
RC-KA-000461,Vijay Nayak,PHH,6,30,15,15,kn,FPS-KA-RAM-0001
RC-KA-000462,Ravi Joshi,PHH,5,25,10,15,kn,FPS-KA-RAM-0002
RC-KA-000463,Shalini Rao,PHH,7,35,30,5,hi,FPS-KA-RAM-0003
RC-KA-000464,Rekha Gowda,PHH,3,15,10,5,kn,FPS-KA-RAM-0004
RC-KA-000465,Sanjay Desai,PHH,6,30,15,15,kn,FPS-KA-RAM-0005
RC-KA-000466,Divya Nayak,PHH,4,20,5,15,hi,FPS-KA-RAM-0006
RC-KA-000467,Sanjay Sharma,PHH,5,25,5,20,kn,FPS-KA-RAM-0007
RC-KA-000468,Swathi Joshi,PHH,4,20,5,15,kn,FPS-KA-RAM-0008
RC-KA-000469,Lakshmi Hegde,PHH,4,20,5,15,kn,FPS-KA-RAM-0009
RC-KA-000470,Arjun Patil,PHH,8,40,5,35,kn,FPS-KA-RAM-0010
RC-KA-000471,Swathi Nayak,PHH,3,15,15,0,kn,FPS-KA-RAM-0011
RC-KA-000472,Shalini Naik,PHH,8,40,35,5,kn,FPS-KA-RAM-0012
RC-KA-000473,Vijay Rao,PHH,6,30,10,20,kn,FPS-KA-RAM-0013
RC-KA-000474,Pooja Bhat,PHH,2,10,10,0,kn,FPS-KA-RAM-0014
RC-KA-000475,Sneha Shetty,PHH,1,5,0,5,kn,FPS-KA-RAM-0015
RC-KA-000476,Bhavana Nayak,PHH,1,5,5,0,hi,FPS-KA-RAM-0016
RC-KA-000477,Prakash Sharma,PHH,5,25,0,25,kn,FPS-KA-RAM-0017
RC-KA-000478,Rahul Joshi,PHH,2,10,5,5,kn,FPS-KA-RAM-0018
RC-KA-000479,Manoj Naik,PHH,8,40,10,30,en,FPS-KA-RAM-0019
RC-KA-000480,Sanjay Desai,PHH,4,20,0,20,kn,FPS-KA-RAM-0020
RC-KA-000481,Sanjay Hegde,PHH,5,25,25,0,kn,FPS-KA-SHI-0001
RC-KA-000482,Chetan Shetty,PHH,5,25,20,5,kn,FPS-KA-SHI-0002
RC-KA-000483,Akash Kulkarni,PHH,7,35,30,5,kn,FPS-KA-SHI-0003
RC-KA-000484,Meena Hegde,PHH,2,10,0,10,en,FPS-KA-SHI-0004
RC-KA-000485,Deepa Desai,PHH,4,20,0,20,kn,FPS-KA-SHI-0005
RC-KA-000486,Sanjay Sharma,PHH,5,25,10,15,kn,FPS-KA-SHI-0006
RC-KA-000487,Rekha Reddy,PHH,1,5,5,0,kn,FPS-KA-SHI-0007
RC-KA-000488,Bhavana Kulkarni,PHH,1,5,0,5,kn,FPS-KA-SHI-0008
RC-KA-000489,Vijay Naik,PHH,5,25,25,0,kn,FPS-KA-SHI-0009
RC-KA-000490,Arjun Desai,PHH,6,30,20,10,kn,FPS-KA-SHI-0010
RC-KA-000491,Priya Hegde,PHH,3,15,15,0,hi,FPS-KA-SHI-0011
RC-KA-000492,Shankar Poojary,PHH,7,35,35,0,hi,FPS-KA-SHI-0012
RC-KA-000493,Priya Kumar,PHH,4,20,5,15,kn,FPS-KA-SHI-0013
RC-KA-000494,Rekha Hegde,PHH,2,10,10,0,kn,FPS-KA-SHI-0014
RC-KA-000495,Sneha Joshi,PHH,2,10,10,0,kn,FPS-KA-SHI-0015
RC-KA-000496,Bhavana Hegde,PHH,4,20,20,0,kn,FPS-KA-SHI-0016
RC-KA-000497,Rekha Sharma,PHH,8,40,5,35,kn,FPS-KA-SHI-0017
RC-KA-000498,Manoj Rao,PHH,8,40,5,35,en,FPS-KA-SHI-0018
RC-KA-000499,Lakshmi Desai,PHH,1,5,5,0,kn,FPS-KA-SHI-0019
RC-KA-000500,Ganesh Bhat,PHH,1,5,5,0,kn,FPS-KA-SHI-0020
RC-KA-000501,Aarav Bhat,PHH,1,5,5,0,kn,FPS-KA-TUM-0001
RC-KA-000502,Lakshmi Hegde,PHH,4,20,20,0,kn,FPS-KA-TUM-0002
RC-KA-000503,Vijay Nayak,PHH,2,10,10,0,en,FPS-KA-TUM-0003
RC-KA-000504,Lakshmi Shetty,PHH,2,10,5,5,kn,FPS-KA-TUM-0004
RC-KA-000505,Swathi Kulkarni,PHH,3,15,15,0,kn,FPS-KA-TUM-0005
RC-KA-000506,Ravi Poojary,PHH,8,40,30,10,kn,FPS-KA-TUM-0006
RC-KA-000507,Pooja Kulkarni,PHH,3,15,10,5,kn,FPS-KA-TUM-0007
RC-KA-000508,Shalini Patil,PHH,3,15,5,10,hi,FPS-KA-TUM-0008
RC-KA-000509,Pooja Kulkarni,PHH,5,25,15,10,kn,FPS-KA-TUM-0009
RC-KA-000510,Kavya Shetty,PHH,7,35,15,20,kn,FPS-KA-TUM-0010
RC-KA-000511,Sanjay Rao,PHH,5,25,5,20,en,FPS-KA-TUM-0011
RC-KA-000512,Lakshmi Sharma,PHH,2,10,0,10,hi,FPS-KA-TUM-0012
RC-KA-000513,Ananya Sharma,PHH,1,5,0,5,kn,FPS-KA-TUM-0013
RC-KA-000514,Rekha Kumar,PHH,1,5,5,0,kn,FPS-KA-TUM-0014
RC-KA-000515,Kiran Desai,PHH,1,5,0,5,hi,FPS-KA-TUM-0015
RC-KA-000516,Suresh Rao,PHH,4,20,20,0,kn,FPS-KA-TUM-0016
RC-KA-000517,Ganesh Reddy,PHH,1,5,0,5,kn,FPS-KA-TUM-0017
RC-KA-000518,Ravi Kumar,PHH,6,30,20,10,kn,FPS-KA-TUM-0018
RC-KA-000519,Arjun Poojary,PHH,6,30,5,25,kn,FPS-KA-TUM-0019
RC-KA-000520,Aditi Joshi,PHH,4,20,15,5,kn,FPS-KA-TUM-0020
RC-KA-000521,Aditi Hegde,PHH,3,15,15,0,kn,FPS-KA-UDP-0001
RC-KA-000522,Lakshmi Shetty,PHH,7,35,25,10,kn,FPS-KA-UDP-0002
RC-KA-000523,Pooja Desai,PHH,5,25,15,10,kn,FPS-KA-UDP-0003
RC-KA-000524,Rekha Shetty,PHH,4,20,5,15,kn,FPS-KA-UDP-0004
RC-KA-000525,Lakshmi Joshi,PHH,8,40,0,40,kn,FPS-KA-UDP-0005
RC-KA-000526,Chetan Hegde,PHH,3,15,15,0,kn,FPS-KA-UDP-0006
RC-KA-000527,Akash Joshi,PHH,2,10,5,5,hi,FPS-KA-UDP-0007
RC-KA-000528,Ravi Sharma,PHH,4,20,0,20,kn,FPS-KA-UDP-0008
RC-KA-000529,Shalini Sharma,PHH,1,5,0,5,kn,FPS-KA-UDP-0009
RC-KA-000530,Vijay Hegde,PHH,4,20,15,5,kn,FPS-KA-UDP-0010
RC-KA-000531,Chetan Bhat,PHH,5,25,0,25,kn,FPS-KA-UDP-0011
RC-KA-000532,Meena Nayak,PHH,2,10,10,0,en,FPS-KA-UDP-0012
RC-KA-000533,Kiran Nayak,PHH,4,20,20,0,hi,FPS-KA-UDP-0013
RC-KA-000534,Ganesh Kulkarni,PHH,4,20,20,0,kn,FPS-KA-UDP-0014
RC-KA-000535,Ganesh Naik,PHH,8,40,40,0,kn,FPS-KA-UDP-0015
RC-KA-000536,Manoj Gowda,PHH,6,30,20,10,en,FPS-KA-UDP-0016
RC-KA-000537,Kavya Hegde,PHH,8,40,25,15,en,FPS-KA-UDP-0017
RC-KA-000538,Deepa Bhat,PHH,7,35,0,35,kn,FPS-KA-UDP-0018
RC-KA-000539,Vijay Sharma,PHH,3,15,0,15,kn,FPS-KA-UDP-0019
RC-KA-000540,Harish Reddy,PHH,7,35,20,15,kn,FPS-KA-UDP-0020
RC-KA-000541,Rahul Poojary,PHH,7,35,15,20,kn,FPS-KA-UK-0001
RC-KA-000542,Meena Bhat,PHH,6,30,10,20,hi,FPS-KA-UK-0002
RC-KA-000543,Shankar Hegde,PHH,8,40,35,5,kn,FPS-KA-UK-0003
RC-KA-000544,Meena Shetty,PHH,3,15,5,10,hi,FPS-KA-UK-0004
RC-KA-000545,Akash Kumar,PHH,1,5,0,5,hi,FPS-KA-UK-0005
RC-KA-000546,Sneha Poojary,PHH,1,5,0,5,kn,FPS-KA-UK-0006
RC-KA-000547,Aarav Reddy,PHH,4,20,0,20,hi,FPS-KA-UK-0007
RC-KA-000548,Rahul Poojary,PHH,8,40,25,15,kn,FPS-KA-UK-0008
RC-KA-000549,Pooja Joshi,PHH,8,40,35,5,kn,FPS-KA-UK-0009
RC-KA-000550,Sanjay Naik,PHH,7,35,0,35,kn,FPS-KA-UK-0010
RC-KA-000551,Rekha Poojary,PHH,5,25,0,25,kn,FPS-KA-UK-0011
RC-KA-000552,Ananya Joshi,PHH,7,35,10,25,kn,FPS-KA-UK-0012
RC-KA-000553,Naveen Naik,PHH,3,15,5,10,kn,FPS-KA-UK-0013
RC-KA-000554,Akash Hegde,PHH,6,30,10,20,hi,FPS-KA-UK-0014
RC-KA-000555,Rekha Reddy,PHH,7,35,35,0,kn,FPS-KA-UK-0015
RC-KA-000556,Akash Poojary,PHH,5,25,25,0,hi,FPS-KA-UK-0016
RC-KA-000557,Kiran Joshi,PHH,1,5,0,5,kn,FPS-KA-UK-0017
RC-KA-000558,Rekha Shetty,PHH,8,40,0,40,kn,FPS-KA-UK-0018
RC-KA-000559,Rahul Rao,PHH,2,10,5,5,hi,FPS-KA-UK-0019
RC-KA-000560,Ananya Nayak,PHH,6,30,20,10,en,FPS-KA-UK-0020
RC-KA-000561,Suresh Bhat,PHH,1,5,0,5,kn,FPS-KA-VIJ-0001
RC-KA-000562,Akash Poojary,PHH,8,40,20,20,kn,FPS-KA-VIJ-0002
RC-KA-000563,Aditi Shetty,PHH,5,25,20,5,kn,FPS-KA-VIJ-0003
RC-KA-000564,Prakash Shetty,PHH,6,30,0,30,en,FPS-KA-VIJ-0004
RC-KA-000565,Prakash Reddy,PHH,7,35,5,30,kn,FPS-KA-VIJ-0005
RC-KA-000566,Sanjay Shetty,PHH,7,35,25,10,kn,FPS-KA-VIJ-0006
RC-KA-000567,Kavya Patil,PHH,2,10,10,0,hi,FPS-KA-VIJ-0007
RC-KA-000568,Akash Hegde,PHH,2,10,5,5,kn,FPS-KA-VIJ-0008
RC-KA-000569,Divya Rao,PHH,7,35,25,10,kn,FPS-KA-VIJ-0009
RC-KA-000570,Pooja Kulkarni,PHH,8,40,35,5,kn,FPS-KA-VIJ-0010
RC-KA-000571,Ravi Kulkarni,PHH,7,35,10,25,kn,FPS-KA-VIJ-0011
RC-KA-000572,Deepa Bhat,PHH,2,10,10,0,kn,FPS-KA-VIJ-0012
RC-KA-000573,Kiran Bhat,PHH,2,10,0,10,kn,FPS-KA-VIJ-0013
RC-KA-000574,Ananya Gowda,PHH,3,15,15,0,kn,FPS-KA-VIJ-0014
RC-KA-000575,Shalini Naik,PHH,1,5,5,0,kn,FPS-KA-VIJ-0015
RC-KA-000576,Lakshmi Desai,PHH,2,10,0,10,kn,FPS-KA-VIJ-0016
RC-KA-000577,Kavya Joshi,PHH,7,35,5,30,kn,FPS-KA-VIJ-0017
RC-KA-000578,Harish Kumar,PHH,2,10,10,0,kn,FPS-KA-VIJ-0018
RC-KA-000579,Kiran Rao,PHH,7,35,0,35,kn,FPS-KA-VIJ-0019
RC-KA-000580,Swathi Reddy,PHH,2,10,10,0,en,FPS-KA-VIJ-0020
RC-KA-000581,Divya Naik,PHH,3,15,15,0,kn,FPS-KA-VIG-0001
RC-KA-000582,Bhavana Kulkarni,PHH,5,25,15,10,kn,FPS-KA-VIG-0002
RC-KA-000583,Shankar Gowda,PHH,5,25,15,10,kn,FPS-KA-VIG-0003
RC-KA-000584,Sanjay Poojary,PHH,6,30,10,20,en,FPS-KA-VIG-0004
RC-KA-000585,Arjun Naik,PHH,8,40,15,25,kn,FPS-KA-VIG-0005
RC-KA-000586,Priya Kulkarni,PHH,1,5,5,0,kn,FPS-KA-VIG-0006
RC-KA-000587,Sneha Kumar,PHH,6,30,15,15,kn,FPS-KA-VIG-0007
RC-KA-000588,Rekha Reddy,PHH,3,15,10,5,kn,FPS-KA-VIG-0008
RC-KA-000589,Kiran Hegde,PHH,8,40,25,15,kn,FPS-KA-VIG-0009
RC-KA-000590,Meena Sharma,PHH,5,25,25,0,kn,FPS-KA-VIG-0010
RC-KA-000591,Sneha Rao,PHH,4,20,10,10,kn,FPS-KA-VIG-0011
RC-KA-000592,Prakash Reddy,PHH,7,35,25,10,kn,FPS-KA-VIG-0012
RC-KA-000593,Manoj Bhat,PHH,3,15,0,15,en,FPS-KA-VIG-0013
RC-KA-000594,Sneha Bhat,PHH,4,20,15,5,hi,FPS-KA-VIG-0014
RC-KA-000595,Arjun Poojary,PHH,2,10,5,5,kn,FPS-KA-VIG-0015
RC-KA-000596,Arjun Bhat,PHH,5,25,5,20,kn,FPS-KA-VIG-0016
RC-KA-000597,Priya Desai,PHH,7,35,30,5,kn,FPS-KA-VIG-0017
RC-KA-000598,Shankar Hegde,PHH,7,35,30,5,kn,FPS-KA-VIG-0018
RC-KA-000599,Ravi Poojary,PHH,2,10,0,10,hi,FPS-KA-VIG-0019
RC-KA-000600,Aditi Sharma,PHH,6,30,5,25,kn,FPS-KA-VIG-0020
RC-KA-000601,Lakshmi Gowda,PHH,7,35,25,10,en,FPS-KA-YAD-0001
RC-KA-000602,Naveen Bhat,PHH,1,5,0,5,kn,FPS-KA-YAD-0002
RC-KA-000603,Manoj Rao,PHH,4,20,15,5,kn,FPS-KA-YAD-0003
RC-KA-000604,Meena Gowda,PHH,3,15,10,5,en,FPS-KA-YAD-0004
RC-KA-000605,Akash Gowda,PHH,5,25,15,10,en,FPS-KA-YAD-0005
RC-KA-000606,Manoj Rao,PHH,3,15,10,5,kn,FPS-KA-YAD-0006
RC-KA-000607,Meena Gowda,PHH,4,20,20,0,kn,FPS-KA-YAD-0007
RC-KA-000608,Ganesh Patil,PHH,8,40,35,5,kn,FPS-KA-YAD-0008
RC-KA-000609,Rahul Gowda,PHH,2,10,0,10,hi,FPS-KA-YAD-0009
RC-KA-000610,Pooja Shetty,PHH,3,15,5,10,kn,FPS-KA-YAD-0010
RC-KA-000611,Manoj Reddy,PHH,6,30,20,10,kn,FPS-KA-YAD-0011
RC-KA-000612,Ravi Kulkarni,PHH,7,35,10,25,kn,FPS-KA-YAD-0012
RC-KA-000613,Swathi Reddy,PHH,7,35,0,35,hi,FPS-KA-YAD-0013
RC-KA-000614,Rekha Reddy,PHH,8,40,30,10,kn,FPS-KA-YAD-0014
RC-KA-000615,Shankar Rao,PHH,4,20,10,10,hi,FPS-KA-YAD-0015
RC-KA-000616,Suresh Joshi,PHH,2,10,10,0,kn,FPS-KA-YAD-0016
RC-KA-000617,Manoj Gowda,PHH,3,15,10,5,kn,FPS-KA-YAD-0017
RC-KA-000618,Naveen Poojary,PHH,5,25,25,0,en,FPS-KA-YAD-0018
RC-KA-000619,Kiran Sharma,PHH,6,30,20,10,kn,FPS-KA-YAD-0019
RC-KA-000620,Manoj Sharma,PHH,2,10,5,5,kn,FPS-KA-YAD-0020
RC-KA-000621,Prakash Gowda,PHH,3,15,10,5,en,FPS-KA-BAG-0001
RC-KA-000622,Ganesh Gowda,PHH,3,15,10,5,kn,FPS-KA-BAG-0002
RC-KA-000623,Naveen Kulkarni,PHH,3,15,10,5,kn,FPS-KA-BAG-0003
RC-KA-000624,Lakshmi Shetty,PHH,7,35,10,25,kn,FPS-KA-BAG-0004
RC-KA-000625,Rahul Nayak,PHH,8,40,40,0,kn,FPS-KA-BAG-0005
RC-KA-000626,Arjun Shetty,PHH,3,15,5,10,kn,FPS-KA-BAG-0006
RC-KA-000627,Aditi Kumar,PHH,6,30,30,0,kn,FPS-KA-BAG-0007
RC-KA-000628,Chetan Kumar,PHH,6,30,0,30,kn,FPS-KA-BAG-0008
RC-KA-000629,Meena Kulkarni,PHH,7,35,35,0,kn,FPS-KA-BAG-0009
RC-KA-000630,Prakash Patil,PHH,8,40,35,5,kn,FPS-KA-BAG-0010
RC-KA-000631,Deepa Joshi,PHH,4,20,10,10,kn,FPS-KA-BAG-0011
RC-KA-000632,Prakash Bhat,PHH,5,25,5,20,hi,FPS-KA-BAG-0012
RC-KA-000633,Prakash Gowda,PHH,8,40,40,0,kn,FPS-KA-BAG-0013
RC-KA-000634,Kavya Joshi,PHH,5,25,20,5,hi,FPS-KA-BAG-0014
RC-KA-000635,Lakshmi Gowda,PHH,1,5,5,0,kn,FPS-KA-BAG-0015
RC-KA-000636,Aditi Desai,PHH,4,20,10,10,en,FPS-KA-BAG-0016
RC-KA-000637,Akash Desai,PHH,5,25,10,15,en,FPS-KA-BAG-0017
RC-KA-000638,Sanjay Sharma,PHH,2,10,0,10,kn,FPS-KA-BAG-0018
RC-KA-000639,Rahul Kulkarni,PHH,6,30,30,0,hi,FPS-KA-BAG-0019
RC-KA-000640,Sneha Reddy,PHH,3,15,5,10,hi,FPS-KA-BAG-0020
RC-KA-000641,Priya Joshi,PHH,1,5,5,0,kn,FPS-KA-BAL-0001
RC-KA-000642,Ganesh Naik,PHH,3,15,10,5,en,FPS-KA-BAL-0002
RC-KA-000643,Ravi Kumar,PHH,5,25,20,5,en,FPS-KA-BAL-0003
RC-KA-000644,Shankar Kulkarni,PHH,2,10,0,10,en,FPS-KA-BAL-0004
RC-KA-000645,Arjun Bhat,PHH,1,5,5,0,en,FPS-KA-BAL-0005
RC-KA-000646,Harish Kumar,PHH,3,15,5,10,kn,FPS-KA-BAL-0006
RC-KA-000647,Prakash Poojary,PHH,4,20,15,5,kn,FPS-KA-BAL-0007
RC-KA-000648,Manoj Gowda,PHH,5,25,25,0,kn,FPS-KA-BAL-0008
RC-KA-000649,Divya Bhat,PHH,2,10,5,5,kn,FPS-KA-BAL-0009
RC-KA-000650,Harish Sharma,PHH,6,30,15,15,en,FPS-KA-BAL-0010
RC-KA-000651,Manoj Poojary,PHH,1,5,0,5,hi,FPS-KA-BAL-0011
RC-KA-000652,Pooja Kulkarni,PHH,6,30,30,0,kn,FPS-KA-BAL-0012
RC-KA-000653,Meena Naik,PHH,4,20,15,5,hi,FPS-KA-BAL-0013
RC-KA-000654,Pooja Sharma,PHH,6,30,30,0,kn,FPS-KA-BAL-0014
RC-KA-000655,Swathi Poojary,PHH,3,15,15,0,hi,FPS-KA-BAL-0015
RC-KA-000656,Shankar Kumar,PHH,1,5,0,5,kn,FPS-KA-BAL-0016
RC-KA-000657,Suresh Shetty,PHH,8,40,0,40,kn,FPS-KA-BAL-0017
RC-KA-000658,Lakshmi Reddy,PHH,8,40,35,5,kn,FPS-KA-BAL-0018
RC-KA-000659,Vijay Nayak,PHH,3,15,10,5,kn,FPS-KA-BAL-0019
RC-KA-000660,Divya Gowda,PHH,5,25,0,25,kn,FPS-KA-BAL-0020
RC-KA-000661,Bhavana Patil,PHH,6,30,25,5,en,FPS-KA-BEL-0001
RC-KA-000662,Shalini Reddy,PHH,7,35,20,15,hi,FPS-KA-BEL-0002
RC-KA-000663,Aarav Reddy,PHH,7,35,5,30,hi,FPS-KA-BEL-0003
RC-KA-000664,Deepa Joshi,PHH,8,40,5,35,kn,FPS-KA-BEL-0004
RC-KA-000665,Harish Kumar,PHH,8,40,0,40,kn,FPS-KA-BEL-0005
RC-KA-000666,Meena Gowda,PHH,2,10,5,5,kn,FPS-KA-BEL-0006
RC-KA-000667,Shankar Gowda,PHH,4,20,15,5,kn,FPS-KA-BEL-0007
RC-KA-000668,Ganesh Shetty,PHH,2,10,5,5,kn,FPS-KA-BEL-0008
RC-KA-000669,Ravi Shetty,PHH,7,35,10,25,kn,FPS-KA-BEL-0009
RC-KA-000670,Priya Poojary,PHH,2,10,10,0,kn,FPS-KA-BEL-0010
RC-KA-000671,Chetan Poojary,PHH,3,15,15,0,kn,FPS-KA-BEL-0011
RC-KA-000672,Manoj Kumar,PHH,3,15,15,0,kn,FPS-KA-BEL-0012
RC-KA-000673,Arjun Rao,PHH,4,20,0,20,en,FPS-KA-BEL-0013
RC-KA-000674,Kavya Kulkarni,PHH,2,10,10,0,hi,FPS-KA-BEL-0014
RC-KA-000675,Divya Poojary,PHH,6,30,30,0,kn,FPS-KA-BEL-0015
RC-KA-000676,Priya Bhat,PHH,2,10,0,10,kn,FPS-KA-BEL-0016
RC-KA-000677,Suresh Poojary,PHH,5,25,25,0,kn,FPS-KA-BEL-0017
RC-KA-000678,Naveen Reddy,PHH,5,25,5,20,kn,FPS-KA-BEL-0018
RC-KA-000679,Shankar Nayak,PHH,7,35,20,15,kn,FPS-KA-BEL-0019
RC-KA-000680,Deepa Desai,PHH,4,20,15,5,kn,FPS-KA-BEL-0020
RC-KA-000681,Aarav Hegde,PHH,2,10,10,0,en,FPS-KA-BLR-R-0001
RC-KA-000682,Sneha Sharma,PHH,6,30,5,25,kn,FPS-KA-BLR-R-0002
RC-KA-000683,Bhavana Rao,PHH,7,35,25,10,kn,FPS-KA-BLR-R-0003
RC-KA-000684,Akash Patil,PHH,8,40,5,35,kn,FPS-KA-BLR-R-0004
RC-KA-000685,Aditi Rao,PHH,5,25,5,20,kn,FPS-KA-BLR-R-0005
RC-KA-000686,Naveen Rao,PHH,7,35,20,15,kn,FPS-KA-BLR-R-0006
RC-KA-000687,Akash Poojary,PHH,7,35,30,5,hi,FPS-KA-BLR-R-0007
RC-KA-000688,Akash Joshi,PHH,3,15,10,5,kn,FPS-KA-BLR-R-0008
RC-KA-000689,Kiran Sharma,PHH,4,20,5,15,kn,FPS-KA-BLR-R-0009
RC-KA-000690,Sanjay Kumar,PHH,2,10,5,5,kn,FPS-KA-BLR-R-0010
RC-KA-000691,Vijay Kulkarni,PHH,4,20,0,20,kn,FPS-KA-BLR-R-0011
RC-KA-000692,Aditi Naik,PHH,2,10,5,5,kn,FPS-KA-BLR-R-0012
RC-KA-000693,Arjun Bhat,PHH,3,15,0,15,kn,FPS-KA-BLR-R-0013
RC-KA-000694,Kavya Joshi,PHH,1,5,0,5,kn,FPS-KA-BLR-R-0014
RC-KA-000695,Sanjay Rao,PHH,5,25,5,20,kn,FPS-KA-BLR-R-0015
RC-KA-000696,Shalini Nayak,PHH,5,25,25,0,en,FPS-KA-BLR-R-0016
RC-KA-000697,Divya Joshi,PHH,1,5,5,0,hi,FPS-KA-BLR-R-0017
RC-KA-000698,Prakash Poojary,PHH,2,10,5,5,hi,FPS-KA-BLR-R-0018
RC-KA-000699,Kavya Patil,PHH,2,10,5,5,kn,FPS-KA-BLR-R-0019
RC-KA-000700,Divya Rao,PHH,8,40,10,30,kn,FPS-KA-BLR-R-0020
RC-KA-000701,Ananya Reddy,PHH,2,10,10,0,kn,FPS-KA-BLR-U-0001
RC-KA-000702,Aarav Reddy,PHH,1,5,0,5,en,FPS-KA-BLR-U-0002
RC-KA-000703,Vijay Shetty,PHH,1,5,5,0,kn,FPS-KA-BLR-U-0003
RC-KA-000704,Vijay Bhat,PHH,3,15,0,15,kn,FPS-KA-BLR-U-0004
RC-KA-000705,Lakshmi Nayak,PHH,7,35,15,20,kn,FPS-KA-BLR-U-0005
RC-KA-000706,Prakash Hegde,PHH,6,30,10,20,hi,FPS-KA-BLR-U-0006
RC-KA-000707,Aditi Shetty,PHH,2,10,10,0,kn,FPS-KA-BLR-U-0007
RC-KA-000708,Kiran Gowda,PHH,4,20,20,0,en,FPS-KA-BLR-U-0008
RC-KA-000709,Ganesh Hegde,PHH,8,40,20,20,hi,FPS-KA-BLR-U-0009
RC-KA-000710,Kavya Reddy,PHH,2,10,10,0,kn,FPS-KA-BLR-U-0010
RC-KA-000711,Sanjay Sharma,PHH,5,25,20,5,hi,FPS-KA-BLR-U-0011
RC-KA-000712,Meena Rao,PHH,4,20,15,5,kn,FPS-KA-BLR-U-0012
RC-KA-000713,Deepa Shetty,PHH,4,20,20,0,hi,FPS-KA-BLR-U-0013
RC-KA-000714,Pooja Hegde,PHH,1,5,5,0,kn,FPS-KA-BLR-U-0014
RC-KA-000715,Ravi Kulkarni,PHH,1,5,5,0,kn,FPS-KA-BLR-U-0015
RC-KA-000716,Deepa Kulkarni,PHH,5,25,0,25,kn,FPS-KA-BLR-U-0016
RC-KA-000717,Arjun Bhat,PHH,8,40,0,40,en,FPS-KA-BLR-U-0017
RC-KA-000718,Deepa Nayak,PHH,5,25,0,25,kn,FPS-KA-BLR-U-0018
RC-KA-000719,Sanjay Gowda,PHH,7,35,25,10,kn,FPS-KA-BLR-U-0019
RC-KA-000720,Sneha Kulkarni,PHH,2,10,10,0,kn,FPS-KA-BLR-U-0020
RC-KA-000721,Lakshmi Poojary,PHH,2,10,10,0,kn,FPS-KA-BID-0001
RC-KA-000722,Suresh Hegde,PHH,3,15,5,10,kn,FPS-KA-BID-0002
RC-KA-000723,Divya Reddy,PHH,7,35,25,10,kn,FPS-KA-BID-0003
RC-KA-000724,Shalini Sharma,PHH,2,10,0,10,kn,FPS-KA-BID-0004
RC-KA-000725,Manoj Desai,PHH,2,10,0,10,kn,FPS-KA-BID-0005
RC-KA-000726,Kavya Rao,PHH,6,30,15,15,kn,FPS-KA-BID-0006
RC-KA-000727,Divya Kumar,PHH,4,20,15,5,kn,FPS-KA-BID-0007
RC-KA-000728,Ravi Naik,PHH,2,10,0,10,kn,FPS-KA-BID-0008
RC-KA-000729,Harish Shetty,PHH,1,5,0,5,hi,FPS-KA-BID-0009
RC-KA-000730,Kavya Kulkarni,PHH,2,10,10,0,kn,FPS-KA-BID-0010
RC-KA-000731,Bhavana Patil,PHH,1,5,5,0,kn,FPS-KA-BID-0011
RC-KA-000732,Pooja Reddy,PHH,7,35,35,0,kn,FPS-KA-BID-0012
RC-KA-000733,Shankar Shetty,PHH,2,10,5,5,kn,FPS-KA-BID-0013
RC-KA-000734,Shalini Reddy,PHH,2,10,0,10,kn,FPS-KA-BID-0014
RC-KA-000735,Kavya Poojary,PHH,3,15,5,10,hi,FPS-KA-BID-0015
RC-KA-000736,Vijay Kumar,PHH,2,10,10,0,kn,FPS-KA-BID-0016
RC-KA-000737,Chetan Nayak,PHH,2,10,0,10,en,FPS-KA-BID-0017
RC-KA-000738,Suresh Kumar,PHH,8,40,10,30,kn,FPS-KA-BID-0018
RC-KA-000739,Manoj Patil,PHH,6,30,0,30,kn,FPS-KA-BID-0019
RC-KA-000740,Kiran Desai,PHH,3,15,15,0,hi,FPS-KA-BID-0020
RC-KA-000741,Bhavana Hegde,PHH,1,5,5,0,kn,FPS-KA-CHA-0001
RC-KA-000742,Manoj Nayak,PHH,4,20,5,15,kn,FPS-KA-CHA-0002
RC-KA-000743,Priya Reddy,PHH,3,15,0,15,kn,FPS-KA-CHA-0003
RC-KA-000744,Pooja Desai,PHH,5,25,15,10,kn,FPS-KA-CHA-0004
RC-KA-000745,Arjun Kulkarni,PHH,1,5,0,5,kn,FPS-KA-CHA-0005
RC-KA-000746,Shankar Joshi,PHH,4,20,20,0,kn,FPS-KA-CHA-0006
RC-KA-000747,Kavya Desai,PHH,1,5,5,0,hi,FPS-KA-CHA-0007
RC-KA-000748,Naveen Hegde,PHH,8,40,25,15,en,FPS-KA-CHA-0008
RC-KA-000749,Harish Sharma,PHH,7,35,20,15,kn,FPS-KA-CHA-0009
RC-KA-000750,Shalini Naik,PHH,4,20,0,20,en,FPS-KA-CHA-0010
RC-KA-000751,Shalini Sharma,PHH,1,5,5,0,kn,FPS-KA-CHA-0011
RC-KA-000752,Ravi Reddy,PHH,4,20,5,15,kn,FPS-KA-CHA-0012
RC-KA-000753,Vijay Bhat,PHH,5,25,20,5,hi,FPS-KA-CHA-0013
RC-KA-000754,Shankar Kulkarni,PHH,1,5,0,5,kn,FPS-KA-CHA-0014
RC-KA-000755,Bhavana Shetty,PHH,6,30,30,0,en,FPS-KA-CHA-0015
RC-KA-000756,Sanjay Bhat,PHH,4,20,20,0,kn,FPS-KA-CHA-0016
RC-KA-000757,Rekha Hegde,PHH,6,30,20,10,kn,FPS-KA-CHA-0017
RC-KA-000758,Shankar Nayak,PHH,3,15,5,10,hi,FPS-KA-CHA-0018
RC-KA-000759,Meena Patil,PHH,8,40,40,0,kn,FPS-KA-CHA-0019
RC-KA-000760,Deepa Patil,PHH,2,10,0,10,kn,FPS-KA-CHA-0020
RC-KA-000761,Priya Reddy,PHH,8,40,0,40,kn,FPS-KA-CHB-0001
RC-KA-000762,Vijay Rao,PHH,3,15,10,5,hi,FPS-KA-CHB-0002
RC-KA-000763,Prakash Bhat,PHH,6,30,0,30,kn,FPS-KA-CHB-0003
RC-KA-000764,Suresh Hegde,PHH,3,15,0,15,hi,FPS-KA-CHB-0004
RC-KA-000765,Ravi Kulkarni,PHH,2,10,5,5,hi,FPS-KA-CHB-0005
RC-KA-000766,Arjun Shetty,PHH,2,10,5,5,kn,FPS-KA-CHB-0006
RC-KA-000767,Bhavana Bhat,PHH,7,35,35,0,kn,FPS-KA-CHB-0007
RC-KA-000768,Sneha Shetty,PHH,6,30,5,25,kn,FPS-KA-CHB-0008
RC-KA-000769,Ganesh Shetty,PHH,7,35,20,15,hi,FPS-KA-CHB-0009
RC-KA-000770,Prakash Kulkarni,PHH,3,15,0,15,en,FPS-KA-CHB-0010
RC-KA-000771,Vijay Rao,PHH,1,5,0,5,kn,FPS-KA-CHB-0011
RC-KA-000772,Meena Shetty,PHH,4,20,20,0,kn,FPS-KA-CHB-0012
RC-KA-000773,Kavya Hegde,PHH,6,30,25,5,kn,FPS-KA-CHB-0013
RC-KA-000774,Ravi Poojary,PHH,3,15,0,15,hi,FPS-KA-CHB-0014
RC-KA-000775,Chetan Reddy,PHH,6,30,15,15,kn,FPS-KA-CHB-0015
RC-KA-000776,Ananya Bhat,PHH,2,10,5,5,kn,FPS-KA-CHB-0016
RC-KA-000777,Sanjay Kulkarni,PHH,1,5,0,5,kn,FPS-KA-CHB-0017
RC-KA-000778,Kiran Hegde,PHH,3,15,15,0,kn,FPS-KA-CHB-0018
RC-KA-000779,Shankar Kumar,PHH,7,35,5,30,hi,FPS-KA-CHB-0019
RC-KA-000780,Shankar Kumar,PHH,4,20,5,15,kn,FPS-KA-CHB-0020
RC-KA-000781,Divya Gowda,PHH,1,5,5,0,kn,FPS-KA-CHK-0001
RC-KA-000782,Kiran Shetty,PHH,2,10,5,5,kn,FPS-KA-CHK-0002
RC-KA-000783,Akash Hegde,PHH,2,10,10,0,en,FPS-KA-CHK-0003
RC-KA-000784,Rahul Shetty,PHH,8,40,0,40,kn,FPS-KA-CHK-0004
RC-KA-000785,Harish Reddy,PHH,7,35,10,25,kn,FPS-KA-CHK-0005
RC-KA-000786,Sanjay Nayak,PHH,4,20,15,5,kn,FPS-KA-CHK-0006
RC-KA-000787,Deepa Gowda,PHH,5,25,25,0,kn,FPS-KA-CHK-0007
RC-KA-000788,Sneha Desai,PHH,1,5,5,0,kn,FPS-KA-CHK-0008
RC-KA-000789,Lakshmi Gowda,PHH,3,15,0,15,kn,FPS-KA-CHK-0009
RC-KA-000790,Meena Reddy,PHH,5,25,25,0,kn,FPS-KA-CHK-0010
RC-KA-000791,Rahul Naik,PHH,2,10,0,10,kn,FPS-KA-CHK-0011
RC-KA-000792,Ganesh Rao,PHH,2,10,5,5,hi,FPS-KA-CHK-0012
RC-KA-000793,Ravi Naik,PHH,7,35,35,0,kn,FPS-KA-CHK-0013
RC-KA-000794,Bhavana Hegde,PHH,2,10,10,0,kn,FPS-KA-CHK-0014
RC-KA-000795,Aditi Naik,PHH,7,35,25,10,kn,FPS-KA-CHK-0015
RC-KA-000796,Sneha Naik,PHH,8,40,35,5,kn,FPS-KA-CHK-0016
RC-KA-000797,Ravi Gowda,PHH,1,5,0,5,hi,FPS-KA-CHK-0017
RC-KA-000798,Pooja Kulkarni,PHH,2,10,10,0,kn,FPS-KA-CHK-0018
RC-KA-000799,Kiran Kumar,PHH,4,20,20,0,kn,FPS-KA-CHK-0019
RC-KA-000800,Deepa Desai,PHH,7,35,35,0,kn,FPS-KA-CHK-0020
RC-KA-000801,Suresh Bhat,PHH,5,25,0,25,kn,FPS-KA-CHI-0001
RC-KA-000802,Shalini Desai,PHH,1,5,0,5,kn,FPS-KA-CHI-0002
RC-KA-000803,Shankar Reddy,PHH,3,15,5,10,en,FPS-KA-CHI-0003
RC-KA-000804,Ravi Kulkarni,PHH,3,15,0,15,kn,FPS-KA-CHI-0004
RC-KA-000805,Divya Hegde,PHH,4,20,5,15,hi,FPS-KA-CHI-0005
RC-KA-000806,Kiran Joshi,PHH,2,10,0,10,kn,FPS-KA-CHI-0006
RC-KA-000807,Manoj Nayak,PHH,6,30,30,0,kn,FPS-KA-CHI-0007
RC-KA-000808,Arjun Shetty,PHH,1,5,5,0,kn,FPS-KA-CHI-0008
RC-KA-000809,Ananya Rao,PHH,2,10,0,10,kn,FPS-KA-CHI-0009
RC-KA-000810,Swathi Kulkarni,PHH,5,25,20,5,en,FPS-KA-CHI-0010
RC-KA-000811,Prakash Sharma,PHH,5,25,15,10,kn,FPS-KA-CHI-0011
RC-KA-000812,Kiran Shetty,PHH,8,40,0,40,kn,FPS-KA-CHI-0012
RC-KA-000813,Swathi Hegde,PHH,7,35,0,35,kn,FPS-KA-CHI-0013
RC-KA-000814,Vijay Naik,PHH,4,20,0,20,hi,FPS-KA-CHI-0014
RC-KA-000815,Shankar Naik,PHH,6,30,0,30,kn,FPS-KA-CHI-0015
RC-KA-000816,Suresh Bhat,PHH,5,25,10,15,hi,FPS-KA-CHI-0016
RC-KA-000817,Sanjay Desai,PHH,2,10,0,10,kn,FPS-KA-CHI-0017
RC-KA-000818,Priya Poojary,PHH,6,30,10,20,hi,FPS-KA-CHI-0018
RC-KA-000819,Vijay Kumar,PHH,2,10,0,10,kn,FPS-KA-CHI-0019
RC-KA-000820,Suresh Hegde,PHH,7,35,35,0,hi,FPS-KA-CHI-0020
RC-KA-000821,Rekha Joshi,PHH,1,5,0,5,kn,FPS-KA-DK-0001
RC-KA-000822,Naveen Nayak,PHH,7,35,10,25,hi,FPS-KA-DK-0002
RC-KA-000823,Sneha Reddy,PHH,1,5,0,5,kn,FPS-KA-DK-0003
RC-KA-000824,Aditi Nayak,PHH,1,5,0,5,kn,FPS-KA-DK-0004
RC-KA-000825,Kavya Kumar,PHH,6,30,25,5,kn,FPS-KA-DK-0005
RC-KA-000826,Vijay Gowda,PHH,8,40,40,0,kn,FPS-KA-DK-0006
RC-KA-000827,Priya Desai,PHH,1,5,0,5,kn,FPS-KA-DK-0007
RC-KA-000828,Kavya Hegde,PHH,3,15,15,0,kn,FPS-KA-DK-0008
RC-KA-000829,Rekha Gowda,PHH,3,15,10,5,hi,FPS-KA-DK-0009
RC-KA-000830,Bhavana Kumar,PHH,5,25,0,25,kn,FPS-KA-DK-0010
RC-KA-000831,Ravi Reddy,PHH,4,20,5,15,kn,FPS-KA-DK-0011
RC-KA-000832,Aarav Kumar,PHH,5,25,25,0,kn,FPS-KA-DK-0012
RC-KA-000833,Rahul Shetty,PHH,1,5,5,0,en,FPS-KA-DK-0013
RC-KA-000834,Shankar Naik,PHH,1,5,0,5,kn,FPS-KA-DK-0014
RC-KA-000835,Suresh Hegde,PHH,5,25,15,10,en,FPS-KA-DK-0015
RC-KA-000836,Ganesh Poojary,PHH,8,40,20,20,kn,FPS-KA-DK-0016
RC-KA-000837,Ravi Kumar,PHH,7,35,5,30,kn,FPS-KA-DK-0017
RC-KA-000838,Priya Naik,PHH,6,30,20,10,kn,FPS-KA-DK-0018
RC-KA-000839,Akash Hegde,PHH,5,25,25,0,kn,FPS-KA-DK-0019
RC-KA-000840,Divya Naik,PHH,5,25,25,0,kn,FPS-KA-DK-0020
RC-KA-000841,Shalini Reddy,PHH,5,25,5,20,kn,FPS-KA-DAV-0001
RC-KA-000842,Ravi Shetty,PHH,1,5,5,0,kn,FPS-KA-DAV-0002
RC-KA-000843,Divya Nayak,PHH,1,5,5,0,en,FPS-KA-DAV-0003
RC-KA-000844,Aditi Sharma,PHH,7,35,30,5,kn,FPS-KA-DAV-0004
RC-KA-000845,Deepa Poojary,PHH,4,20,10,10,hi,FPS-KA-DAV-0005
RC-KA-000846,Suresh Shetty,PHH,8,40,25,15,kn,FPS-KA-DAV-0006
RC-KA-000847,Arjun Bhat,PHH,3,15,10,5,kn,FPS-KA-DAV-0007
RC-KA-000848,Shalini Nayak,PHH,5,25,25,0,hi,FPS-KA-DAV-0008
RC-KA-000849,Deepa Hegde,PHH,3,15,10,5,kn,FPS-KA-DAV-0009
RC-KA-000850,Swathi Hegde,PHH,4,20,10,10,kn,FPS-KA-DAV-0010
RC-KA-000851,Manoj Kumar,PHH,6,30,10,20,kn,FPS-KA-DAV-0011
RC-KA-000852,Rahul Sharma,PHH,2,10,5,5,kn,FPS-KA-DAV-0012
RC-KA-000853,Naveen Gowda,PHH,2,10,5,5,en,FPS-KA-DAV-0013
RC-KA-000854,Suresh Kumar,PHH,7,35,20,15,kn,FPS-KA-DAV-0014
RC-KA-000855,Harish Kulkarni,PHH,3,15,5,10,en,FPS-KA-DAV-0015
RC-KA-000856,Rekha Shetty,PHH,8,40,10,30,kn,FPS-KA-DAV-0016
RC-KA-000857,Bhavana Hegde,PHH,2,10,5,5,kn,FPS-KA-DAV-0017
RC-KA-000858,Chetan Rao,PHH,1,5,0,5,kn,FPS-KA-DAV-0018
RC-KA-000859,Shalini Rao,PHH,3,15,5,10,kn,FPS-KA-DAV-0019
RC-KA-000860,Rahul Kulkarni,PHH,2,10,0,10,kn,FPS-KA-DAV-0020
RC-KA-000861,Kiran Patil,PHH,7,35,30,5,en,FPS-KA-DHA-0001
RC-KA-000862,Aarav Nayak,PHH,1,5,0,5,hi,FPS-KA-DHA-0002
RC-KA-000863,Chetan Patil,PHH,6,30,30,0,hi,FPS-KA-DHA-0003
RC-KA-000864,Swathi Hegde,PHH,1,5,0,5,kn,FPS-KA-DHA-0004
RC-KA-000865,Naveen Sharma,PHH,5,25,5,20,kn,FPS-KA-DHA-0005
RC-KA-000866,Aditi Naik,PHH,5,25,5,20,kn,FPS-KA-DHA-0006
RC-KA-000867,Priya Joshi,PHH,5,25,15,10,hi,FPS-KA-DHA-0007
RC-KA-000868,Arjun Hegde,PHH,6,30,15,15,en,FPS-KA-DHA-0008
RC-KA-000869,Bhavana Nayak,PHH,8,40,25,15,hi,FPS-KA-DHA-0009
RC-KA-000870,Sanjay Shetty,PHH,7,35,0,35,kn,FPS-KA-DHA-0010
RC-KA-000871,Bhavana Gowda,PHH,4,20,0,20,kn,FPS-KA-DHA-0011
RC-KA-000872,Aditi Kulkarni,PHH,6,30,25,5,kn,FPS-KA-DHA-0012
RC-KA-000873,Priya Patil,PHH,5,25,20,5,kn,FPS-KA-DHA-0013
RC-KA-000874,Aditi Bhat,PHH,2,10,10,0,hi,FPS-KA-DHA-0014
RC-KA-000875,Ananya Joshi,PHH,2,10,5,5,kn,FPS-KA-DHA-0015
RC-KA-000876,Chetan Bhat,PHH,5,25,15,10,hi,FPS-KA-DHA-0016
RC-KA-000877,Ananya Poojary,PHH,1,5,5,0,kn,FPS-KA-DHA-0017
RC-KA-000878,Arjun Kulkarni,PHH,5,25,20,5,kn,FPS-KA-DHA-0018
RC-KA-000879,Ananya Naik,PHH,2,10,10,0,hi,FPS-KA-DHA-0019
RC-KA-000880,Priya Reddy,PHH,2,10,0,10,kn,FPS-KA-DHA-0020
RC-KA-000881,Kavya Bhat,PHH,5,25,20,5,en,FPS-KA-GAD-0001
RC-KA-000882,Pooja Desai,PHH,7,35,20,15,kn,FPS-KA-GAD-0002
RC-KA-000883,Aarav Patil,PHH,4,20,15,5,kn,FPS-KA-GAD-0003
RC-KA-000884,Ravi Desai,PHH,2,10,0,10,hi,FPS-KA-GAD-0004
RC-KA-000885,Akash Bhat,PHH,3,15,0,15,hi,FPS-KA-GAD-0005
RC-KA-000886,Manoj Naik,PHH,2,10,5,5,kn,FPS-KA-GAD-0006
RC-KA-000887,Sneha Shetty,PHH,5,25,15,10,kn,FPS-KA-GAD-0007
RC-KA-000888,Ravi Hegde,PHH,1,5,5,0,kn,FPS-KA-GAD-0008
RC-KA-000889,Shalini Nayak,PHH,7,35,5,30,kn,FPS-KA-GAD-0009
RC-KA-000890,Ravi Poojary,PHH,1,5,0,5,en,FPS-KA-GAD-0010
RC-KA-000891,Manoj Sharma,PHH,3,15,10,5,kn,FPS-KA-GAD-0011
RC-KA-000892,Sneha Hegde,PHH,5,25,25,0,kn,FPS-KA-GAD-0012
RC-KA-000893,Manoj Naik,PHH,3,15,0,15,kn,FPS-KA-GAD-0013
RC-KA-000894,Rahul Nayak,PHH,7,35,35,0,hi,FPS-KA-GAD-0014
RC-KA-000895,Sanjay Patil,PHH,3,15,0,15,kn,FPS-KA-GAD-0015
RC-KA-000896,Prakash Desai,PHH,3,15,0,15,kn,FPS-KA-GAD-0016
RC-KA-000897,Shalini Hegde,PHH,8,40,10,30,kn,FPS-KA-GAD-0017
RC-KA-000898,Meena Gowda,PHH,1,5,0,5,kn,FPS-KA-GAD-0018
RC-KA-000899,Divya Poojary,PHH,7,35,35,0,kn,FPS-KA-GAD-0019
RC-KA-000900,Ravi Joshi,PHH,6,30,0,30,hi,FPS-KA-GAD-0020
RC-KA-000901,Rekha Bhat,PHH,4,20,10,10,kn,FPS-KA-HAS-0001
RC-KA-000902,Deepa Desai,PHH,2,10,5,5,kn,FPS-KA-HAS-0002
RC-KA-000903,Kiran Shetty,PHH,6,30,25,5,kn,FPS-KA-HAS-0003
RC-KA-000904,Bhavana Joshi,PHH,1,5,0,5,kn,FPS-KA-HAS-0004
RC-KA-000905,Akash Rao,PHH,8,40,35,5,en,FPS-KA-HAS-0005
RC-KA-000906,Divya Patil,PHH,8,40,25,15,kn,FPS-KA-HAS-0006
RC-KA-000907,Kiran Kumar,PHH,4,20,20,0,kn,FPS-KA-HAS-0007
RC-KA-000908,Shankar Sharma,PHH,4,20,0,20,kn,FPS-KA-HAS-0008
RC-KA-000909,Manoj Hegde,PHH,8,40,5,35,en,FPS-KA-HAS-0009
RC-KA-000910,Aarav Gowda,PHH,2,10,5,5,hi,FPS-KA-HAS-0010
RC-KA-000911,Pooja Patil,PHH,7,35,30,5,kn,FPS-KA-HAS-0011
RC-KA-000912,Rahul Naik,PHH,2,10,10,0,en,FPS-KA-HAS-0012
RC-KA-000913,Kavya Kumar,PHH,4,20,15,5,en,FPS-KA-HAS-0013
RC-KA-000914,Harish Joshi,PHH,1,5,0,5,hi,FPS-KA-HAS-0014
RC-KA-000915,Ananya Gowda,PHH,8,40,25,15,hi,FPS-KA-HAS-0015
RC-KA-000916,Sneha Poojary,PHH,4,20,0,20,kn,FPS-KA-HAS-0016
RC-KA-000917,Rekha Gowda,PHH,5,25,20,5,kn,FPS-KA-HAS-0017
RC-KA-000918,Sneha Bhat,PHH,1,5,0,5,kn,FPS-KA-HAS-0018
RC-KA-000919,Chetan Reddy,PHH,7,35,5,30,kn,FPS-KA-HAS-0019
RC-KA-000920,Sneha Rao,PHH,2,10,5,5,kn,FPS-KA-HAS-0020
RC-KA-000921,Lakshmi Patil,PHH,4,20,10,10,kn,FPS-KA-HAV-0001
RC-KA-000922,Prakash Joshi,PHH,2,10,5,5,kn,FPS-KA-HAV-0002
RC-KA-000923,Sanjay Patil,PHH,3,15,15,0,kn,FPS-KA-HAV-0003
RC-KA-000924,Shalini Nayak,PHH,7,35,35,0,en,FPS-KA-HAV-0004
RC-KA-000925,Arjun Gowda,PHH,3,15,5,10,hi,FPS-KA-HAV-0005
RC-KA-000926,Kiran Kulkarni,PHH,7,35,25,10,kn,FPS-KA-HAV-0006
RC-KA-000927,Harish Naik,PHH,4,20,10,10,kn,FPS-KA-HAV-0007
RC-KA-000928,Priya Bhat,PHH,8,40,10,30,kn,FPS-KA-HAV-0008
RC-KA-000929,Harish Bhat,PHH,5,25,25,0,kn,FPS-KA-HAV-0009
RC-KA-000930,Rekha Naik,PHH,4,20,5,15,kn,FPS-KA-HAV-0010
RC-KA-000931,Rekha Poojary,PHH,6,30,25,5,kn,FPS-KA-HAV-0011
RC-KA-000932,Shalini Hegde,PHH,3,15,10,5,hi,FPS-KA-HAV-0012
RC-KA-000933,Swathi Kumar,PHH,8,40,30,10,kn,FPS-KA-HAV-0013
RC-KA-000934,Naveen Gowda,PHH,5,25,15,10,hi,FPS-KA-HAV-0014
RC-KA-000935,Ravi Patil,PHH,1,5,5,0,kn,FPS-KA-HAV-0015
RC-KA-000936,Bhavana Naik,PHH,4,20,10,10,hi,FPS-KA-HAV-0016
RC-KA-000937,Rekha Rao,PHH,5,25,5,20,hi,FPS-KA-HAV-0017
RC-KA-000938,Aditi Hegde,PHH,5,25,5,20,hi,FPS-KA-HAV-0018
RC-KA-000939,Ravi Bhat,PHH,8,40,5,35,kn,FPS-KA-HAV-0019
RC-KA-000940,Naveen Rao,PHH,4,20,20,0,kn,FPS-KA-HAV-0020
RC-KA-000941,Vijay Kulkarni,PHH,5,25,25,0,kn,FPS-KA-KAL-0001
RC-KA-000942,Ravi Hegde,PHH,7,35,30,5,en,FPS-KA-KAL-0002
RC-KA-000943,Chetan Sharma,PHH,1,5,0,5,hi,FPS-KA-KAL-0003
RC-KA-000944,Rekha Bhat,PHH,8,40,15,25,en,FPS-KA-KAL-0004
RC-KA-000945,Sanjay Sharma,PHH,6,30,30,0,kn,FPS-KA-KAL-0005
RC-KA-000946,Bhavana Poojary,PHH,4,20,5,15,kn,FPS-KA-KAL-0006
RC-KA-000947,Sanjay Joshi,PHH,2,10,0,10,en,FPS-KA-KAL-0007
RC-KA-000948,Divya Joshi,PHH,2,10,5,5,kn,FPS-KA-KAL-0008
RC-KA-000949,Suresh Naik,PHH,5,25,5,20,kn,FPS-KA-KAL-0009
RC-KA-000950,Vijay Shetty,PHH,1,5,5,0,kn,FPS-KA-KAL-0010
RC-KA-000951,Priya Patil,PHH,1,5,0,5,en,FPS-KA-KAL-0011
RC-KA-000952,Pooja Hegde,PHH,5,25,15,10,hi,FPS-KA-KAL-0012
RC-KA-000953,Deepa Shetty,PHH,2,10,10,0,kn,FPS-KA-KAL-0013
RC-KA-000954,Pooja Joshi,PHH,2,10,10,0,kn,FPS-KA-KAL-0014
RC-KA-000955,Swathi Reddy,PHH,7,35,5,30,kn,FPS-KA-KAL-0015
RC-KA-000956,Chetan Rao,PHH,6,30,10,20,kn,FPS-KA-KAL-0016
RC-KA-000957,Rahul Patil,PHH,8,40,40,0,hi,FPS-KA-KAL-0017
RC-KA-000958,Deepa Nayak,PHH,2,10,10,0,kn,FPS-KA-KAL-0018
RC-KA-000959,Harish Kulkarni,PHH,4,20,0,20,kn,FPS-KA-KAL-0019
RC-KA-000960,Sanjay Naik,PHH,2,10,5,5,kn,FPS-KA-KAL-0020
RC-KA-000961,Naveen Desai,PHH,1,5,5,0,kn,FPS-KA-KOD-0001
RC-KA-000962,Rahul Reddy,PHH,8,40,0,40,kn,FPS-KA-KOD-0002
RC-KA-000963,Ananya Shetty,PHH,6,30,20,10,kn,FPS-KA-KOD-0003
RC-KA-000964,Rahul Rao,PHH,1,5,0,5,kn,FPS-KA-KOD-0004
RC-KA-000965,Chetan Joshi,PHH,4,20,15,5,hi,FPS-KA-KOD-0005
RC-KA-000966,Arjun Patil,PHH,7,35,5,30,hi,FPS-KA-KOD-0006
RC-KA-000967,Akash Patil,PHH,8,40,25,15,kn,FPS-KA-KOD-0007
RC-KA-000968,Prakash Kumar,PHH,3,15,10,5,kn,FPS-KA-KOD-0008
RC-KA-000969,Manoj Poojary,PHH,4,20,10,10,kn,FPS-KA-KOD-0009
RC-KA-000970,Kiran Poojary,PHH,7,35,30,5,kn,FPS-KA-KOD-0010
RC-KA-000971,Sanjay Sharma,PHH,2,10,10,0,kn,FPS-KA-KOD-0011
RC-KA-000972,Rekha Kumar,PHH,2,10,10,0,kn,FPS-KA-KOD-0012
RC-KA-000973,Ananya Naik,PHH,2,10,5,5,en,FPS-KA-KOD-0013
RC-KA-000974,Shalini Nayak,PHH,5,25,20,5,kn,FPS-KA-KOD-0014
RC-KA-000975,Ravi Patil,PHH,8,40,30,10,kn,FPS-KA-KOD-0015
RC-KA-000976,Arjun Bhat,PHH,8,40,10,30,kn,FPS-KA-KOD-0016
RC-KA-000977,Arjun Naik,PHH,7,35,20,15,en,FPS-KA-KOD-0017
RC-KA-000978,Pooja Shetty,PHH,6,30,0,30,kn,FPS-KA-KOD-0018
RC-KA-000979,Priya Kulkarni,PHH,2,10,0,10,kn,FPS-KA-KOD-0019
RC-KA-000980,Sanjay Nayak,PHH,2,10,5,5,kn,FPS-KA-KOD-0020
RC-KA-000981,Rahul Kumar,PHH,6,30,5,25,kn,FPS-KA-KOL-0001
RC-KA-000982,Priya Kumar,PHH,3,15,5,10,kn,FPS-KA-KOL-0002
RC-KA-000983,Ravi Rao,PHH,5,25,5,20,kn,FPS-KA-KOL-0003
RC-KA-000984,Akash Naik,PHH,1,5,5,0,kn,FPS-KA-KOL-0004
RC-KA-000985,Sanjay Sharma,PHH,2,10,5,5,kn,FPS-KA-KOL-0005
RC-KA-000986,Ravi Poojary,PHH,8,40,25,15,kn,FPS-KA-KOL-0006
RC-KA-000987,Akash Nayak,PHH,4,20,0,20,kn,FPS-KA-KOL-0007
RC-KA-000988,Harish Sharma,PHH,4,20,10,10,kn,FPS-KA-KOL-0008
RC-KA-000989,Prakash Sharma,PHH,5,25,25,0,kn,FPS-KA-KOL-0009
RC-KA-000990,Lakshmi Shetty,PHH,6,30,30,0,kn,FPS-KA-KOL-0010
RC-KA-000991,Deepa Bhat,PHH,1,5,5,0,kn,FPS-KA-KOL-0011
RC-KA-000992,Arjun Poojary,PHH,7,35,20,15,hi,FPS-KA-KOL-0012
RC-KA-000993,Kavya Rao,PHH,6,30,15,15,kn,FPS-KA-KOL-0013
RC-KA-000994,Bhavana Poojary,PHH,5,25,15,10,kn,FPS-KA-KOL-0014
RC-KA-000995,Arjun Nayak,PHH,2,10,5,5,en,FPS-KA-KOL-0015
RC-KA-000996,Rahul Gowda,PHH,4,20,10,10,hi,FPS-KA-KOL-0016
RC-KA-000997,Rahul Patil,PHH,2,10,0,10,hi,FPS-KA-KOL-0017
RC-KA-000998,Pooja Naik,PHH,7,35,15,20,en,FPS-KA-KOL-0018
RC-KA-000999,Deepa Nayak,PHH,8,40,10,30,kn,FPS-KA-KOL-0019
RC-KA-001000,Naveen Gowda,PHH,5,25,5,20,kn,FPS-KA-KOL-0020
RC-KA-001001,Ravi Reddy,PHH,7,35,25,10,kn,FPS-KA-KOP-0001
RC-KA-001002,Bhavana Sharma,PHH,3,15,5,10,kn,FPS-KA-KOP-0002
RC-KA-001003,Aditi Reddy,PHH,3,15,15,0,en,FPS-KA-KOP-0003
RC-KA-001004,Kavya Reddy,PHH,8,40,15,25,kn,FPS-KA-KOP-0004
RC-KA-001005,Shankar Hegde,PHH,1,5,0,5,kn,FPS-KA-KOP-0005
RC-KA-001006,Swathi Patil,PHH,7,35,35,0,en,FPS-KA-KOP-0006
RC-KA-001007,Naveen Poojary,PHH,1,5,5,0,kn,FPS-KA-KOP-0007
RC-KA-001008,Pooja Sharma,PHH,5,25,25,0,kn,FPS-KA-KOP-0008
RC-KA-001009,Kavya Sharma,PHH,3,15,15,0,kn,FPS-KA-KOP-0009
RC-KA-001010,Vijay Reddy,PHH,2,10,10,0,kn,FPS-KA-KOP-0010
RC-KA-001011,Kavya Desai,PHH,7,35,25,10,hi,FPS-KA-KOP-0011
RC-KA-001012,Arjun Desai,PHH,8,40,0,40,kn,FPS-KA-KOP-0012
RC-KA-001013,Rahul Naik,PHH,3,15,5,10,kn,FPS-KA-KOP-0013
RC-KA-001014,Kavya Sharma,PHH,4,20,5,15,kn,FPS-KA-KOP-0014
RC-KA-001015,Shankar Hegde,PHH,2,10,10,0,kn,FPS-KA-KOP-0015
RC-KA-001016,Meena Reddy,PHH,2,10,5,5,kn,FPS-KA-KOP-0016
RC-KA-001017,Aditi Shetty,PHH,3,15,15,0,kn,FPS-KA-KOP-0017
RC-KA-001018,Aditi Nayak,PHH,3,15,5,10,kn,FPS-KA-KOP-0018
RC-KA-001019,Vijay Shetty,PHH,3,15,0,15,kn,FPS-KA-KOP-0019
RC-KA-001020,Sanjay Poojary,PHH,7,35,0,35,en,FPS-KA-KOP-0020
RC-KA-001021,Priya Desai,PHH,5,25,0,25,kn,FPS-KA-MAN-0001
RC-KA-001022,Lakshmi Sharma,PHH,8,40,10,30,kn,FPS-KA-MAN-0002
RC-KA-001023,Naveen Naik,PHH,3,15,5,10,kn,FPS-KA-MAN-0003
RC-KA-001024,Priya Sharma,PHH,3,15,10,5,en,FPS-KA-MAN-0004
RC-KA-001025,Arjun Gowda,PHH,2,10,0,10,kn,FPS-KA-MAN-0005
RC-KA-001026,Vijay Joshi,PHH,1,5,0,5,kn,FPS-KA-MAN-0006
RC-KA-001027,Bhavana Desai,PHH,7,35,10,25,kn,FPS-KA-MAN-0007
RC-KA-001028,Ravi Shetty,PHH,1,5,0,5,kn,FPS-KA-MAN-0008
RC-KA-001029,Kavya Kumar,PHH,1,5,5,0,kn,FPS-KA-MAN-0009
RC-KA-001030,Shankar Desai,PHH,1,5,5,0,kn,FPS-KA-MAN-0010
RC-KA-001031,Sanjay Nayak,PHH,7,35,25,10,kn,FPS-KA-MAN-0011
RC-KA-001032,Meena Rao,PHH,2,10,5,5,kn,FPS-KA-MAN-0012
RC-KA-001033,Swathi Joshi,PHH,4,20,0,20,kn,FPS-KA-MAN-0013
RC-KA-001034,Rekha Bhat,PHH,7,35,20,15,kn,FPS-KA-MAN-0014
RC-KA-001035,Kiran Poojary,PHH,1,5,0,5,kn,FPS-KA-MAN-0015
RC-KA-001036,Ananya Shetty,PHH,4,20,10,10,kn,FPS-KA-MAN-0016
RC-KA-001037,Pooja Kulkarni,PHH,7,35,20,15,kn,FPS-KA-MAN-0017
RC-KA-001038,Ravi Kulkarni,PHH,6,30,20,10,kn,FPS-KA-MAN-0018
RC-KA-001039,Pooja Desai,PHH,4,20,15,5,kn,FPS-KA-MAN-0019
RC-KA-001040,Meena Naik,PHH,3,15,10,5,kn,FPS-KA-MAN-0020
RC-KA-001041,Rekha Kulkarni,PHH,5,25,20,5,kn,FPS-KA-MYS-0001
RC-KA-001042,Manoj Rao,PHH,3,15,0,15,hi,FPS-KA-MYS-0002
RC-KA-001043,Kiran Rao,PHH,3,15,0,15,kn,FPS-KA-MYS-0003
RC-KA-001044,Rekha Poojary,PHH,6,30,30,0,kn,FPS-KA-MYS-0004
RC-KA-001045,Rahul Patil,PHH,1,5,0,5,kn,FPS-KA-MYS-0005
RC-KA-001046,Priya Kulkarni,PHH,2,10,0,10,kn,FPS-KA-MYS-0006
RC-KA-001047,Kavya Gowda,PHH,2,10,0,10,kn,FPS-KA-MYS-0007
RC-KA-001048,Kiran Sharma,PHH,1,5,5,0,en,FPS-KA-MYS-0008
RC-KA-001049,Aditi Rao,PHH,5,25,25,0,en,FPS-KA-MYS-0009
RC-KA-001050,Chetan Kumar,PHH,3,15,15,0,kn,FPS-KA-MYS-0010
RC-KA-001051,Priya Joshi,PHH,5,25,5,20,kn,FPS-KA-MYS-0011
RC-KA-001052,Aditi Hegde,PHH,4,20,20,0,kn,FPS-KA-MYS-0012
RC-KA-001053,Akash Naik,PHH,4,20,0,20,en,FPS-KA-MYS-0013
RC-KA-001054,Kiran Sharma,PHH,7,35,25,10,kn,FPS-KA-MYS-0014
RC-KA-001055,Rekha Gowda,PHH,4,20,20,0,kn,FPS-KA-MYS-0015
RC-KA-001056,Sneha Joshi,PHH,2,10,10,0,kn,FPS-KA-MYS-0016
RC-KA-001057,Divya Reddy,PHH,6,30,10,20,en,FPS-KA-MYS-0017
RC-KA-001058,Prakash Patil,PHH,4,20,15,5,en,FPS-KA-MYS-0018
RC-KA-001059,Ananya Joshi,PHH,5,25,5,20,kn,FPS-KA-MYS-0019
RC-KA-001060,Ananya Rao,PHH,2,10,10,0,kn,FPS-KA-MYS-0020
RC-KA-001061,Prakash Naik,PHH,5,25,20,5,hi,FPS-KA-RAI-0001
RC-KA-001062,Shalini Reddy,PHH,8,40,30,10,kn,FPS-KA-RAI-0002
RC-KA-001063,Manoj Nayak,PHH,6,30,30,0,kn,FPS-KA-RAI-0003
RC-KA-001064,Akash Kulkarni,PHH,1,5,5,0,kn,FPS-KA-RAI-0004
RC-KA-001065,Lakshmi Hegde,PHH,4,20,5,15,hi,FPS-KA-RAI-0005
RC-KA-001066,Akash Kulkarni,PHH,1,5,5,0,kn,FPS-KA-RAI-0006
RC-KA-001067,Bhavana Desai,PHH,6,30,0,30,kn,FPS-KA-RAI-0007
RC-KA-001068,Prakash Naik,PHH,6,30,10,20,kn,FPS-KA-RAI-0008
RC-KA-001069,Chetan Reddy,PHH,3,15,5,10,kn,FPS-KA-RAI-0009
RC-KA-001070,Chetan Kumar,PHH,4,20,10,10,kn,FPS-KA-RAI-0010
RC-KA-001071,Shalini Gowda,PHH,4,20,20,0,kn,FPS-KA-RAI-0011
RC-KA-001072,Ravi Desai,PHH,2,10,0,10,kn,FPS-KA-RAI-0012
RC-KA-001073,Kavya Sharma,PHH,1,5,0,5,hi,FPS-KA-RAI-0013
RC-KA-001074,Swathi Nayak,PHH,6,30,15,15,en,FPS-KA-RAI-0014
RC-KA-001075,Shalini Nayak,PHH,5,25,15,10,kn,FPS-KA-RAI-0015
RC-KA-001076,Prakash Shetty,PHH,5,25,15,10,kn,FPS-KA-RAI-0016
RC-KA-001077,Pooja Patil,PHH,1,5,5,0,kn,FPS-KA-RAI-0017
RC-KA-001078,Shalini Shetty,PHH,6,30,15,15,en,FPS-KA-RAI-0018
RC-KA-001079,Manoj Hegde,PHH,8,40,5,35,kn,FPS-KA-RAI-0019
RC-KA-001080,Kiran Sharma,PHH,1,5,0,5,kn,FPS-KA-RAI-0020
RC-KA-001081,Suresh Naik,PHH,2,10,5,5,kn,FPS-KA-RAM-0001
RC-KA-001082,Meena Sharma,PHH,3,15,10,5,kn,FPS-KA-RAM-0002
RC-KA-001083,Lakshmi Reddy,PHH,6,30,10,20,kn,FPS-KA-RAM-0003
RC-KA-001084,Kiran Naik,PHH,7,35,25,10,kn,FPS-KA-RAM-0004
RC-KA-001085,Prakash Poojary,PHH,8,40,10,30,kn,FPS-KA-RAM-0005
RC-KA-001086,Shankar Reddy,PHH,4,20,0,20,hi,FPS-KA-RAM-0006
RC-KA-001087,Shankar Bhat,PHH,7,35,30,5,kn,FPS-KA-RAM-0007
RC-KA-001088,Bhavana Kulkarni,PHH,3,15,15,0,hi,FPS-KA-RAM-0008
RC-KA-001089,Suresh Poojary,PHH,8,40,10,30,en,FPS-KA-RAM-0009
RC-KA-001090,Divya Joshi,PHH,6,30,30,0,kn,FPS-KA-RAM-0010
RC-KA-001091,Bhavana Patil,PHH,1,5,5,0,kn,FPS-KA-RAM-0011
RC-KA-001092,Rahul Gowda,PHH,4,20,10,10,kn,FPS-KA-RAM-0012
RC-KA-001093,Kavya Joshi,PHH,8,40,25,15,kn,FPS-KA-RAM-0013
RC-KA-001094,Ananya Hegde,PHH,5,25,10,15,kn,FPS-KA-RAM-0014
RC-KA-001095,Rahul Joshi,PHH,4,20,20,0,kn,FPS-KA-RAM-0015
RC-KA-001096,Ravi Joshi,PHH,3,15,10,5,kn,FPS-KA-RAM-0016
RC-KA-001097,Kiran Sharma,PHH,8,40,35,5,en,FPS-KA-RAM-0017
RC-KA-001098,Arjun Kumar,PHH,5,25,15,10,kn,FPS-KA-RAM-0018
RC-KA-001099,Priya Sharma,PHH,3,15,10,5,kn,FPS-KA-RAM-0019
RC-KA-001100,Harish Reddy,PHH,7,35,5,30,kn,FPS-KA-RAM-0020
RC-KA-001101,Rekha Naik,PHH,6,30,10,20,kn,FPS-KA-SHI-0001
RC-KA-001102,Shalini Kumar,PHH,7,35,20,15,en,FPS-KA-SHI-0002
RC-KA-001103,Manoj Kulkarni,PHH,6,30,25,5,kn,FPS-KA-SHI-0003
RC-KA-001104,Arjun Bhat,PHH,3,15,5,10,en,FPS-KA-SHI-0004
RC-KA-001105,Rekha Bhat,PHH,4,20,10,10,en,FPS-KA-SHI-0005
RC-KA-001106,Ananya Gowda,PHH,2,10,0,10,kn,FPS-KA-SHI-0006
RC-KA-001107,Aarav Rao,PHH,2,10,5,5,kn,FPS-KA-SHI-0007
RC-KA-001108,Priya Shetty,PHH,7,35,5,30,kn,FPS-KA-SHI-0008
RC-KA-001109,Kiran Naik,PHH,2,10,10,0,en,FPS-KA-SHI-0009
RC-KA-001110,Manoj Poojary,PHH,4,20,5,15,hi,FPS-KA-SHI-0010
RC-KA-001111,Bhavana Patil,PHH,3,15,5,10,kn,FPS-KA-SHI-0011
RC-KA-001112,Harish Kumar,PHH,1,5,5,0,en,FPS-KA-SHI-0012
RC-KA-001113,Pooja Nayak,PHH,8,40,35,5,en,FPS-KA-SHI-0013
RC-KA-001114,Rekha Joshi,PHH,5,25,20,5,kn,FPS-KA-SHI-0014
RC-KA-001115,Rahul Nayak,PHH,3,15,15,0,kn,FPS-KA-SHI-0015
RC-KA-001116,Meena Joshi,PHH,7,35,20,15,en,FPS-KA-SHI-0016
RC-KA-001117,Kavya Kulkarni,PHH,4,20,0,20,kn,FPS-KA-SHI-0017
RC-KA-001118,Aarav Joshi,PHH,5,25,5,20,kn,FPS-KA-SHI-0018
RC-KA-001119,Pooja Patil,PHH,3,15,10,5,kn,FPS-KA-SHI-0019
RC-KA-001120,Shalini Kulkarni,PHH,8,40,35,5,kn,FPS-KA-SHI-0020
RC-KA-001121,Aarav Joshi,PHH,5,25,20,5,kn,FPS-KA-TUM-0001
RC-KA-001122,Pooja Kulkarni,PHH,6,30,5,25,kn,FPS-KA-TUM-0002
RC-KA-001123,Sanjay Poojary,PHH,7,35,15,20,kn,FPS-KA-TUM-0003
RC-KA-001124,Akash Kulkarni,PHH,7,35,30,5,kn,FPS-KA-TUM-0004
RC-KA-001125,Vijay Sharma,PHH,4,20,20,0,hi,FPS-KA-TUM-0005
RC-KA-001126,Pooja Rao,PHH,5,25,10,15,kn,FPS-KA-TUM-0006
RC-KA-001127,Akash Shetty,PHH,5,25,15,10,kn,FPS-KA-TUM-0007
RC-KA-001128,Manoj Sharma,PHH,3,15,10,5,kn,FPS-KA-TUM-0008
RC-KA-001129,Meena Reddy,PHH,8,40,20,20,hi,FPS-KA-TUM-0009
RC-KA-001130,Pooja Patil,PHH,6,30,0,30,kn,FPS-KA-TUM-0010
RC-KA-001131,Arjun Bhat,PHH,3,15,0,15,kn,FPS-KA-TUM-0011
RC-KA-001132,Arjun Patil,PHH,8,40,0,40,kn,FPS-KA-TUM-0012
RC-KA-001133,Ganesh Rao,PHH,8,40,15,25,kn,FPS-KA-TUM-0013
RC-KA-001134,Shankar Patil,PHH,8,40,25,15,kn,FPS-KA-TUM-0014
RC-KA-001135,Arjun Patil,PHH,6,30,0,30,hi,FPS-KA-TUM-0015
RC-KA-001136,Meena Shetty,PHH,5,25,15,10,kn,FPS-KA-TUM-0016
RC-KA-001137,Sneha Patil,PHH,4,20,10,10,hi,FPS-KA-TUM-0017
RC-KA-001138,Shalini Desai,PHH,2,10,10,0,kn,FPS-KA-TUM-0018
RC-KA-001139,Sanjay Rao,PHH,4,20,0,20,kn,FPS-KA-TUM-0019
RC-KA-001140,Chetan Desai,PHH,2,10,10,0,kn,FPS-KA-TUM-0020
RC-KA-001141,Bhavana Poojary,PHH,7,35,20,15,en,FPS-KA-UDP-0001
RC-KA-001142,Rahul Naik,PHH,1,5,0,5,kn,FPS-KA-UDP-0002
RC-KA-001143,Suresh Poojary,PHH,4,20,10,10,en,FPS-KA-UDP-0003
RC-KA-001144,Lakshmi Hegde,PHH,4,20,0,20,kn,FPS-KA-UDP-0004
RC-KA-001145,Prakash Gowda,PHH,1,5,0,5,hi,FPS-KA-UDP-0005
RC-KA-001146,Aditi Sharma,PHH,7,35,15,20,kn,FPS-KA-UDP-0006
RC-KA-001147,Akash Reddy,PHH,8,40,10,30,kn,FPS-KA-UDP-0007
RC-KA-001148,Priya Hegde,PHH,3,15,15,0,kn,FPS-KA-UDP-0008
RC-KA-001149,Arjun Bhat,PHH,1,5,0,5,kn,FPS-KA-UDP-0009
RC-KA-001150,Harish Joshi,PHH,2,10,0,10,kn,FPS-KA-UDP-0010
RC-KA-001151,Sanjay Reddy,PHH,6,30,30,0,en,FPS-KA-UDP-0011
RC-KA-001152,Arjun Naik,PHH,1,5,5,0,kn,FPS-KA-UDP-0012
RC-KA-001153,Pooja Naik,PHH,1,5,5,0,hi,FPS-KA-UDP-0013
RC-KA-001154,Pooja Hegde,PHH,8,40,15,25,kn,FPS-KA-UDP-0014
RC-KA-001155,Suresh Kumar,PHH,6,30,25,5,kn,FPS-KA-UDP-0015
RC-KA-001156,Manoj Naik,PHH,3,15,0,15,kn,FPS-KA-UDP-0016
RC-KA-001157,Aarav Rao,PHH,5,25,20,5,kn,FPS-KA-UDP-0017
RC-KA-001158,Priya Kumar,PHH,7,35,10,25,en,FPS-KA-UDP-0018
RC-KA-001159,Harish Bhat,PHH,6,30,30,0,kn,FPS-KA-UDP-0019
RC-KA-001160,Sneha Kulkarni,PHH,2,10,10,0,en,FPS-KA-UDP-0020
RC-KA-001161,Shalini Joshi,PHH,4,20,20,0,kn,FPS-KA-UK-0001
RC-KA-001162,Rahul Hegde,PHH,3,15,10,5,kn,FPS-KA-UK-0002
RC-KA-001163,Akash Patil,PHH,2,10,0,10,kn,FPS-KA-UK-0003
RC-KA-001164,Chetan Gowda,PHH,3,15,5,10,en,FPS-KA-UK-0004
RC-KA-001165,Prakash Poojary,PHH,8,40,15,25,kn,FPS-KA-UK-0005
RC-KA-001166,Rekha Sharma,PHH,7,35,35,0,kn,FPS-KA-UK-0006
RC-KA-001167,Priya Bhat,PHH,5,25,0,25,kn,FPS-KA-UK-0007
RC-KA-001168,Chetan Poojary,PHH,2,10,0,10,en,FPS-KA-UK-0008
RC-KA-001169,Rahul Patil,PHH,8,40,5,35,kn,FPS-KA-UK-0009
RC-KA-001170,Swathi Kulkarni,PHH,6,30,20,10,hi,FPS-KA-UK-0010
RC-KA-001171,Sneha Sharma,PHH,6,30,30,0,hi,FPS-KA-UK-0011
RC-KA-001172,Akash Kumar,PHH,5,25,20,5,kn,FPS-KA-UK-0012
RC-KA-001173,Naveen Gowda,PHH,5,25,0,25,en,FPS-KA-UK-0013
RC-KA-001174,Kiran Reddy,PHH,2,10,10,0,kn,FPS-KA-UK-0014
RC-KA-001175,Prakash Poojary,PHH,4,20,20,0,kn,FPS-KA-UK-0015
RC-KA-001176,Shalini Poojary,PHH,3,15,15,0,hi,FPS-KA-UK-0016
RC-KA-001177,Ravi Kulkarni,PHH,6,30,25,5,kn,FPS-KA-UK-0017
RC-KA-001178,Pooja Kulkarni,PHH,2,10,0,10,hi,FPS-KA-UK-0018
RC-KA-001179,Priya Desai,PHH,6,30,25,5,kn,FPS-KA-UK-0019
RC-KA-001180,Harish Kumar,PHH,6,30,10,20,kn,FPS-KA-UK-0020
RC-KA-001181,Lakshmi Kumar,PHH,6,30,15,15,hi,FPS-KA-VIJ-0001
RC-KA-001182,Pooja Reddy,PHH,6,30,20,10,kn,FPS-KA-VIJ-0002
RC-KA-001183,Manoj Desai,PHH,7,35,20,15,kn,FPS-KA-VIJ-0003
RC-KA-001184,Ganesh Sharma,PHH,7,35,0,35,hi,FPS-KA-VIJ-0004
RC-KA-001185,Ganesh Patil,PHH,1,5,0,5,en,FPS-KA-VIJ-0005
RC-KA-001186,Harish Patil,PHH,5,25,5,20,kn,FPS-KA-VIJ-0006
RC-KA-001187,Prakash Nayak,PHH,5,25,20,5,kn,FPS-KA-VIJ-0007
RC-KA-001188,Kavya Shetty,PHH,3,15,0,15,kn,FPS-KA-VIJ-0008
RC-KA-001189,Prakash Reddy,PHH,3,15,10,5,kn,FPS-KA-VIJ-0009
RC-KA-001190,Akash Sharma,PHH,4,20,10,10,hi,FPS-KA-VIJ-0010
RC-KA-001191,Sanjay Hegde,PHH,7,35,15,20,hi,FPS-KA-VIJ-0011
RC-KA-001192,Swathi Bhat,PHH,8,40,10,30,kn,FPS-KA-VIJ-0012
RC-KA-001193,Aditi Bhat,PHH,2,10,10,0,kn,FPS-KA-VIJ-0013
RC-KA-001194,Vijay Rao,PHH,7,35,5,30,hi,FPS-KA-VIJ-0014
RC-KA-001195,Lakshmi Kulkarni,PHH,6,30,10,20,en,FPS-KA-VIJ-0015
RC-KA-001196,Suresh Sharma,PHH,2,10,0,10,hi,FPS-KA-VIJ-0016
RC-KA-001197,Naveen Patil,PHH,1,5,5,0,kn,FPS-KA-VIJ-0017
RC-KA-001198,Harish Joshi,PHH,6,30,20,10,kn,FPS-KA-VIJ-0018
RC-KA-001199,Sanjay Kulkarni,PHH,4,20,5,15,kn,FPS-KA-VIJ-0019
RC-KA-001200,Lakshmi Naik,PHH,8,40,40,0,kn,FPS-KA-VIJ-0020
RC-KA-001201,Akash Desai,PHH,7,35,10,25,kn,FPS-KA-VIG-0001
RC-KA-001202,Kiran Joshi,PHH,1,5,5,0,kn,FPS-KA-VIG-0002
RC-KA-001203,Meena Joshi,PHH,7,35,10,25,hi,FPS-KA-VIG-0003
RC-KA-001204,Prakash Reddy,PHH,4,20,15,5,kn,FPS-KA-VIG-0004
RC-KA-001205,Shalini Kulkarni,PHH,4,20,5,15,kn,FPS-KA-VIG-0005
RC-KA-001206,Akash Gowda,PHH,6,30,25,5,en,FPS-KA-VIG-0006
RC-KA-001207,Chetan Hegde,PHH,7,35,30,5,kn,FPS-KA-VIG-0007
RC-KA-001208,Shalini Naik,PHH,6,30,20,10,kn,FPS-KA-VIG-0008
RC-KA-001209,Shankar Desai,PHH,3,15,10,5,kn,FPS-KA-VIG-0009
RC-KA-001210,Sneha Reddy,PHH,3,15,15,0,kn,FPS-KA-VIG-0010
RC-KA-001211,Sanjay Kumar,PHH,4,20,10,10,kn,FPS-KA-VIG-0011
RC-KA-001212,Deepa Sharma,PHH,2,10,0,10,hi,FPS-KA-VIG-0012
RC-KA-001213,Rekha Rao,PHH,3,15,10,5,kn,FPS-KA-VIG-0013
RC-KA-001214,Aarav Hegde,PHH,2,10,5,5,kn,FPS-KA-VIG-0014
RC-KA-001215,Pooja Joshi,PHH,4,20,20,0,kn,FPS-KA-VIG-0015
RC-KA-001216,Sanjay Shetty,PHH,5,25,20,5,kn,FPS-KA-VIG-0016
RC-KA-001217,Ravi Joshi,PHH,1,5,5,0,kn,FPS-KA-VIG-0017
RC-KA-001218,Ganesh Reddy,PHH,1,5,5,0,kn,FPS-KA-VIG-0018
RC-KA-001219,Aarav Gowda,PHH,5,25,0,25,kn,FPS-KA-VIG-0019
RC-KA-001220,Vijay Poojary,PHH,7,35,20,15,kn,FPS-KA-VIG-0020
RC-KA-001221,Ganesh Kumar,PHH,6,30,30,0,kn,FPS-KA-YAD-0001
RC-KA-001222,Naveen Bhat,PHH,7,35,15,20,en,FPS-KA-YAD-0002
RC-KA-001223,Priya Joshi,PHH,2,10,5,5,kn,FPS-KA-YAD-0003
RC-KA-001224,Manoj Joshi,PHH,2,10,0,10,kn,FPS-KA-YAD-0004
RC-KA-001225,Naveen Naik,PHH,1,5,0,5,kn,FPS-KA-YAD-0005
RC-KA-001226,Bhavana Patil,PHH,6,30,15,15,kn,FPS-KA-YAD-0006
RC-KA-001227,Rahul Naik,PHH,6,30,25,5,kn,FPS-KA-YAD-0007
RC-KA-001228,Aditi Poojary,PHH,4,20,20,0,kn,FPS-KA-YAD-0008
RC-KA-001229,Sneha Patil,PHH,5,25,15,10,en,FPS-KA-YAD-0009
RC-KA-001230,Swathi Kulkarni,PHH,5,25,5,20,kn,FPS-KA-YAD-0010
RC-KA-001231,Naveen Poojary,PHH,3,15,0,15,hi,FPS-KA-YAD-0011
RC-KA-001232,Arjun Kulkarni,PHH,4,20,15,5,kn,FPS-KA-YAD-0012
RC-KA-001233,Pooja Shetty,PHH,5,25,20,5,kn,FPS-KA-YAD-0013
RC-KA-001234,Ravi Rao,PHH,4,20,5,15,kn,FPS-KA-YAD-0014
RC-KA-001235,Rekha Nayak,PHH,4,20,5,15,kn,FPS-KA-YAD-0015
RC-KA-001236,Shalini Shetty,PHH,3,15,15,0,en,FPS-KA-YAD-0016
RC-KA-001237,Pooja Bhat,PHH,3,15,10,5,kn,FPS-KA-YAD-0017
RC-KA-001238,Swathi Shetty,PHH,2,10,0,10,kn,FPS-KA-YAD-0018
RC-KA-001239,Lakshmi Kulkarni,PHH,1,5,5,0,en,FPS-KA-YAD-0019
RC-KA-001240,Sneha Nayak,PHH,5,25,15,10,hi,FPS-KA-YAD-0020
RC-KA-001241,Ananya Shetty,PHH,5,25,5,20,hi,FPS-KA-BAG-0001
RC-KA-001242,Priya Sharma,PHH,3,15,0,15,hi,FPS-KA-BAG-0002
RC-KA-001243,Deepa Sharma,PHH,5,25,20,5,kn,FPS-KA-BAG-0003
RC-KA-001244,Kavya Gowda,PHH,4,20,5,15,kn,FPS-KA-BAG-0004
RC-KA-001245,Priya Desai,PHH,8,40,10,30,kn,FPS-KA-BAG-0005
RC-KA-001246,Meena Desai,PHH,6,30,5,25,en,FPS-KA-BAG-0006
RC-KA-001247,Aditi Kulkarni,PHH,3,15,5,10,kn,FPS-KA-BAG-0007
RC-KA-001248,Deepa Bhat,PHH,1,5,5,0,en,FPS-KA-BAG-0008
RC-KA-001249,Vijay Desai,PHH,4,20,5,15,kn,FPS-KA-BAG-0009
RC-KA-001250,Swathi Reddy,PHH,8,40,25,15,en,FPS-KA-BAG-0010
RC-KA-001251,Priya Bhat,PHH,7,35,30,5,hi,FPS-KA-BAG-0011
RC-KA-001252,Sanjay Sharma,PHH,7,35,25,10,kn,FPS-KA-BAG-0012
RC-KA-001253,Sneha Nayak,PHH,1,5,0,5,kn,FPS-KA-BAG-0013
RC-KA-001254,Kiran Bhat,PHH,1,5,0,5,kn,FPS-KA-BAG-0014
RC-KA-001255,Rahul Patil,PHH,1,5,5,0,kn,FPS-KA-BAG-0015
RC-KA-001256,Swathi Naik,PHH,4,20,10,10,kn,FPS-KA-BAG-0016
RC-KA-001257,Ganesh Sharma,PHH,5,25,15,10,kn,FPS-KA-BAG-0017
RC-KA-001258,Rahul Desai,PHH,1,5,0,5,kn,FPS-KA-BAG-0018
RC-KA-001259,Bhavana Rao,PHH,2,10,10,0,kn,FPS-KA-BAG-0019
RC-KA-001260,Manoj Patil,PHH,3,15,15,0,kn,FPS-KA-BAG-0020
RC-KA-001261,Rekha Nayak,PHH,3,15,15,0,kn,FPS-KA-BAL-0001
RC-KA-001262,Harish Bhat,PHH,4,20,15,5,kn,FPS-KA-BAL-0002
RC-KA-001263,Rekha Desai,PHH,3,15,0,15,kn,FPS-KA-BAL-0003
RC-KA-001264,Kiran Bhat,PHH,6,30,0,30,kn,FPS-KA-BAL-0004
RC-KA-001265,Aditi Rao,PHH,3,15,15,0,kn,FPS-KA-BAL-0005
RC-KA-001266,Ravi Kumar,PHH,3,15,10,5,kn,FPS-KA-BAL-0006
RC-KA-001267,Bhavana Rao,PHH,3,15,5,10,en,FPS-KA-BAL-0007
RC-KA-001268,Sanjay Rao,PHH,1,5,5,0,kn,FPS-KA-BAL-0008
RC-KA-001269,Ananya Nayak,PHH,8,40,20,20,kn,FPS-KA-BAL-0009
RC-KA-001270,Shalini Naik,PHH,3,15,5,10,kn,FPS-KA-BAL-0010
RC-KA-001271,Meena Joshi,PHH,1,5,5,0,kn,FPS-KA-BAL-0011
RC-KA-001272,Prakash Poojary,PHH,1,5,5,0,kn,FPS-KA-BAL-0012
RC-KA-001273,Akash Sharma,PHH,8,40,35,5,kn,FPS-KA-BAL-0013
RC-KA-001274,Divya Sharma,PHH,1,5,0,5,en,FPS-KA-BAL-0014
RC-KA-001275,Aditi Poojary,PHH,4,20,0,20,kn,FPS-KA-BAL-0015
RC-KA-001276,Aditi Poojary,PHH,6,30,0,30,kn,FPS-KA-BAL-0016
RC-KA-001277,Aditi Gowda,PHH,5,25,10,15,en,FPS-KA-BAL-0017
RC-KA-001278,Ganesh Sharma,PHH,7,35,10,25,kn,FPS-KA-BAL-0018
RC-KA-001279,Kavya Nayak,PHH,3,15,15,0,hi,FPS-KA-BAL-0019
RC-KA-001280,Harish Hegde,PHH,1,5,0,5,hi,FPS-KA-BAL-0020
RC-KA-001281,Sneha Joshi,PHH,7,35,5,30,hi,FPS-KA-BEL-0001
RC-KA-001282,Ananya Bhat,PHH,2,10,5,5,kn,FPS-KA-BEL-0002
RC-KA-001283,Naveen Reddy,PHH,5,25,10,15,kn,FPS-KA-BEL-0003
RC-KA-001284,Prakash Bhat,PHH,4,20,20,0,kn,FPS-KA-BEL-0004
RC-KA-001285,Priya Nayak,PHH,2,10,5,5,hi,FPS-KA-BEL-0005
RC-KA-001286,Harish Naik,PHH,5,25,15,10,kn,FPS-KA-BEL-0006
RC-KA-001287,Meena Joshi,PHH,6,30,5,25,kn,FPS-KA-BEL-0007
RC-KA-001288,Swathi Sharma,PHH,8,40,35,5,hi,FPS-KA-BEL-0008
RC-KA-001289,Aarav Gowda,PHH,4,20,10,10,en,FPS-KA-BEL-0009
RC-KA-001290,Ananya Bhat,PHH,1,5,5,0,kn,FPS-KA-BEL-0010
RC-KA-001291,Lakshmi Patil,PHH,4,20,20,0,en,FPS-KA-BEL-0011
RC-KA-001292,Rahul Reddy,PHH,6,30,10,20,kn,FPS-KA-BEL-0012
RC-KA-001293,Divya Rao,PHH,1,5,0,5,kn,FPS-KA-BEL-0013
RC-KA-001294,Pooja Hegde,PHH,2,10,5,5,kn,FPS-KA-BEL-0014
RC-KA-001295,Harish Kulkarni,PHH,1,5,0,5,kn,FPS-KA-BEL-0015
RC-KA-001296,Sneha Hegde,PHH,1,5,0,5,kn,FPS-KA-BEL-0016
RC-KA-001297,Rahul Shetty,PHH,8,40,35,5,hi,FPS-KA-BEL-0017
RC-KA-001298,Swathi Kumar,PHH,8,40,10,30,kn,FPS-KA-BEL-0018
RC-KA-001299,Lakshmi Nayak,PHH,6,30,15,15,hi,FPS-KA-BEL-0019
RC-KA-001300,Ravi Hegde,PHH,1,5,5,0,kn,FPS-KA-BEL-0020
RC-KA-001301,Harish Rao,PHH,1,5,0,5,kn,FPS-KA-BLR-R-0001
RC-KA-001302,Divya Kumar,PHH,6,30,0,30,en,FPS-KA-BLR-R-0002
RC-KA-001303,Rahul Joshi,PHH,1,5,5,0,en,FPS-KA-BLR-R-0003
RC-KA-001304,Ananya Kumar,PHH,3,15,15,0,kn,FPS-KA-BLR-R-0004
RC-KA-001305,Rekha Patil,PHH,5,25,25,0,en,FPS-KA-BLR-R-0005
RC-KA-001306,Swathi Reddy,PHH,5,25,15,10,kn,FPS-KA-BLR-R-0006
RC-KA-001307,Ganesh Reddy,PHH,6,30,15,15,hi,FPS-KA-BLR-R-0007
RC-KA-001308,Shankar Patil,PHH,5,25,5,20,kn,FPS-KA-BLR-R-0008
RC-KA-001309,Aarav Rao,PHH,4,20,0,20,kn,FPS-KA-BLR-R-0009
RC-KA-001310,Harish Nayak,PHH,8,40,40,0,kn,FPS-KA-BLR-R-0010
RC-KA-001311,Harish Shetty,PHH,8,40,40,0,kn,FPS-KA-BLR-R-0011
RC-KA-001312,Arjun Reddy,PHH,2,10,10,0,kn,FPS-KA-BLR-R-0012
RC-KA-001313,Suresh Joshi,PHH,1,5,5,0,kn,FPS-KA-BLR-R-0013
RC-KA-001314,Aditi Poojary,PHH,2,10,0,10,kn,FPS-KA-BLR-R-0014
RC-KA-001315,Aditi Gowda,PHH,2,10,5,5,kn,FPS-KA-BLR-R-0015
RC-KA-001316,Ganesh Poojary,PHH,5,25,0,25,kn,FPS-KA-BLR-R-0016
RC-KA-001317,Ganesh Naik,PHH,4,20,10,10,kn,FPS-KA-BLR-R-0017
RC-KA-001318,Ananya Naik,PHH,6,30,30,0,kn,FPS-KA-BLR-R-0018
RC-KA-001319,Aarav Sharma,PHH,3,15,5,10,kn,FPS-KA-BLR-R-0019
RC-KA-001320,Pooja Hegde,PHH,2,10,0,10,kn,FPS-KA-BLR-R-0020
RC-KA-001321,Shankar Naik,PHH,5,25,5,20,en,FPS-KA-BLR-U-0001
RC-KA-001322,Priya Nayak,PHH,4,20,5,15,kn,FPS-KA-BLR-U-0002
RC-KA-001323,Arjun Patil,PHH,6,30,20,10,kn,FPS-KA-BLR-U-0003
RC-KA-001324,Aditi Gowda,PHH,8,40,0,40,kn,FPS-KA-BLR-U-0004
RC-KA-001325,Priya Nayak,PHH,7,35,30,5,kn,FPS-KA-BLR-U-0005
RC-KA-001326,Sneha Reddy,PHH,8,40,25,15,kn,FPS-KA-BLR-U-0006
RC-KA-001327,Akash Kumar,PHH,2,10,5,5,kn,FPS-KA-BLR-U-0007
RC-KA-001328,Ravi Poojary,PHH,8,40,5,35,kn,FPS-KA-BLR-U-0008
RC-KA-001329,Deepa Shetty,PHH,8,40,35,5,kn,FPS-KA-BLR-U-0009
RC-KA-001330,Rekha Nayak,PHH,5,25,10,15,kn,FPS-KA-BLR-U-0010
RC-KA-001331,Harish Desai,PHH,6,30,30,0,en,FPS-KA-BLR-U-0011
RC-KA-001332,Ananya Hegde,PHH,8,40,0,40,kn,FPS-KA-BLR-U-0012
RC-KA-001333,Ganesh Rao,PHH,8,40,35,5,hi,FPS-KA-BLR-U-0013
RC-KA-001334,Naveen Gowda,PHH,6,30,20,10,kn,FPS-KA-BLR-U-0014
RC-KA-001335,Rahul Gowda,PHH,7,35,5,30,kn,FPS-KA-BLR-U-0015
RC-KA-001336,Prakash Kulkarni,PHH,5,25,20,5,kn,FPS-KA-BLR-U-0016
RC-KA-001337,Bhavana Desai,PHH,4,20,20,0,kn,FPS-KA-BLR-U-0017
RC-KA-001338,Sneha Bhat,PHH,7,35,5,30,kn,FPS-KA-BLR-U-0018
RC-KA-001339,Harish Joshi,PHH,7,35,30,5,kn,FPS-KA-BLR-U-0019
RC-KA-001340,Akash Bhat,PHH,4,20,5,15,kn,FPS-KA-BLR-U-0020
RC-KA-001341,Manoj Hegde,PHH,8,40,5,35,kn,FPS-KA-BID-0001
RC-KA-001342,Kiran Gowda,PHH,2,10,5,5,kn,FPS-KA-BID-0002
RC-KA-001343,Shalini Kumar,PHH,2,10,10,0,hi,FPS-KA-BID-0003
RC-KA-001344,Ravi Patil,PHH,7,35,25,10,kn,FPS-KA-BID-0004
RC-KA-001345,Swathi Sharma,PHH,2,10,0,10,hi,FPS-KA-BID-0005
RC-KA-001346,Manoj Joshi,PHH,1,5,0,5,kn,FPS-KA-BID-0006
RC-KA-001347,Manoj Reddy,PHH,5,25,15,10,kn,FPS-KA-BID-0007
RC-KA-001348,Shankar Nayak,PHH,4,20,10,10,kn,FPS-KA-BID-0008
RC-KA-001349,Vijay Hegde,PHH,5,25,15,10,hi,FPS-KA-BID-0009
RC-KA-001350,Naveen Kulkarni,PHH,2,10,10,0,kn,FPS-KA-BID-0010
RC-KA-001351,Swathi Joshi,PHH,3,15,10,5,kn,FPS-KA-BID-0011
RC-KA-001352,Sneha Hegde,PHH,1,5,0,5,hi,FPS-KA-BID-0012
RC-KA-001353,Deepa Kulkarni,PHH,2,10,5,5,en,FPS-KA-BID-0013
RC-KA-001354,Kiran Kulkarni,PHH,7,35,25,10,hi,FPS-KA-BID-0014
RC-KA-001355,Meena Shetty,PHH,7,35,15,20,kn,FPS-KA-BID-0015
RC-KA-001356,Vijay Hegde,PHH,4,20,20,0,kn,FPS-KA-BID-0016
RC-KA-001357,Suresh Poojary,PHH,7,35,10,25,kn,FPS-KA-BID-0017
RC-KA-001358,Rahul Patil,PHH,3,15,5,10,kn,FPS-KA-BID-0018
RC-KA-001359,Arjun Gowda,PHH,3,15,15,0,kn,FPS-KA-BID-0019
RC-KA-001360,Swathi Rao,PHH,3,15,15,0,en,FPS-KA-BID-0020
RC-KA-001361,Lakshmi Joshi,PHH,7,35,10,25,kn,FPS-KA-CHA-0001
RC-KA-001362,Bhavana Kulkarni,PHH,8,40,30,10,kn,FPS-KA-CHA-0002
RC-KA-001363,Deepa Bhat,PHH,1,5,5,0,hi,FPS-KA-CHA-0003
RC-KA-001364,Prakash Hegde,PHH,5,25,15,10,en,FPS-KA-CHA-0004
RC-KA-001365,Rekha Hegde,PHH,1,5,0,5,kn,FPS-KA-CHA-0005
RC-KA-001366,Rekha Gowda,PHH,2,10,10,0,kn,FPS-KA-CHA-0006
RC-KA-001367,Akash Joshi,PHH,3,15,10,5,kn,FPS-KA-CHA-0007
RC-KA-001368,Sanjay Poojary,PHH,2,10,0,10,kn,FPS-KA-CHA-0008
RC-KA-001369,Shankar Sharma,PHH,2,10,10,0,kn,FPS-KA-CHA-0009
RC-KA-001370,Harish Joshi,PHH,5,25,20,5,kn,FPS-KA-CHA-0010
RC-KA-001371,Swathi Desai,PHH,1,5,5,0,kn,FPS-KA-CHA-0011
RC-KA-001372,Shankar Naik,PHH,6,30,15,15,kn,FPS-KA-CHA-0012
RC-KA-001373,Vijay Sharma,PHH,5,25,5,20,kn,FPS-KA-CHA-0013
RC-KA-001374,Divya Patil,PHH,5,25,25,0,hi,FPS-KA-CHA-0014
RC-KA-001375,Ravi Naik,PHH,8,40,10,30,kn,FPS-KA-CHA-0015
RC-KA-001376,Arjun Joshi,PHH,1,5,5,0,kn,FPS-KA-CHA-0016
RC-KA-001377,Priya Naik,PHH,2,10,5,5,kn,FPS-KA-CHA-0017
RC-KA-001378,Ananya Sharma,PHH,5,25,10,15,kn,FPS-KA-CHA-0018
RC-KA-001379,Kavya Rao,PHH,3,15,5,10,kn,FPS-KA-CHA-0019
RC-KA-001380,Deepa Desai,PHH,3,15,10,5,hi,FPS-KA-CHA-0020
RC-KA-001381,Akash Shetty,PHH,3,15,0,15,kn,FPS-KA-CHB-0001
RC-KA-001382,Lakshmi Rao,PHH,3,15,15,0,hi,FPS-KA-CHB-0002
RC-KA-001383,Sanjay Poojary,PHH,7,35,15,20,kn,FPS-KA-CHB-0003
RC-KA-001384,Sneha Hegde,PHH,3,15,5,10,kn,FPS-KA-CHB-0004
RC-KA-001385,Ananya Patil,PHH,1,5,5,0,hi,FPS-KA-CHB-0005
RC-KA-001386,Ganesh Desai,PHH,3,15,15,0,kn,FPS-KA-CHB-0006
RC-KA-001387,Kiran Desai,PHH,4,20,15,5,kn,FPS-KA-CHB-0007
RC-KA-001388,Lakshmi Patil,PHH,5,25,5,20,kn,FPS-KA-CHB-0008
RC-KA-001389,Harish Joshi,PHH,5,25,15,10,kn,FPS-KA-CHB-0009
RC-KA-001390,Rahul Hegde,PHH,1,5,0,5,en,FPS-KA-CHB-0010
RC-KA-001391,Divya Rao,PHH,7,35,20,15,kn,FPS-KA-CHB-0011
RC-KA-001392,Kiran Desai,PHH,2,10,5,5,kn,FPS-KA-CHB-0012
RC-KA-001393,Naveen Hegde,PHH,4,20,20,0,hi,FPS-KA-CHB-0013
RC-KA-001394,Ravi Patil,PHH,3,15,10,5,kn,FPS-KA-CHB-0014
RC-KA-001395,Naveen Gowda,PHH,2,10,0,10,kn,FPS-KA-CHB-0015
RC-KA-001396,Ganesh Naik,PHH,8,40,25,15,kn,FPS-KA-CHB-0016
RC-KA-001397,Akash Patil,PHH,4,20,0,20,kn,FPS-KA-CHB-0017
RC-KA-001398,Rekha Gowda,PHH,4,20,20,0,kn,FPS-KA-CHB-0018
RC-KA-001399,Ravi Rao,PHH,2,10,10,0,kn,FPS-KA-CHB-0019
RC-KA-001400,Divya Naik,PHH,3,15,0,15,kn,FPS-KA-CHB-0020
RC-KA-001401,Vijay Naik,PHH,8,40,5,35,kn,FPS-KA-CHK-0001
RC-KA-001402,Shalini Gowda,PHH,7,35,25,10,kn,FPS-KA-CHK-0002
RC-KA-001403,Harish Patil,PHH,5,25,0,25,kn,FPS-KA-CHK-0003
RC-KA-001404,Akash Desai,PHH,5,25,10,15,kn,FPS-KA-CHK-0004
RC-KA-001405,Rahul Desai,PHH,4,20,20,0,kn,FPS-KA-CHK-0005
RC-KA-001406,Lakshmi Reddy,PHH,2,10,0,10,kn,FPS-KA-CHK-0006
RC-KA-001407,Ananya Patil,PHH,2,10,5,5,hi,FPS-KA-CHK-0007
RC-KA-001408,Divya Rao,PHH,2,10,0,10,kn,FPS-KA-CHK-0008
RC-KA-001409,Arjun Poojary,PHH,8,40,0,40,en,FPS-KA-CHK-0009
RC-KA-001410,Divya Shetty,PHH,1,5,0,5,kn,FPS-KA-CHK-0010
RC-KA-001411,Naveen Bhat,PHH,6,30,15,15,kn,FPS-KA-CHK-0011
RC-KA-001412,Suresh Bhat,PHH,8,40,35,5,kn,FPS-KA-CHK-0012
RC-KA-001413,Kiran Bhat,PHH,2,10,10,0,kn,FPS-KA-CHK-0013
RC-KA-001414,Vijay Hegde,PHH,8,40,5,35,kn,FPS-KA-CHK-0014
RC-KA-001415,Aditi Poojary,PHH,6,30,25,5,kn,FPS-KA-CHK-0015
RC-KA-001416,Harish Gowda,PHH,2,10,5,5,kn,FPS-KA-CHK-0016
RC-KA-001417,Bhavana Joshi,PHH,8,40,20,20,kn,FPS-KA-CHK-0017
RC-KA-001418,Ganesh Bhat,PHH,1,5,5,0,kn,FPS-KA-CHK-0018
RC-KA-001419,Kavya Desai,PHH,7,35,5,30,kn,FPS-KA-CHK-0019
RC-KA-001420,Chetan Shetty,PHH,2,10,10,0,kn,FPS-KA-CHK-0020
RC-KA-001421,Prakash Reddy,PHH,1,5,0,5,kn,FPS-KA-CHI-0001
RC-KA-001422,Pooja Poojary,PHH,8,40,30,10,kn,FPS-KA-CHI-0002
RC-KA-001423,Sneha Rao,PHH,5,25,15,10,kn,FPS-KA-CHI-0003
RC-KA-001424,Aditi Hegde,PHH,8,40,0,40,kn,FPS-KA-CHI-0004
RC-KA-001425,Shankar Poojary,PHH,1,5,5,0,kn,FPS-KA-CHI-0005
RC-KA-001426,Prakash Reddy,PHH,8,40,40,0,kn,FPS-KA-CHI-0006
RC-KA-001427,Meena Poojary,PHH,2,10,0,10,hi,FPS-KA-CHI-0007
RC-KA-001428,Priya Patil,PHH,1,5,5,0,en,FPS-KA-CHI-0008
RC-KA-001429,Rahul Patil,PHH,4,20,5,15,kn,FPS-KA-CHI-0009
RC-KA-001430,Bhavana Kumar,PHH,5,25,0,25,kn,FPS-KA-CHI-0010
RC-KA-001431,Priya Rao,PHH,2,10,0,10,kn,FPS-KA-CHI-0011
RC-KA-001432,Lakshmi Hegde,PHH,4,20,0,20,hi,FPS-KA-CHI-0012
RC-KA-001433,Ravi Sharma,PHH,7,35,25,10,kn,FPS-KA-CHI-0013
RC-KA-001434,Shankar Reddy,PHH,3,15,10,5,hi,FPS-KA-CHI-0014
RC-KA-001435,Ananya Naik,PHH,1,5,0,5,kn,FPS-KA-CHI-0015
RC-KA-001436,Kavya Joshi,PHH,3,15,15,0,kn,FPS-KA-CHI-0016
RC-KA-001437,Prakash Patil,PHH,3,15,15,0,kn,FPS-KA-CHI-0017
RC-KA-001438,Rahul Sharma,PHH,3,15,0,15,hi,FPS-KA-CHI-0018
RC-KA-001439,Meena Gowda,PHH,7,35,10,25,kn,FPS-KA-CHI-0019
RC-KA-001440,Akash Bhat,PHH,1,5,0,5,kn,FPS-KA-CHI-0020
RC-KA-001441,Shankar Rao,PHH,5,25,15,10,kn,FPS-KA-DK-0001
RC-KA-001442,Rahul Naik,PHH,8,40,10,30,kn,FPS-KA-DK-0002
RC-KA-001443,Bhavana Sharma,PHH,8,40,30,10,kn,FPS-KA-DK-0003
RC-KA-001444,Priya Gowda,PHH,1,5,0,5,hi,FPS-KA-DK-0004
RC-KA-001445,Pooja Reddy,PHH,5,25,10,15,kn,FPS-KA-DK-0005
RC-KA-001446,Ananya Sharma,PHH,4,20,0,20,en,FPS-KA-DK-0006
RC-KA-001447,Pooja Joshi,PHH,6,30,30,0,hi,FPS-KA-DK-0007
RC-KA-001448,Ravi Reddy,PHH,4,20,15,5,hi,FPS-KA-DK-0008
RC-KA-001449,Shankar Shetty,PHH,5,25,0,25,kn,FPS-KA-DK-0009
RC-KA-001450,Ravi Nayak,PHH,8,40,35,5,kn,FPS-KA-DK-0010
RC-KA-001451,Ganesh Reddy,PHH,1,5,0,5,kn,FPS-KA-DK-0011
RC-KA-001452,Shankar Nayak,PHH,7,35,20,15,kn,FPS-KA-DK-0012
RC-KA-001453,Aditi Nayak,PHH,8,40,0,40,kn,FPS-KA-DK-0013
RC-KA-001454,Meena Joshi,PHH,3,15,5,10,hi,FPS-KA-DK-0014
RC-KA-001455,Sanjay Desai,PHH,2,10,0,10,en,FPS-KA-DK-0015
RC-KA-001456,Ravi Nayak,PHH,6,30,15,15,kn,FPS-KA-DK-0016
RC-KA-001457,Harish Reddy,PHH,6,30,5,25,hi,FPS-KA-DK-0017
RC-KA-001458,Suresh Reddy,PHH,2,10,0,10,hi,FPS-KA-DK-0018
RC-KA-001459,Prakash Desai,PHH,7,35,15,20,kn,FPS-KA-DK-0019
RC-KA-001460,Vijay Sharma,PHH,1,5,5,0,kn,FPS-KA-DK-0020
RC-KA-001461,Arjun Desai,PHH,8,40,10,30,kn,FPS-KA-DAV-0001
RC-KA-001462,Chetan Hegde,PHH,4,20,10,10,en,FPS-KA-DAV-0002
RC-KA-001463,Aditi Naik,PHH,3,15,0,15,kn,FPS-KA-DAV-0003
RC-KA-001464,Manoj Kulkarni,PHH,3,15,0,15,en,FPS-KA-DAV-0004
RC-KA-001465,Ganesh Sharma,PHH,3,15,10,5,kn,FPS-KA-DAV-0005
RC-KA-001466,Pooja Kumar,PHH,3,15,5,10,kn,FPS-KA-DAV-0006
RC-KA-001467,Naveen Desai,PHH,4,20,0,20,kn,FPS-KA-DAV-0007
RC-KA-001468,Manoj Naik,PHH,4,20,20,0,kn,FPS-KA-DAV-0008
RC-KA-001469,Deepa Reddy,PHH,1,5,5,0,hi,FPS-KA-DAV-0009
RC-KA-001470,Swathi Nayak,PHH,6,30,15,15,kn,FPS-KA-DAV-0010
RC-KA-001471,Aditi Patil,PHH,3,15,0,15,kn,FPS-KA-DAV-0011
RC-KA-001472,Naveen Kulkarni,PHH,8,40,40,0,kn,FPS-KA-DAV-0012
RC-KA-001473,Deepa Gowda,PHH,8,40,5,35,kn,FPS-KA-DAV-0013
RC-KA-001474,Arjun Hegde,PHH,1,5,5,0,en,FPS-KA-DAV-0014
RC-KA-001475,Akash Patil,PHH,5,25,5,20,kn,FPS-KA-DAV-0015
RC-KA-001476,Manoj Kumar,PHH,8,40,20,20,kn,FPS-KA-DAV-0016
RC-KA-001477,Arjun Kumar,PHH,1,5,5,0,kn,FPS-KA-DAV-0017
RC-KA-001478,Kavya Poojary,PHH,7,35,10,25,hi,FPS-KA-DAV-0018
RC-KA-001479,Akash Kulkarni,PHH,8,40,0,40,en,FPS-KA-DAV-0019
RC-KA-001480,Lakshmi Rao,PHH,6,30,20,10,kn,FPS-KA-DAV-0020
RC-KA-001481,Pooja Sharma,PHH,5,25,25,0,en,FPS-KA-DHA-0001
RC-KA-001482,Harish Bhat,PHH,4,20,0,20,kn,FPS-KA-DHA-0002
RC-KA-001483,Ananya Kulkarni,PHH,1,5,5,0,en,FPS-KA-DHA-0003
RC-KA-001484,Kavya Hegde,PHH,6,30,15,15,kn,FPS-KA-DHA-0004
RC-KA-001485,Shalini Reddy,PHH,3,15,0,15,kn,FPS-KA-DHA-0005
RC-KA-001486,Ananya Poojary,PHH,3,15,10,5,kn,FPS-KA-DHA-0006
RC-KA-001487,Shalini Reddy,PHH,8,40,15,25,hi,FPS-KA-DHA-0007
RC-KA-001488,Naveen Poojary,PHH,6,30,10,20,en,FPS-KA-DHA-0008
RC-KA-001489,Kavya Hegde,PHH,7,35,20,15,kn,FPS-KA-DHA-0009
RC-KA-001490,Sneha Gowda,PHH,8,40,35,5,kn,FPS-KA-DHA-0010
RC-KA-001491,Pooja Nayak,PHH,8,40,40,0,kn,FPS-KA-DHA-0011
RC-KA-001492,Shankar Poojary,PHH,5,25,15,10,kn,FPS-KA-DHA-0012
RC-KA-001493,Manoj Gowda,PHH,2,10,0,10,en,FPS-KA-DHA-0013
RC-KA-001494,Ganesh Gowda,PHH,2,10,5,5,en,FPS-KA-DHA-0014
RC-KA-001495,Rekha Shetty,PHH,2,10,0,10,kn,FPS-KA-DHA-0015
RC-KA-001496,Naveen Poojary,PHH,8,40,10,30,en,FPS-KA-DHA-0016
RC-KA-001497,Ravi Joshi,PHH,1,5,5,0,kn,FPS-KA-DHA-0017
RC-KA-001498,Manoj Bhat,PHH,3,15,15,0,kn,FPS-KA-DHA-0018
RC-KA-001499,Aarav Kumar,PHH,1,5,5,0,kn,FPS-KA-DHA-0019
RC-KA-001500,Lakshmi Sharma,PHH,4,20,20,0,kn,FPS-KA-DHA-0020
RC-KA-001501,Harish Desai,PHH,6,30,25,5,kn,FPS-KA-GAD-0001
RC-KA-001502,Arjun Nayak,PHH,8,40,35,5,kn,FPS-KA-GAD-0002
RC-KA-001503,Deepa Desai,PHH,5,25,5,20,hi,FPS-KA-GAD-0003
RC-KA-001504,Aditi Shetty,PHH,6,30,10,20,hi,FPS-KA-GAD-0004
RC-KA-001505,Bhavana Sharma,PHH,6,30,10,20,kn,FPS-KA-GAD-0005
RC-KA-001506,Bhavana Kumar,PHH,3,15,10,5,kn,FPS-KA-GAD-0006
RC-KA-001507,Aditi Hegde,PHH,3,15,5,10,kn,FPS-KA-GAD-0007
RC-KA-001508,Bhavana Reddy,PHH,3,15,15,0,kn,FPS-KA-GAD-0008
RC-KA-001509,Arjun Hegde,PHH,1,5,5,0,en,FPS-KA-GAD-0009
RC-KA-001510,Pooja Naik,PHH,8,40,40,0,en,FPS-KA-GAD-0010
RC-KA-001511,Meena Rao,PHH,2,10,0,10,kn,FPS-KA-GAD-0011
RC-KA-001512,Arjun Patil,PHH,3,15,15,0,en,FPS-KA-GAD-0012
RC-KA-001513,Meena Nayak,PHH,6,30,25,5,hi,FPS-KA-GAD-0013
RC-KA-001514,Shankar Sharma,PHH,5,25,20,5,kn,FPS-KA-GAD-0014
RC-KA-001515,Sanjay Desai,PHH,8,40,25,15,kn,FPS-KA-GAD-0015
RC-KA-001516,Ananya Naik,PHH,1,5,0,5,kn,FPS-KA-GAD-0016
RC-KA-001517,Deepa Desai,PHH,1,5,5,0,kn,FPS-KA-GAD-0017
RC-KA-001518,Priya Poojary,PHH,6,30,0,30,kn,FPS-KA-GAD-0018
RC-KA-001519,Shankar Nayak,PHH,4,20,20,0,kn,FPS-KA-GAD-0019
RC-KA-001520,Pooja Kumar,PHH,5,25,5,20,kn,FPS-KA-GAD-0020
RC-KA-001521,Kiran Reddy,PHH,8,40,5,35,en,FPS-KA-HAS-0001
RC-KA-001522,Naveen Patil,PHH,8,40,25,15,kn,FPS-KA-HAS-0002
RC-KA-001523,Suresh Kulkarni,PHH,6,30,15,15,kn,FPS-KA-HAS-0003
RC-KA-001524,Ganesh Hegde,PHH,6,30,15,15,kn,FPS-KA-HAS-0004
RC-KA-001525,Suresh Joshi,PHH,6,30,10,20,en,FPS-KA-HAS-0005
RC-KA-001526,Manoj Bhat,PHH,2,10,0,10,hi,FPS-KA-HAS-0006
RC-KA-001527,Shankar Bhat,PHH,7,35,35,0,kn,FPS-KA-HAS-0007
RC-KA-001528,Prakash Sharma,PHH,7,35,30,5,kn,FPS-KA-HAS-0008
RC-KA-001529,Meena Kumar,PHH,2,10,0,10,kn,FPS-KA-HAS-0009
RC-KA-001530,Prakash Rao,PHH,6,30,0,30,en,FPS-KA-HAS-0010
RC-KA-001531,Rahul Nayak,PHH,7,35,5,30,kn,FPS-KA-HAS-0011
RC-KA-001532,Manoj Bhat,PHH,5,25,15,10,kn,FPS-KA-HAS-0012
RC-KA-001533,Kiran Naik,PHH,3,15,5,10,kn,FPS-KA-HAS-0013
RC-KA-001534,Ganesh Kumar,PHH,8,40,0,40,hi,FPS-KA-HAS-0014
RC-KA-001535,Manoj Reddy,PHH,5,25,15,10,kn,FPS-KA-HAS-0015
RC-KA-001536,Ganesh Poojary,PHH,1,5,0,5,kn,FPS-KA-HAS-0016
RC-KA-001537,Swathi Naik,PHH,8,40,5,35,kn,FPS-KA-HAS-0017
RC-KA-001538,Rekha Poojary,PHH,7,35,10,25,kn,FPS-KA-HAS-0018
RC-KA-001539,Divya Desai,PHH,4,20,0,20,kn,FPS-KA-HAS-0019
RC-KA-001540,Prakash Desai,PHH,2,10,10,0,hi,FPS-KA-HAS-0020
RC-KA-001541,Meena Bhat,PHH,7,35,20,15,kn,FPS-KA-HAV-0001
RC-KA-001542,Prakash Patil,PHH,2,10,5,5,kn,FPS-KA-HAV-0002
RC-KA-001543,Arjun Hegde,PHH,5,25,5,20,kn,FPS-KA-HAV-0003
RC-KA-001544,Aditi Naik,PHH,8,40,10,30,kn,FPS-KA-HAV-0004
RC-KA-001545,Kavya Patil,PHH,6,30,15,15,kn,FPS-KA-HAV-0005
RC-KA-001546,Vijay Gowda,PHH,5,25,10,15,kn,FPS-KA-HAV-0006
RC-KA-001547,Priya Rao,PHH,4,20,5,15,hi,FPS-KA-HAV-0007
RC-KA-001548,Sneha Kumar,PHH,3,15,10,5,en,FPS-KA-HAV-0008
RC-KA-001549,Rekha Hegde,PHH,5,25,10,15,kn,FPS-KA-HAV-0009
RC-KA-001550,Sneha Shetty,PHH,2,10,10,0,kn,FPS-KA-HAV-0010
RC-KA-001551,Kavya Rao,PHH,1,5,0,5,kn,FPS-KA-HAV-0011
RC-KA-001552,Vijay Shetty,PHH,8,40,30,10,kn,FPS-KA-HAV-0012
RC-KA-001553,Deepa Kumar,PHH,2,10,0,10,kn,FPS-KA-HAV-0013
RC-KA-001554,Sneha Joshi,PHH,4,20,20,0,kn,FPS-KA-HAV-0014
RC-KA-001555,Akash Gowda,PHH,2,10,5,5,kn,FPS-KA-HAV-0015
RC-KA-001556,Ganesh Bhat,PHH,3,15,0,15,kn,FPS-KA-HAV-0016
RC-KA-001557,Swathi Sharma,PHH,6,30,5,25,hi,FPS-KA-HAV-0017
RC-KA-001558,Aarav Bhat,PHH,6,30,5,25,hi,FPS-KA-HAV-0018
RC-KA-001559,Rekha Shetty,PHH,2,10,0,10,kn,FPS-KA-HAV-0019
RC-KA-001560,Arjun Gowda,PHH,4,20,10,10,kn,FPS-KA-HAV-0020
RC-KA-001561,Shalini Desai,PHH,7,35,5,30,kn,FPS-KA-KAL-0001
RC-KA-001562,Aditi Rao,PHH,7,35,0,35,kn,FPS-KA-KAL-0002
RC-KA-001563,Divya Patil,PHH,1,5,5,0,kn,FPS-KA-KAL-0003
RC-KA-001564,Shalini Gowda,PHH,2,10,5,5,kn,FPS-KA-KAL-0004
RC-KA-001565,Swathi Reddy,PHH,2,10,10,0,kn,FPS-KA-KAL-0005
RC-KA-001566,Arjun Kumar,PHH,3,15,10,5,kn,FPS-KA-KAL-0006
RC-KA-001567,Bhavana Kumar,PHH,5,25,20,5,kn,FPS-KA-KAL-0007
RC-KA-001568,Ananya Kumar,PHH,4,20,20,0,kn,FPS-KA-KAL-0008
RC-KA-001569,Ganesh Shetty,PHH,1,5,0,5,hi,FPS-KA-KAL-0009
RC-KA-001570,Vijay Joshi,PHH,1,5,0,5,en,FPS-KA-KAL-0010
RC-KA-001571,Bhavana Desai,PHH,8,40,25,15,kn,FPS-KA-KAL-0011
RC-KA-001572,Kiran Kulkarni,PHH,2,10,0,10,hi,FPS-KA-KAL-0012
RC-KA-001573,Ananya Rao,PHH,4,20,20,0,kn,FPS-KA-KAL-0013
RC-KA-001574,Naveen Shetty,PHH,6,30,0,30,kn,FPS-KA-KAL-0014
RC-KA-001575,Pooja Bhat,PHH,8,40,25,15,hi,FPS-KA-KAL-0015
RC-KA-001576,Ananya Kulkarni,PHH,1,5,0,5,kn,FPS-KA-KAL-0016
RC-KA-001577,Ganesh Poojary,PHH,5,25,15,10,kn,FPS-KA-KAL-0017
RC-KA-001578,Ganesh Kumar,PHH,8,40,15,25,kn,FPS-KA-KAL-0018
RC-KA-001579,Swathi Kumar,PHH,7,35,15,20,en,FPS-KA-KAL-0019
RC-KA-001580,Ravi Desai,PHH,8,40,25,15,kn,FPS-KA-KAL-0020
RC-KA-001581,Ravi Poojary,PHH,2,10,5,5,kn,FPS-KA-KOD-0001
RC-KA-001582,Kiran Bhat,PHH,2,10,0,10,kn,FPS-KA-KOD-0002
RC-KA-001583,Bhavana Gowda,PHH,2,10,10,0,en,FPS-KA-KOD-0003
RC-KA-001584,Priya Kumar,PHH,6,30,5,25,kn,FPS-KA-KOD-0004
RC-KA-001585,Lakshmi Bhat,PHH,7,35,5,30,kn,FPS-KA-KOD-0005
RC-KA-001586,Shalini Sharma,PHH,8,40,20,20,hi,FPS-KA-KOD-0006
RC-KA-001587,Kavya Desai,PHH,5,25,25,0,en,FPS-KA-KOD-0007
RC-KA-001588,Arjun Rao,PHH,7,35,35,0,kn,FPS-KA-KOD-0008
RC-KA-001589,Meena Desai,PHH,8,40,5,35,kn,FPS-KA-KOD-0009
RC-KA-001590,Sanjay Patil,PHH,4,20,5,15,kn,FPS-KA-KOD-0010
RC-KA-001591,Bhavana Kulkarni,PHH,2,10,5,5,kn,FPS-KA-KOD-0011
RC-KA-001592,Priya Gowda,PHH,6,30,5,25,kn,FPS-KA-KOD-0012
RC-KA-001593,Shalini Desai,PHH,2,10,10,0,hi,FPS-KA-KOD-0013
RC-KA-001594,Meena Desai,PHH,8,40,15,25,kn,FPS-KA-KOD-0014
RC-KA-001595,Suresh Joshi,PHH,5,25,20,5,kn,FPS-KA-KOD-0015
RC-KA-001596,Swathi Nayak,PHH,1,5,0,5,en,FPS-KA-KOD-0016
RC-KA-001597,Suresh Kulkarni,PHH,2,10,5,5,kn,FPS-KA-KOD-0017
RC-KA-001598,Bhavana Joshi,PHH,8,40,35,5,kn,FPS-KA-KOD-0018
RC-KA-001599,Lakshmi Shetty,PHH,5,25,25,0,kn,FPS-KA-KOD-0019
RC-KA-001600,Shalini Gowda,PHH,5,25,25,0,kn,FPS-KA-KOD-0020
RC-KA-001601,Prakash Desai,PHH,8,40,40,0,kn,FPS-KA-KOL-0001
RC-KA-001602,Naveen Patil,PHH,8,40,40,0,en,FPS-KA-KOL-0002
RC-KA-001603,Kiran Sharma,PHH,7,35,20,15,kn,FPS-KA-KOL-0003
RC-KA-001604,Harish Patil,PHH,6,30,30,0,en,FPS-KA-KOL-0004
RC-KA-001605,Kavya Hegde,PHH,1,5,0,5,kn,FPS-KA-KOL-0005
RC-KA-001606,Lakshmi Hegde,PHH,1,5,5,0,kn,FPS-KA-KOL-0006
RC-KA-001607,Ravi Reddy,PHH,6,30,15,15,kn,FPS-KA-KOL-0007
RC-KA-001608,Prakash Gowda,PHH,4,20,5,15,kn,FPS-KA-KOL-0008
RC-KA-001609,Bhavana Patil,PHH,2,10,5,5,kn,FPS-KA-KOL-0009
RC-KA-001610,Suresh Kulkarni,PHH,6,30,0,30,kn,FPS-KA-KOL-0010
RC-KA-001611,Meena Sharma,PHH,7,35,20,15,kn,FPS-KA-KOL-0011
RC-KA-001612,Kiran Hegde,PHH,1,5,5,0,kn,FPS-KA-KOL-0012
RC-KA-001613,Ravi Reddy,PHH,2,10,5,5,kn,FPS-KA-KOL-0013
RC-KA-001614,Shalini Poojary,PHH,6,30,15,15,kn,FPS-KA-KOL-0014
RC-KA-001615,Kavya Kulkarni,PHH,6,30,5,25,kn,FPS-KA-KOL-0015
RC-KA-001616,Shankar Gowda,PHH,4,20,15,5,kn,FPS-KA-KOL-0016
RC-KA-001617,Ganesh Sharma,PHH,4,20,10,10,kn,FPS-KA-KOL-0017
RC-KA-001618,Akash Bhat,PHH,7,35,15,20,kn,FPS-KA-KOL-0018
RC-KA-001619,Akash Sharma,PHH,2,10,10,0,kn,FPS-KA-KOL-0019
RC-KA-001620,Shankar Gowda,PHH,8,40,30,10,kn,FPS-KA-KOL-0020
RC-KA-001621,Lakshmi Poojary,PHH,5,25,20,5,hi,FPS-KA-KOP-0001
RC-KA-001622,Divya Sharma,PHH,6,30,5,25,kn,FPS-KA-KOP-0002
RC-KA-001623,Aarav Poojary,PHH,8,40,40,0,kn,FPS-KA-KOP-0003
RC-KA-001624,Sneha Bhat,PHH,3,15,15,0,kn,FPS-KA-KOP-0004
RC-KA-001625,Pooja Rao,PHH,8,40,20,20,en,FPS-KA-KOP-0005
RC-KA-001626,Kavya Desai,PHH,7,35,0,35,kn,FPS-KA-KOP-0006
RC-KA-001627,Ravi Rao,PHH,3,15,5,10,kn,FPS-KA-KOP-0007
RC-KA-001628,Suresh Kumar,PHH,5,25,15,10,kn,FPS-KA-KOP-0008
RC-KA-001629,Lakshmi Naik,PHH,2,10,10,0,kn,FPS-KA-KOP-0009
RC-KA-001630,Ravi Sharma,PHH,5,25,25,0,kn,FPS-KA-KOP-0010
RC-KA-001631,Arjun Reddy,PHH,4,20,15,5,kn,FPS-KA-KOP-0011
RC-KA-001632,Ganesh Desai,PHH,1,5,0,5,hi,FPS-KA-KOP-0012
RC-KA-001633,Lakshmi Poojary,PHH,8,40,40,0,en,FPS-KA-KOP-0013
RC-KA-001634,Arjun Patil,PHH,1,5,0,5,kn,FPS-KA-KOP-0014
RC-KA-001635,Bhavana Poojary,PHH,5,25,10,15,kn,FPS-KA-KOP-0015
RC-KA-001636,Aditi Kumar,PHH,1,5,5,0,hi,FPS-KA-KOP-0016
RC-KA-001637,Suresh Gowda,PHH,2,10,5,5,kn,FPS-KA-KOP-0017
RC-KA-001638,Swathi Gowda,PHH,7,35,25,10,kn,FPS-KA-KOP-0018
RC-KA-001639,Prakash Bhat,PHH,7,35,10,25,kn,FPS-KA-KOP-0019
RC-KA-001640,Prakash Rao,PHH,2,10,10,0,kn,FPS-KA-KOP-0020
RC-KA-001641,Deepa Sharma,PHH,5,25,15,10,en,FPS-KA-MAN-0001
RC-KA-001642,Prakash Bhat,PHH,2,10,5,5,kn,FPS-KA-MAN-0002
RC-KA-001643,Chetan Shetty,PHH,7,35,15,20,en,FPS-KA-MAN-0003
RC-KA-001644,Divya Desai,PHH,2,10,0,10,kn,FPS-KA-MAN-0004
RC-KA-001645,Aditi Desai,PHH,7,35,20,15,en,FPS-KA-MAN-0005
RC-KA-001646,Harish Joshi,PHH,6,30,25,5,en,FPS-KA-MAN-0006
RC-KA-001647,Divya Nayak,PHH,7,35,35,0,kn,FPS-KA-MAN-0007
RC-KA-001648,Kavya Kumar,PHH,3,15,10,5,kn,FPS-KA-MAN-0008
RC-KA-001649,Swathi Sharma,PHH,5,25,0,25,kn,FPS-KA-MAN-0009
RC-KA-001650,Shankar Poojary,PHH,1,5,0,5,kn,FPS-KA-MAN-0010
RC-KA-001651,Ganesh Poojary,PHH,4,20,10,10,kn,FPS-KA-MAN-0011
RC-KA-001652,Pooja Kumar,PHH,6,30,30,0,kn,FPS-KA-MAN-0012
RC-KA-001653,Vijay Kulkarni,PHH,4,20,15,5,kn,FPS-KA-MAN-0013
RC-KA-001654,Sneha Rao,PHH,5,25,10,15,kn,FPS-KA-MAN-0014
RC-KA-001655,Swathi Shetty,PHH,4,20,10,10,kn,FPS-KA-MAN-0015
RC-KA-001656,Shalini Poojary,PHH,8,40,25,15,en,FPS-KA-MAN-0016
RC-KA-001657,Akash Kumar,PHH,7,35,0,35,kn,FPS-KA-MAN-0017
RC-KA-001658,Vijay Kumar,PHH,8,40,35,5,hi,FPS-KA-MAN-0018
RC-KA-001659,Vijay Kumar,PHH,6,30,25,5,kn,FPS-KA-MAN-0019
RC-KA-001660,Naveen Gowda,PHH,2,10,0,10,kn,FPS-KA-MAN-0020
RC-KA-001661,Sneha Joshi,PHH,6,30,15,15,kn,FPS-KA-MYS-0001
RC-KA-001662,Shalini Patil,PHH,6,30,15,15,kn,FPS-KA-MYS-0002
RC-KA-001663,Arjun Patil,PHH,3,15,15,0,hi,FPS-KA-MYS-0003
RC-KA-001664,Harish Sharma,PHH,7,35,15,20,kn,FPS-KA-MYS-0004
RC-KA-001665,Naveen Bhat,PHH,2,10,0,10,kn,FPS-KA-MYS-0005
RC-KA-001666,Harish Desai,PHH,3,15,15,0,hi,FPS-KA-MYS-0006
RC-KA-001667,Ravi Sharma,PHH,8,40,10,30,kn,FPS-KA-MYS-0007
RC-KA-001668,Akash Kulkarni,PHH,6,30,30,0,kn,FPS-KA-MYS-0008
RC-KA-001669,Kiran Kumar,PHH,6,30,5,25,kn,FPS-KA-MYS-0009
RC-KA-001670,Vijay Joshi,PHH,4,20,0,20,en,FPS-KA-MYS-0010
RC-KA-001671,Chetan Naik,PHH,4,20,0,20,en,FPS-KA-MYS-0011
RC-KA-001672,Lakshmi Sharma,PHH,3,15,0,15,kn,FPS-KA-MYS-0012
RC-KA-001673,Kavya Shetty,PHH,5,25,5,20,kn,FPS-KA-MYS-0013
RC-KA-001674,Lakshmi Rao,PHH,2,10,0,10,hi,FPS-KA-MYS-0014
RC-KA-001675,Rekha Reddy,PHH,8,40,35,5,kn,FPS-KA-MYS-0015
RC-KA-001676,Meena Kulkarni,PHH,4,20,10,10,kn,FPS-KA-MYS-0016
RC-KA-001677,Priya Reddy,PHH,3,15,15,0,en,FPS-KA-MYS-0017
RC-KA-001678,Lakshmi Shetty,PHH,5,25,25,0,kn,FPS-KA-MYS-0018
RC-KA-001679,Divya Reddy,PHH,7,35,10,25,kn,FPS-KA-MYS-0019
RC-KA-001680,Ravi Poojary,PHH,8,40,15,25,kn,FPS-KA-MYS-0020
RC-KA-001681,Arjun Kumar,PHH,8,40,5,35,kn,FPS-KA-RAI-0001
RC-KA-001682,Chetan Bhat,PHH,6,30,25,5,kn,FPS-KA-RAI-0002
RC-KA-001683,Divya Gowda,PHH,7,35,30,5,hi,FPS-KA-RAI-0003
RC-KA-001684,Harish Nayak,PHH,2,10,10,0,kn,FPS-KA-RAI-0004
RC-KA-001685,Priya Poojary,PHH,4,20,15,5,en,FPS-KA-RAI-0005
RC-KA-001686,Priya Kulkarni,PHH,1,5,0,5,kn,FPS-KA-RAI-0006
RC-KA-001687,Arjun Nayak,PHH,5,25,15,10,kn,FPS-KA-RAI-0007
RC-KA-001688,Naveen Desai,PHH,1,5,0,5,kn,FPS-KA-RAI-0008
RC-KA-001689,Harish Bhat,PHH,6,30,15,15,kn,FPS-KA-RAI-0009
RC-KA-001690,Harish Patil,PHH,7,35,10,25,kn,FPS-KA-RAI-0010
RC-KA-001691,Sneha Naik,PHH,3,15,15,0,en,FPS-KA-RAI-0011
RC-KA-001692,Swathi Naik,PHH,6,30,15,15,kn,FPS-KA-RAI-0012
RC-KA-001693,Swathi Shetty,PHH,5,25,20,5,kn,FPS-KA-RAI-0013
RC-KA-001694,Shalini Shetty,PHH,6,30,25,5,en,FPS-KA-RAI-0014
RC-KA-001695,Aditi Reddy,PHH,8,40,0,40,kn,FPS-KA-RAI-0015
RC-KA-001696,Bhavana Bhat,PHH,3,15,0,15,kn,FPS-KA-RAI-0016
RC-KA-001697,Swathi Nayak,PHH,8,40,30,10,kn,FPS-KA-RAI-0017
RC-KA-001698,Rekha Joshi,PHH,8,40,0,40,kn,FPS-KA-RAI-0018
RC-KA-001699,Suresh Bhat,PHH,8,40,35,5,kn,FPS-KA-RAI-0019
RC-KA-001700,Chetan Kumar,PHH,3,15,0,15,kn,FPS-KA-RAI-0020
RC-KA-001701,Sanjay Joshi,PHH,5,25,5,20,hi,FPS-KA-RAM-0001
RC-KA-001702,Prakash Reddy,PHH,5,25,20,5,en,FPS-KA-RAM-0002
RC-KA-001703,Akash Reddy,PHH,1,5,0,5,kn,FPS-KA-RAM-0003
RC-KA-001704,Aarav Naik,PHH,8,40,5,35,en,FPS-KA-RAM-0004
RC-KA-001705,Vijay Gowda,PHH,2,10,5,5,kn,FPS-KA-RAM-0005
RC-KA-001706,Manoj Kumar,PHH,6,30,5,25,kn,FPS-KA-RAM-0006
RC-KA-001707,Divya Sharma,PHH,8,40,35,5,kn,FPS-KA-RAM-0007
RC-KA-001708,Rahul Sharma,PHH,1,5,5,0,en,FPS-KA-RAM-0008
RC-KA-001709,Sanjay Nayak,PHH,8,40,25,15,en,FPS-KA-RAM-0009
RC-KA-001710,Shankar Poojary,PHH,3,15,5,10,en,FPS-KA-RAM-0010
RC-KA-001711,Sanjay Gowda,PHH,5,25,10,15,hi,FPS-KA-RAM-0011
RC-KA-001712,Bhavana Reddy,PHH,7,35,5,30,kn,FPS-KA-RAM-0012
RC-KA-001713,Chetan Shetty,PHH,7,35,5,30,kn,FPS-KA-RAM-0013
RC-KA-001714,Shalini Poojary,PHH,7,35,30,5,kn,FPS-KA-RAM-0014
RC-KA-001715,Shankar Kulkarni,PHH,3,15,0,15,kn,FPS-KA-RAM-0015
RC-KA-001716,Kavya Poojary,PHH,5,25,25,0,kn,FPS-KA-RAM-0016
RC-KA-001717,Meena Desai,PHH,2,10,5,5,kn,FPS-KA-RAM-0017
RC-KA-001718,Priya Kulkarni,PHH,7,35,35,0,kn,FPS-KA-RAM-0018
RC-KA-001719,Priya Shetty,PHH,2,10,5,5,hi,FPS-KA-RAM-0019
RC-KA-001720,Naveen Hegde,PHH,7,35,30,5,kn,FPS-KA-RAM-0020
RC-KA-001721,Rekha Shetty,PHH,8,40,15,25,kn,FPS-KA-SHI-0001
RC-KA-001722,Naveen Gowda,PHH,8,40,40,0,kn,FPS-KA-SHI-0002
RC-KA-001723,Vijay Rao,PHH,5,25,15,10,kn,FPS-KA-SHI-0003
RC-KA-001724,Arjun Poojary,PHH,8,40,20,20,kn,FPS-KA-SHI-0004
RC-KA-001725,Ganesh Sharma,PHH,5,25,5,20,kn,FPS-KA-SHI-0005
RC-KA-001726,Naveen Gowda,PHH,1,5,0,5,en,FPS-KA-SHI-0006
RC-KA-001727,Ravi Bhat,PHH,7,35,30,5,kn,FPS-KA-SHI-0007
RC-KA-001728,Akash Rao,PHH,5,25,10,15,kn,FPS-KA-SHI-0008
RC-KA-001729,Manoj Shetty,PHH,1,5,0,5,hi,FPS-KA-SHI-0009
RC-KA-001730,Lakshmi Nayak,PHH,3,15,15,0,kn,FPS-KA-SHI-0010
RC-KA-001731,Manoj Rao,PHH,5,25,10,15,kn,FPS-KA-SHI-0011
RC-KA-001732,Vijay Kumar,PHH,8,40,20,20,kn,FPS-KA-SHI-0012
RC-KA-001733,Sanjay Sharma,PHH,3,15,5,10,kn,FPS-KA-SHI-0013
RC-KA-001734,Pooja Patil,PHH,5,25,25,0,kn,FPS-KA-SHI-0014
RC-KA-001735,Bhavana Poojary,PHH,1,5,5,0,kn,FPS-KA-SHI-0015
RC-KA-001736,Suresh Poojary,PHH,8,40,35,5,kn,FPS-KA-SHI-0016
RC-KA-001737,Priya Hegde,PHH,8,40,20,20,kn,FPS-KA-SHI-0017
RC-KA-001738,Arjun Patil,PHH,7,35,20,15,kn,FPS-KA-SHI-0018
RC-KA-001739,Rekha Reddy,PHH,4,20,0,20,hi,FPS-KA-SHI-0019
RC-KA-001740,Arjun Poojary,PHH,1,5,0,5,kn,FPS-KA-SHI-0020
RC-KA-001741,Suresh Rao,PHH,4,20,15,5,hi,FPS-KA-TUM-0001
RC-KA-001742,Manoj Shetty,PHH,4,20,0,20,kn,FPS-KA-TUM-0002
RC-KA-001743,Bhavana Nayak,PHH,8,40,30,10,kn,FPS-KA-TUM-0003
RC-KA-001744,Meena Patil,PHH,3,15,15,0,en,FPS-KA-TUM-0004
RC-KA-001745,Prakash Kumar,PHH,8,40,15,25,kn,FPS-KA-TUM-0005
RC-KA-001746,Ananya Poojary,PHH,7,35,0,35,kn,FPS-KA-TUM-0006
RC-KA-001747,Sanjay Sharma,PHH,7,35,30,5,hi,FPS-KA-TUM-0007
RC-KA-001748,Meena Joshi,PHH,5,25,0,25,kn,FPS-KA-TUM-0008
RC-KA-001749,Naveen Patil,PHH,8,40,15,25,hi,FPS-KA-TUM-0009
RC-KA-001750,Divya Nayak,PHH,7,35,25,10,kn,FPS-KA-TUM-0010
RC-KA-001751,Priya Poojary,PHH,7,35,35,0,kn,FPS-KA-TUM-0011
RC-KA-001752,Aarav Shetty,PHH,6,30,15,15,kn,FPS-KA-TUM-0012
RC-KA-001753,Kavya Desai,PHH,5,25,25,0,kn,FPS-KA-TUM-0013
RC-KA-001754,Vijay Poojary,PHH,4,20,20,0,kn,FPS-KA-TUM-0014
RC-KA-001755,Rekha Poojary,PHH,6,30,20,10,en,FPS-KA-TUM-0015
RC-KA-001756,Sanjay Bhat,PHH,8,40,10,30,en,FPS-KA-TUM-0016
RC-KA-001757,Ravi Poojary,PHH,7,35,30,5,hi,FPS-KA-TUM-0017
RC-KA-001758,Suresh Shetty,PHH,6,30,30,0,kn,FPS-KA-TUM-0018
RC-KA-001759,Akash Poojary,PHH,4,20,10,10,kn,FPS-KA-TUM-0019
RC-KA-001760,Bhavana Sharma,PHH,8,40,10,30,kn,FPS-KA-TUM-0020
RC-KA-001761,Meena Naik,PHH,8,40,5,35,hi,FPS-KA-UDP-0001
RC-KA-001762,Aarav Hegde,PHH,4,20,5,15,kn,FPS-KA-UDP-0002
RC-KA-001763,Bhavana Kumar,PHH,5,25,10,15,kn,FPS-KA-UDP-0003
RC-KA-001764,Ananya Sharma,PHH,1,5,0,5,kn,FPS-KA-UDP-0004
RC-KA-001765,Meena Naik,PHH,4,20,0,20,kn,FPS-KA-UDP-0005
RC-KA-001766,Aditi Rao,PHH,6,30,30,0,kn,FPS-KA-UDP-0006
RC-KA-001767,Suresh Joshi,PHH,5,25,5,20,en,FPS-KA-UDP-0007
RC-KA-001768,Manoj Rao,PHH,2,10,10,0,kn,FPS-KA-UDP-0008
RC-KA-001769,Shankar Sharma,PHH,8,40,5,35,en,FPS-KA-UDP-0009
RC-KA-001770,Ananya Shetty,PHH,2,10,10,0,kn,FPS-KA-UDP-0010
RC-KA-001771,Bhavana Bhat,PHH,2,10,0,10,en,FPS-KA-UDP-0011
RC-KA-001772,Naveen Desai,PHH,5,25,25,0,kn,FPS-KA-UDP-0012
RC-KA-001773,Harish Kumar,PHH,2,10,0,10,kn,FPS-KA-UDP-0013
RC-KA-001774,Manoj Kulkarni,PHH,3,15,0,15,hi,FPS-KA-UDP-0014
RC-KA-001775,Meena Hegde,PHH,1,5,0,5,hi,FPS-KA-UDP-0015
RC-KA-001776,Divya Hegde,PHH,5,25,20,5,kn,FPS-KA-UDP-0016
RC-KA-001777,Deepa Shetty,PHH,7,35,25,10,kn,FPS-KA-UDP-0017
RC-KA-001778,Lakshmi Kulkarni,PHH,7,35,15,20,kn,FPS-KA-UDP-0018
RC-KA-001779,Naveen Rao,PHH,7,35,35,0,en,FPS-KA-UDP-0019
RC-KA-001780,Shalini Patil,PHH,6,30,0,30,kn,FPS-KA-UDP-0020
RC-KA-001781,Kiran Rao,PHH,2,10,0,10,kn,FPS-KA-UK-0001
RC-KA-001782,Shalini Patil,PHH,3,15,15,0,kn,FPS-KA-UK-0002
RC-KA-001783,Rekha Rao,PHH,3,15,0,15,en,FPS-KA-UK-0003
RC-KA-001784,Ravi Bhat,PHH,5,25,15,10,kn,FPS-KA-UK-0004
RC-KA-001785,Vijay Hegde,PHH,5,25,25,0,hi,FPS-KA-UK-0005
RC-KA-001786,Priya Nayak,PHH,1,5,5,0,en,FPS-KA-UK-0006
RC-KA-001787,Chetan Nayak,PHH,3,15,15,0,kn,FPS-KA-UK-0007
RC-KA-001788,Shankar Poojary,PHH,8,40,25,15,en,FPS-KA-UK-0008
RC-KA-001789,Akash Patil,PHH,7,35,15,20,en,FPS-KA-UK-0009
RC-KA-001790,Sanjay Nayak,PHH,6,30,15,15,hi,FPS-KA-UK-0010
RC-KA-001791,Naveen Joshi,PHH,3,15,10,5,kn,FPS-KA-UK-0011
RC-KA-001792,Rahul Shetty,PHH,5,25,20,5,kn,FPS-KA-UK-0012
RC-KA-001793,Pooja Sharma,PHH,1,5,0,5,en,FPS-KA-UK-0013
RC-KA-001794,Ganesh Bhat,PHH,5,25,5,20,hi,FPS-KA-UK-0014
RC-KA-001795,Sneha Hegde,PHH,7,35,5,30,hi,FPS-KA-UK-0015
RC-KA-001796,Ananya Patil,PHH,5,25,25,0,kn,FPS-KA-UK-0016
RC-KA-001797,Sanjay Patil,PHH,2,10,5,5,kn,FPS-KA-UK-0017
RC-KA-001798,Shankar Bhat,PHH,8,40,25,15,en,FPS-KA-UK-0018
RC-KA-001799,Ravi Rao,PHH,4,20,10,10,kn,FPS-KA-UK-0019
RC-KA-001800,Deepa Gowda,PHH,3,15,15,0,kn,FPS-KA-UK-0020
RC-KA-001801,Sneha Rao,PHH,6,30,20,10,kn,FPS-KA-VIJ-0001
RC-KA-001802,Rekha Kulkarni,PHH,6,30,15,15,kn,FPS-KA-VIJ-0002
RC-KA-001803,Lakshmi Nayak,PHH,7,35,5,30,kn,FPS-KA-VIJ-0003
RC-KA-001804,Akash Hegde,PHH,3,15,15,0,kn,FPS-KA-VIJ-0004
RC-KA-001805,Prakash Desai,PHH,7,35,30,5,en,FPS-KA-VIJ-0005
RC-KA-001806,Meena Bhat,PHH,7,35,35,0,kn,FPS-KA-VIJ-0006
RC-KA-001807,Arjun Desai,PHH,7,35,10,25,kn,FPS-KA-VIJ-0007
RC-KA-001808,Naveen Kumar,PHH,8,40,10,30,en,FPS-KA-VIJ-0008
RC-KA-001809,Meena Patil,PHH,2,10,10,0,kn,FPS-KA-VIJ-0009
RC-KA-001810,Ananya Sharma,PHH,3,15,10,5,en,FPS-KA-VIJ-0010
RC-KA-001811,Prakash Naik,PHH,7,35,5,30,kn,FPS-KA-VIJ-0011
RC-KA-001812,Ganesh Hegde,PHH,1,5,0,5,kn,FPS-KA-VIJ-0012
RC-KA-001813,Shankar Shetty,PHH,5,25,10,15,kn,FPS-KA-VIJ-0013
RC-KA-001814,Swathi Naik,PHH,3,15,15,0,kn,FPS-KA-VIJ-0014
RC-KA-001815,Sanjay Desai,PHH,5,25,5,20,kn,FPS-KA-VIJ-0015
RC-KA-001816,Akash Kumar,PHH,1,5,0,5,kn,FPS-KA-VIJ-0016
RC-KA-001817,Ganesh Sharma,PHH,1,5,5,0,kn,FPS-KA-VIJ-0017
RC-KA-001818,Meena Kumar,PHH,8,40,25,15,hi,FPS-KA-VIJ-0018
RC-KA-001819,Manoj Rao,PHH,3,15,5,10,kn,FPS-KA-VIJ-0019
RC-KA-001820,Sanjay Hegde,PHH,8,40,35,5,kn,FPS-KA-VIJ-0020
RC-KA-001821,Lakshmi Kulkarni,PHH,2,10,10,0,kn,FPS-KA-VIG-0001
RC-KA-001822,Aditi Poojary,PHH,4,20,15,5,kn,FPS-KA-VIG-0002
RC-KA-001823,Suresh Shetty,PHH,8,40,20,20,kn,FPS-KA-VIG-0003
RC-KA-001824,Ananya Poojary,PHH,1,5,5,0,kn,FPS-KA-VIG-0004
RC-KA-001825,Pooja Sharma,PHH,2,10,0,10,en,FPS-KA-VIG-0005
RC-KA-001826,Naveen Nayak,PHH,1,5,0,5,hi,FPS-KA-VIG-0006
RC-KA-001827,Pooja Shetty,PHH,1,5,0,5,kn,FPS-KA-VIG-0007
RC-KA-001828,Deepa Kumar,PHH,1,5,5,0,hi,FPS-KA-VIG-0008
RC-KA-001829,Priya Hegde,PHH,8,40,5,35,hi,FPS-KA-VIG-0009
RC-KA-001830,Vijay Patil,PHH,7,35,0,35,kn,FPS-KA-VIG-0010
RC-KA-001831,Aarav Kumar,PHH,6,30,15,15,kn,FPS-KA-VIG-0011
RC-KA-001832,Ananya Gowda,PHH,6,30,15,15,kn,FPS-KA-VIG-0012
RC-KA-001833,Divya Rao,PHH,3,15,10,5,kn,FPS-KA-VIG-0013
RC-KA-001834,Lakshmi Poojary,PHH,2,10,0,10,kn,FPS-KA-VIG-0014
RC-KA-001835,Harish Shetty,PHH,3,15,0,15,kn,FPS-KA-VIG-0015
RC-KA-001836,Ananya Hegde,PHH,1,5,0,5,kn,FPS-KA-VIG-0016
RC-KA-001837,Divya Kulkarni,PHH,3,15,15,0,en,FPS-KA-VIG-0017
RC-KA-001838,Shalini Sharma,PHH,2,10,0,10,kn,FPS-KA-VIG-0018
RC-KA-001839,Naveen Kulkarni,PHH,4,20,15,5,kn,FPS-KA-VIG-0019
RC-KA-001840,Manoj Joshi,PHH,2,10,5,5,kn,FPS-KA-VIG-0020
RC-KA-001841,Lakshmi Poojary,PHH,7,35,5,30,kn,FPS-KA-YAD-0001
RC-KA-001842,Prakash Poojary,PHH,4,20,0,20,kn,FPS-KA-YAD-0002
RC-KA-001843,Rahul Rao,PHH,2,10,0,10,hi,FPS-KA-YAD-0003
RC-KA-001844,Manoj Gowda,PHH,3,15,10,5,kn,FPS-KA-YAD-0004
RC-KA-001845,Bhavana Rao,PHH,4,20,5,15,kn,FPS-KA-YAD-0005
RC-KA-001846,Vijay Joshi,PHH,4,20,20,0,en,FPS-KA-YAD-0006
RC-KA-001847,Manoj Kumar,PHH,8,40,0,40,kn,FPS-KA-YAD-0007
RC-KA-001848,Aarav Patil,PHH,5,25,25,0,en,FPS-KA-YAD-0008
RC-KA-001849,Sneha Poojary,PHH,8,40,20,20,kn,FPS-KA-YAD-0009
RC-KA-001850,Chetan Sharma,PHH,7,35,25,10,hi,FPS-KA-YAD-0010
RC-KA-001851,Pooja Sharma,PHH,5,25,0,25,kn,FPS-KA-YAD-0011
RC-KA-001852,Rekha Gowda,PHH,2,10,5,5,kn,FPS-KA-YAD-0012
RC-KA-001853,Chetan Sharma,PHH,3,15,10,5,en,FPS-KA-YAD-0013
RC-KA-001854,Rahul Naik,PHH,6,30,25,5,en,FPS-KA-YAD-0014
RC-KA-001855,Harish Hegde,PHH,8,40,20,20,kn,FPS-KA-YAD-0015
RC-KA-001856,Harish Patil,PHH,4,20,15,5,en,FPS-KA-YAD-0016
RC-KA-001857,Aarav Nayak,PHH,3,15,0,15,kn,FPS-KA-YAD-0017
RC-KA-001858,Swathi Bhat,PHH,1,5,0,5,kn,FPS-KA-YAD-0018
RC-KA-001859,Shankar Nayak,PHH,8,40,30,10,kn,FPS-KA-YAD-0019
RC-KA-001860,Sneha Kumar,PHH,2,10,10,0,kn,FPS-KA-YAD-0020
RC-KA-001861,Sneha Kulkarni,PHH,8,40,5,35,kn,FPS-KA-BAG-0001
RC-KA-001862,Shalini Rao,PHH,6,30,15,15,kn,FPS-KA-BAG-0002
RC-KA-001863,Vijay Reddy,PHH,1,5,0,5,kn,FPS-KA-BAG-0003
RC-KA-001864,Aarav Rao,PHH,8,40,0,40,kn,FPS-KA-BAG-0004
RC-KA-001865,Kavya Reddy,PHH,5,25,25,0,en,FPS-KA-BAG-0005
RC-KA-001866,Shankar Bhat,PHH,2,10,10,0,kn,FPS-KA-BAG-0006
RC-KA-001867,Kavya Patil,PHH,4,20,5,15,en,FPS-KA-BAG-0007
RC-KA-001868,Rekha Sharma,PHH,5,25,15,10,en,FPS-KA-BAG-0008
RC-KA-001869,Sneha Poojary,PHH,4,20,0,20,kn,FPS-KA-BAG-0009
RC-KA-001870,Prakash Joshi,PHH,7,35,5,30,en,FPS-KA-BAG-0010
RC-KA-001871,Ravi Bhat,PHH,8,40,10,30,kn,FPS-KA-BAG-0011
RC-KA-001872,Sanjay Gowda,PHH,3,15,0,15,kn,FPS-KA-BAG-0012
RC-KA-001873,Suresh Reddy,PHH,3,15,10,5,en,FPS-KA-BAG-0013
RC-KA-001874,Aarav Bhat,PHH,5,25,5,20,hi,FPS-KA-BAG-0014
RC-KA-001875,Manoj Patil,PHH,5,25,25,0,kn,FPS-KA-BAG-0015
RC-KA-001876,Harish Kulkarni,PHH,7,35,0,35,en,FPS-KA-BAG-0016
RC-KA-001877,Naveen Desai,PHH,7,35,20,15,kn,FPS-KA-BAG-0017
RC-KA-001878,Aditi Nayak,PHH,8,40,25,15,kn,FPS-KA-BAG-0018
RC-KA-001879,Lakshmi Joshi,PHH,4,20,0,20,kn,FPS-KA-BAG-0019
RC-KA-001880,Chetan Hegde,PHH,8,40,25,15,kn,FPS-KA-BAG-0020
RC-KA-001881,Sanjay Reddy,PHH,2,10,10,0,hi,FPS-KA-BAL-0001
RC-KA-001882,Chetan Shetty,PHH,7,35,5,30,en,FPS-KA-BAL-0002
RC-KA-001883,Rahul Gowda,PHH,6,30,10,20,kn,FPS-KA-BAL-0003
RC-KA-001884,Aarav Sharma,PHH,1,5,5,0,kn,FPS-KA-BAL-0004
RC-KA-001885,Ananya Desai,PHH,6,30,30,0,kn,FPS-KA-BAL-0005
RC-KA-001886,Sneha Hegde,PHH,4,20,10,10,hi,FPS-KA-BAL-0006
RC-KA-001887,Priya Desai,PHH,4,20,0,20,hi,FPS-KA-BAL-0007
RC-KA-001888,Ananya Gowda,PHH,2,10,10,0,kn,FPS-KA-BAL-0008
RC-KA-001889,Swathi Kumar,PHH,1,5,0,5,kn,FPS-KA-BAL-0009
RC-KA-001890,Shankar Desai,PHH,2,10,0,10,kn,FPS-KA-BAL-0010
RC-KA-001891,Lakshmi Gowda,PHH,1,5,5,0,kn,FPS-KA-BAL-0011
RC-KA-001892,Aditi Naik,PHH,2,10,10,0,kn,FPS-KA-BAL-0012
RC-KA-001893,Shalini Kulkarni,PHH,7,35,30,5,kn,FPS-KA-BAL-0013
RC-KA-001894,Priya Patil,PHH,4,20,20,0,hi,FPS-KA-BAL-0014
RC-KA-001895,Lakshmi Nayak,PHH,8,40,30,10,kn,FPS-KA-BAL-0015
RC-KA-001896,Ravi Rao,PHH,2,10,5,5,kn,FPS-KA-BAL-0016
RC-KA-001897,Prakash Reddy,PHH,1,5,5,0,kn,FPS-KA-BAL-0017
RC-KA-001898,Rekha Gowda,PHH,2,10,0,10,kn,FPS-KA-BAL-0018
RC-KA-001899,Naveen Naik,PHH,4,20,20,0,kn,FPS-KA-BAL-0019
RC-KA-001900,Priya Desai,PHH,6,30,15,15,kn,FPS-KA-BAL-0020
RC-KA-001901,Aditi Patil,PHH,3,15,5,10,kn,FPS-KA-BEL-0001
RC-KA-001902,Naveen Poojary,PHH,3,15,10,5,kn,FPS-KA-BEL-0002
RC-KA-001903,Pooja Rao,PHH,6,30,10,20,kn,FPS-KA-BEL-0003
RC-KA-001904,Priya Hegde,PHH,3,15,5,10,kn,FPS-KA-BEL-0004
RC-KA-001905,Naveen Sharma,PHH,5,25,10,15,en,FPS-KA-BEL-0005
RC-KA-001906,Sneha Kumar,PHH,3,15,0,15,kn,FPS-KA-BEL-0006
RC-KA-001907,Chetan Poojary,PHH,1,5,5,0,kn,FPS-KA-BEL-0007
RC-KA-001908,Ravi Desai,PHH,4,20,0,20,kn,FPS-KA-BEL-0008
RC-KA-001909,Prakash Hegde,PHH,8,40,25,15,en,FPS-KA-BEL-0009
RC-KA-001910,Ananya Desai,PHH,5,25,15,10,kn,FPS-KA-BEL-0010
RC-KA-001911,Aarav Poojary,PHH,1,5,5,0,kn,FPS-KA-BEL-0011
RC-KA-001912,Chetan Reddy,PHH,4,20,5,15,kn,FPS-KA-BEL-0012
RC-KA-001913,Kiran Reddy,PHH,8,40,25,15,hi,FPS-KA-BEL-0013
RC-KA-001914,Aarav Hegde,PHH,7,35,10,25,hi,FPS-KA-BEL-0014
RC-KA-001915,Pooja Gowda,PHH,1,5,0,5,kn,FPS-KA-BEL-0015
RC-KA-001916,Rahul Sharma,PHH,3,15,10,5,kn,FPS-KA-BEL-0016
RC-KA-001917,Chetan Reddy,PHH,6,30,0,30,en,FPS-KA-BEL-0017
RC-KA-001918,Divya Bhat,PHH,5,25,5,20,kn,FPS-KA-BEL-0018
RC-KA-001919,Deepa Shetty,PHH,3,15,10,5,hi,FPS-KA-BEL-0019
RC-KA-001920,Divya Nayak,PHH,4,20,0,20,kn,FPS-KA-BEL-0020
RC-KA-001921,Arjun Kulkarni,PHH,2,10,0,10,hi,FPS-KA-BLR-R-0001
RC-KA-001922,Ganesh Desai,PHH,2,10,5,5,en,FPS-KA-BLR-R-0002
RC-KA-001923,Ravi Shetty,PHH,4,20,10,10,hi,FPS-KA-BLR-R-0003
RC-KA-001924,Swathi Nayak,PHH,7,35,5,30,kn,FPS-KA-BLR-R-0004
RC-KA-001925,Kiran Bhat,PHH,3,15,5,10,kn,FPS-KA-BLR-R-0005
RC-KA-001926,Rahul Reddy,PHH,6,30,10,20,kn,FPS-KA-BLR-R-0006
RC-KA-001927,Ganesh Rao,PHH,1,5,0,5,en,FPS-KA-BLR-R-0007
RC-KA-001928,Rahul Rao,PHH,3,15,10,5,kn,FPS-KA-BLR-R-0008
RC-KA-001929,Prakash Nayak,PHH,5,25,5,20,en,FPS-KA-BLR-R-0009
RC-KA-001930,Shankar Desai,PHH,8,40,15,25,hi,FPS-KA-BLR-R-0010
RC-KA-001931,Shalini Nayak,PHH,2,10,0,10,kn,FPS-KA-BLR-R-0011
RC-KA-001932,Bhavana Hegde,PHH,6,30,15,15,kn,FPS-KA-BLR-R-0012
RC-KA-001933,Rekha Desai,PHH,6,30,20,10,kn,FPS-KA-BLR-R-0013
RC-KA-001934,Rahul Nayak,PHH,8,40,20,20,kn,FPS-KA-BLR-R-0014
RC-KA-001935,Chetan Desai,PHH,1,5,0,5,kn,FPS-KA-BLR-R-0015
RC-KA-001936,Lakshmi Nayak,PHH,4,20,15,5,kn,FPS-KA-BLR-R-0016
RC-KA-001937,Kavya Naik,PHH,7,35,10,25,en,FPS-KA-BLR-R-0017
RC-KA-001938,Ganesh Desai,PHH,2,10,0,10,hi,FPS-KA-BLR-R-0018
RC-KA-001939,Manoj Joshi,PHH,6,30,5,25,kn,FPS-KA-BLR-R-0019
RC-KA-001940,Lakshmi Kulkarni,PHH,6,30,15,15,kn,FPS-KA-BLR-R-0020
RC-KA-001941,Divya Kulkarni,PHH,6,30,30,0,kn,FPS-KA-BLR-U-0001
RC-KA-001942,Divya Poojary,PHH,1,5,0,5,kn,FPS-KA-BLR-U-0002
RC-KA-001943,Ganesh Kumar,PHH,2,10,5,5,en,FPS-KA-BLR-U-0003
RC-KA-001944,Ananya Gowda,PHH,2,10,5,5,en,FPS-KA-BLR-U-0004
RC-KA-001945,Chetan Hegde,PHH,2,10,5,5,kn,FPS-KA-BLR-U-0005
RC-KA-001946,Sanjay Kumar,PHH,4,20,10,10,kn,FPS-KA-BLR-U-0006
RC-KA-001947,Arjun Kumar,PHH,5,25,5,20,hi,FPS-KA-BLR-U-0007
RC-KA-001948,Ganesh Kumar,PHH,5,25,0,25,hi,FPS-KA-BLR-U-0008
RC-KA-001949,Kiran Kumar,PHH,6,30,30,0,en,FPS-KA-BLR-U-0009
RC-KA-001950,Shalini Shetty,PHH,1,5,5,0,kn,FPS-KA-BLR-U-0010
RC-KA-001951,Sanjay Reddy,PHH,7,35,15,20,kn,FPS-KA-BLR-U-0011
RC-KA-001952,Shankar Joshi,PHH,8,40,15,25,kn,FPS-KA-BLR-U-0012
RC-KA-001953,Akash Hegde,PHH,8,40,35,5,kn,FPS-KA-BLR-U-0013
RC-KA-001954,Rekha Kulkarni,PHH,4,20,15,5,hi,FPS-KA-BLR-U-0014
RC-KA-001955,Pooja Patil,PHH,4,20,15,5,kn,FPS-KA-BLR-U-0015
RC-KA-001956,Arjun Naik,PHH,6,30,5,25,kn,FPS-KA-BLR-U-0016
RC-KA-001957,Sneha Hegde,PHH,1,5,5,0,hi,FPS-KA-BLR-U-0017
RC-KA-001958,Ravi Rao,PHH,6,30,5,25,kn,FPS-KA-BLR-U-0018
RC-KA-001959,Aarav Sharma,PHH,7,35,20,15,kn,FPS-KA-BLR-U-0019
RC-KA-001960,Harish Sharma,PHH,1,5,0,5,kn,FPS-KA-BLR-U-0020
RC-KA-001961,Kiran Gowda,PHH,7,35,30,5,kn,FPS-KA-BID-0001
RC-KA-001962,Harish Sharma,PHH,7,35,15,20,kn,FPS-KA-BID-0002
RC-KA-001963,Ananya Poojary,PHH,8,40,20,20,kn,FPS-KA-BID-0003
RC-KA-001964,Priya Desai,PHH,3,15,0,15,hi,FPS-KA-BID-0004
RC-KA-001965,Vijay Kulkarni,PHH,1,5,0,5,kn,FPS-KA-BID-0005
RC-KA-001966,Ravi Joshi,PHH,5,25,5,20,kn,FPS-KA-BID-0006
RC-KA-001967,Naveen Patil,PHH,2,10,5,5,kn,FPS-KA-BID-0007
RC-KA-001968,Lakshmi Kulkarni,PHH,3,15,10,5,en,FPS-KA-BID-0008
RC-KA-001969,Lakshmi Desai,PHH,3,15,0,15,kn,FPS-KA-BID-0009
RC-KA-001970,Suresh Reddy,PHH,2,10,5,5,en,FPS-KA-BID-0010
RC-KA-001971,Sneha Bhat,PHH,3,15,5,10,kn,FPS-KA-BID-0011
RC-KA-001972,Ganesh Sharma,PHH,8,40,10,30,kn,FPS-KA-BID-0012
RC-KA-001973,Manoj Naik,PHH,4,20,20,0,hi,FPS-KA-BID-0013
RC-KA-001974,Manoj Gowda,PHH,4,20,0,20,en,FPS-KA-BID-0014
RC-KA-001975,Vijay Sharma,PHH,7,35,15,20,kn,FPS-KA-BID-0015
RC-KA-001976,Aditi Bhat,PHH,8,40,35,5,kn,FPS-KA-BID-0016
RC-KA-001977,Vijay Desai,PHH,2,10,5,5,kn,FPS-KA-BID-0017
RC-KA-001978,Shankar Naik,PHH,6,30,25,5,hi,FPS-KA-BID-0018
RC-KA-001979,Bhavana Nayak,PHH,7,35,10,25,kn,FPS-KA-BID-0019
RC-KA-001980,Ravi Shetty,PHH,7,35,35,0,kn,FPS-KA-BID-0020
RC-KA-001981,Aditi Reddy,PHH,2,10,5,5,kn,FPS-KA-CHA-0001
RC-KA-001982,Pooja Naik,PHH,3,15,10,5,en,FPS-KA-CHA-0002
RC-KA-001983,Swathi Reddy,PHH,2,10,10,0,hi,FPS-KA-CHA-0003
RC-KA-001984,Pooja Gowda,PHH,8,40,30,10,en,FPS-KA-CHA-0004
RC-KA-001985,Naveen Rao,PHH,6,30,0,30,hi,FPS-KA-CHA-0005
RC-KA-001986,Divya Reddy,PHH,6,30,15,15,kn,FPS-KA-CHA-0006
RC-KA-001987,Rahul Bhat,PHH,1,5,5,0,kn,FPS-KA-CHA-0007
RC-KA-001988,Kiran Kumar,PHH,8,40,30,10,kn,FPS-KA-CHA-0008
RC-KA-001989,Divya Gowda,PHH,4,20,15,5,kn,FPS-KA-CHA-0009
RC-KA-001990,Manoj Desai,PHH,3,15,10,5,kn,FPS-KA-CHA-0010
RC-KA-001991,Ravi Reddy,PHH,8,40,5,35,kn,FPS-KA-CHA-0011
RC-KA-001992,Divya Kumar,PHH,8,40,10,30,kn,FPS-KA-CHA-0012
RC-KA-001993,Priya Gowda,PHH,3,15,5,10,hi,FPS-KA-CHA-0013
RC-KA-001994,Sanjay Kulkarni,PHH,3,15,10,5,kn,FPS-KA-CHA-0014
RC-KA-001995,Aarav Poojary,PHH,3,15,0,15,kn,FPS-KA-CHA-0015
RC-KA-001996,Bhavana Reddy,PHH,5,25,5,20,kn,FPS-KA-CHA-0016
RC-KA-001997,Aditi Kumar,PHH,1,5,0,5,kn,FPS-KA-CHA-0017
RC-KA-001998,Manoj Patil,PHH,2,10,5,5,kn,FPS-KA-CHA-0018
RC-KA-001999,Shalini Reddy,PHH,1,5,0,5,hi,FPS-KA-CHA-0019
RC-KA-002000,Chetan Gowda,PHH,4,20,10,10,en,FPS-KA-CHA-0020
RC-KA-002001,Aarav Hegde,PHH,1,5,5,0,kn,FPS-KA-CHB-0001
RC-KA-002002,Swathi Gowda,PHH,4,20,0,20,kn,FPS-KA-CHB-0002
RC-KA-002003,Naveen Gowda,PHH,3,15,5,10,kn,FPS-KA-CHB-0003
RC-KA-002004,Chetan Sharma,PHH,6,30,10,20,kn,FPS-KA-CHB-0004
RC-KA-002005,Lakshmi Gowda,PHH,4,20,20,0,kn,FPS-KA-CHB-0005
RC-KA-002006,Harish Shetty,PHH,4,20,5,15,kn,FPS-KA-CHB-0006
RC-KA-002007,Aarav Kulkarni,PHH,1,5,5,0,kn,FPS-KA-CHB-0007
RC-KA-002008,Ravi Kumar,PHH,4,20,15,5,kn,FPS-KA-CHB-0008
RC-KA-002009,Aditi Gowda,PHH,5,25,25,0,kn,FPS-KA-CHB-0009
RC-KA-002010,Priya Desai,PHH,4,20,15,5,kn,FPS-KA-CHB-0010
RC-KA-002011,Vijay Kumar,PHH,2,10,10,0,kn,FPS-KA-CHB-0011
RC-KA-002012,Priya Hegde,PHH,3,15,10,5,en,FPS-KA-CHB-0012
RC-KA-002013,Rahul Rao,PHH,7,35,10,25,kn,FPS-KA-CHB-0013
RC-KA-002014,Akash Hegde,PHH,6,30,30,0,kn,FPS-KA-CHB-0014
RC-KA-002015,Rahul Bhat,PHH,1,5,5,0,kn,FPS-KA-CHB-0015
RC-KA-002016,Aarav Reddy,PHH,4,20,20,0,kn,FPS-KA-CHB-0016
RC-KA-002017,Sanjay Kulkarni,PHH,1,5,0,5,kn,FPS-KA-CHB-0017
RC-KA-002018,Arjun Hegde,PHH,4,20,20,0,kn,FPS-KA-CHB-0018
RC-KA-002019,Kiran Reddy,PHH,8,40,20,20,kn,FPS-KA-CHB-0019
RC-KA-002020,Priya Desai,PHH,1,5,0,5,en,FPS-KA-CHB-0020
RC-KA-002021,Rahul Rao,PHH,6,30,5,25,kn,FPS-KA-CHK-0001
RC-KA-002022,Ganesh Rao,PHH,1,5,5,0,kn,FPS-KA-CHK-0002
RC-KA-002023,Harish Hegde,PHH,1,5,0,5,hi,FPS-KA-CHK-0003
RC-KA-002024,Vijay Nayak,PHH,4,20,5,15,kn,FPS-KA-CHK-0004
RC-KA-002025,Kiran Joshi,PHH,4,20,5,15,kn,FPS-KA-CHK-0005
RC-KA-002026,Aarav Gowda,PHH,6,30,5,25,kn,FPS-KA-CHK-0006
RC-KA-002027,Aditi Poojary,PHH,8,40,5,35,en,FPS-KA-CHK-0007
RC-KA-002028,Bhavana Sharma,PHH,3,15,5,10,kn,FPS-KA-CHK-0008
RC-KA-002029,Lakshmi Bhat,PHH,4,20,5,15,kn,FPS-KA-CHK-0009
RC-KA-002030,Chetan Reddy,PHH,8,40,20,20,kn,FPS-KA-CHK-0010
RC-KA-002031,Ganesh Naik,PHH,7,35,10,25,kn,FPS-KA-CHK-0011
RC-KA-002032,Shankar Desai,PHH,8,40,15,25,kn,FPS-KA-CHK-0012
RC-KA-002033,Bhavana Desai,PHH,2,10,5,5,kn,FPS-KA-CHK-0013
RC-KA-002034,Sanjay Kulkarni,PHH,8,40,30,10,kn,FPS-KA-CHK-0014
RC-KA-002035,Kiran Kulkarni,PHH,3,15,15,0,kn,FPS-KA-CHK-0015
RC-KA-002036,Arjun Joshi,PHH,2,10,5,5,kn,FPS-KA-CHK-0016
RC-KA-002037,Ganesh Desai,PHH,3,15,10,5,kn,FPS-KA-CHK-0017
RC-KA-002038,Meena Gowda,PHH,5,25,15,10,kn,FPS-KA-CHK-0018
RC-KA-002039,Chetan Shetty,PHH,6,30,5,25,hi,FPS-KA-CHK-0019
RC-KA-002040,Naveen Bhat,PHH,4,20,0,20,kn,FPS-KA-CHK-0020
RC-KA-002041,Lakshmi Kulkarni,PHH,6,30,15,15,kn,FPS-KA-CHI-0001
RC-KA-002042,Rahul Sharma,PHH,6,30,15,15,kn,FPS-KA-CHI-0002
RC-KA-002043,Vijay Gowda,PHH,2,10,5,5,en,FPS-KA-CHI-0003
RC-KA-002044,Lakshmi Naik,PHH,7,35,10,25,kn,FPS-KA-CHI-0004
RC-KA-002045,Rahul Bhat,PHH,6,30,20,10,hi,FPS-KA-CHI-0005
RC-KA-002046,Kiran Nayak,PHH,6,30,25,5,kn,FPS-KA-CHI-0006
RC-KA-002047,Aditi Nayak,PHH,7,35,15,20,kn,FPS-KA-CHI-0007
RC-KA-002048,Aarav Bhat,PHH,6,30,25,5,hi,FPS-KA-CHI-0008
RC-KA-002049,Ravi Shetty,PHH,3,15,10,5,kn,FPS-KA-CHI-0009
RC-KA-002050,Ravi Kumar,PHH,5,25,5,20,kn,FPS-KA-CHI-0010
RC-KA-002051,Akash Poojary,PHH,3,15,0,15,kn,FPS-KA-CHI-0011
RC-KA-002052,Swathi Gowda,PHH,7,35,30,5,hi,FPS-KA-CHI-0012
RC-KA-002053,Lakshmi Naik,PHH,4,20,15,5,kn,FPS-KA-CHI-0013
RC-KA-002054,Ravi Nayak,PHH,5,25,20,5,en,FPS-KA-CHI-0014
RC-KA-002055,Shalini Nayak,PHH,7,35,20,15,hi,FPS-KA-CHI-0015
RC-KA-002056,Shalini Rao,PHH,2,10,0,10,kn,FPS-KA-CHI-0016
RC-KA-002057,Sanjay Reddy,PHH,6,30,30,0,kn,FPS-KA-CHI-0017
RC-KA-002058,Bhavana Kumar,PHH,7,35,20,15,kn,FPS-KA-CHI-0018
RC-KA-002059,Shalini Bhat,PHH,8,40,0,40,kn,FPS-KA-CHI-0019
RC-KA-002060,Sanjay Kulkarni,PHH,7,35,30,5,kn,FPS-KA-CHI-0020
RC-KA-002061,Rekha Shetty,PHH,3,15,5,10,kn,FPS-KA-DK-0001
RC-KA-002062,Ananya Desai,PHH,4,20,15,5,kn,FPS-KA-DK-0002
RC-KA-002063,Sanjay Shetty,PHH,4,20,5,15,kn,FPS-KA-DK-0003
RC-KA-002064,Suresh Kulkarni,PHH,4,20,10,10,en,FPS-KA-DK-0004
RC-KA-002065,Bhavana Gowda,PHH,8,40,5,35,en,FPS-KA-DK-0005
RC-KA-002066,Divya Gowda,PHH,5,25,0,25,kn,FPS-KA-DK-0006
RC-KA-002067,Meena Desai,PHH,6,30,0,30,kn,FPS-KA-DK-0007
RC-KA-002068,Shalini Patil,PHH,2,10,0,10,kn,FPS-KA-DK-0008
RC-KA-002069,Shankar Patil,PHH,1,5,0,5,kn,FPS-KA-DK-0009
RC-KA-002070,Meena Rao,PHH,7,35,20,15,en,FPS-KA-DK-0010
RC-KA-002071,Kavya Poojary,PHH,6,30,20,10,kn,FPS-KA-DK-0011
RC-KA-002072,Kavya Poojary,PHH,6,30,10,20,hi,FPS-KA-DK-0012
RC-KA-002073,Kavya Kumar,PHH,7,35,30,5,kn,FPS-KA-DK-0013
RC-KA-002074,Manoj Kumar,PHH,6,30,30,0,kn,FPS-KA-DK-0014
RC-KA-002075,Ananya Kumar,PHH,7,35,10,25,kn,FPS-KA-DK-0015
RC-KA-002076,Deepa Hegde,PHH,5,25,25,0,hi,FPS-KA-DK-0016
RC-KA-002077,Ravi Reddy,PHH,8,40,35,5,kn,FPS-KA-DK-0017
RC-KA-002078,Kavya Kumar,PHH,1,5,5,0,kn,FPS-KA-DK-0018
RC-KA-002079,Deepa Sharma,PHH,1,5,5,0,kn,FPS-KA-DK-0019
RC-KA-002080,Shankar Gowda,PHH,8,40,30,10,hi,FPS-KA-DK-0020
RC-KA-002081,Vijay Desai,PHH,6,30,15,15,en,FPS-KA-DAV-0001
RC-KA-002082,Priya Reddy,PHH,2,10,10,0,kn,FPS-KA-DAV-0002
RC-KA-002083,Shankar Gowda,PHH,3,15,0,15,kn,FPS-KA-DAV-0003
RC-KA-002084,Suresh Desai,PHH,5,25,25,0,en,FPS-KA-DAV-0004
RC-KA-002085,Meena Poojary,PHH,3,15,15,0,en,FPS-KA-DAV-0005
RC-KA-002086,Shalini Poojary,PHH,4,20,5,15,kn,FPS-KA-DAV-0006
RC-KA-002087,Rekha Patil,PHH,2,10,0,10,kn,FPS-KA-DAV-0007
RC-KA-002088,Shalini Naik,PHH,3,15,10,5,en,FPS-KA-DAV-0008
RC-KA-002089,Swathi Poojary,PHH,4,20,10,10,kn,FPS-KA-DAV-0009
RC-KA-002090,Pooja Poojary,PHH,2,10,10,0,kn,FPS-KA-DAV-0010
RC-KA-002091,Harish Kumar,PHH,8,40,5,35,hi,FPS-KA-DAV-0011
RC-KA-002092,Priya Gowda,PHH,4,20,20,0,hi,FPS-KA-DAV-0012
RC-KA-002093,Sanjay Bhat,PHH,6,30,15,15,en,FPS-KA-DAV-0013
RC-KA-002094,Deepa Naik,PHH,7,35,30,5,hi,FPS-KA-DAV-0014
RC-KA-002095,Akash Hegde,PHH,2,10,5,5,kn,FPS-KA-DAV-0015
RC-KA-002096,Arjun Kumar,PHH,4,20,0,20,kn,FPS-KA-DAV-0016
RC-KA-002097,Aarav Naik,PHH,6,30,15,15,kn,FPS-KA-DAV-0017
RC-KA-002098,Lakshmi Hegde,PHH,1,5,0,5,hi,FPS-KA-DAV-0018
RC-KA-002099,Shankar Shetty,PHH,6,30,30,0,kn,FPS-KA-DAV-0019
RC-KA-002100,Pooja Kumar,PHH,4,20,0,20,kn,FPS-KA-DAV-0020
RC-KA-002101,Ganesh Kumar,PHH,8,40,25,15,kn,FPS-KA-DHA-0001
RC-KA-002102,Arjun Sharma,PHH,4,20,15,5,kn,FPS-KA-DHA-0002
RC-KA-002103,Suresh Rao,PHH,5,25,5,20,hi,FPS-KA-DHA-0003
RC-KA-002104,Rekha Gowda,PHH,1,5,5,0,kn,FPS-KA-DHA-0004
RC-KA-002105,Rahul Kumar,PHH,5,25,25,0,kn,FPS-KA-DHA-0005
RC-KA-002106,Kiran Patil,PHH,4,20,15,5,kn,FPS-KA-DHA-0006
RC-KA-002107,Chetan Kumar,PHH,6,30,5,25,hi,FPS-KA-DHA-0007
RC-KA-002108,Shalini Shetty,PHH,4,20,0,20,en,FPS-KA-DHA-0008
RC-KA-002109,Sneha Poojary,PHH,8,40,30,10,kn,FPS-KA-DHA-0009
RC-KA-002110,Harish Kulkarni,PHH,3,15,0,15,kn,FPS-KA-DHA-0010
RC-KA-002111,Kiran Gowda,PHH,8,40,25,15,hi,FPS-KA-DHA-0011
RC-KA-002112,Chetan Bhat,PHH,5,25,10,15,kn,FPS-KA-DHA-0012
RC-KA-002113,Shalini Rao,PHH,7,35,5,30,kn,FPS-KA-DHA-0013
RC-KA-002114,Bhavana Sharma,PHH,1,5,5,0,kn,FPS-KA-DHA-0014
RC-KA-002115,Ganesh Nayak,PHH,3,15,15,0,kn,FPS-KA-DHA-0015
RC-KA-002116,Sanjay Reddy,PHH,3,15,5,10,kn,FPS-KA-DHA-0016
RC-KA-002117,Prakash Gowda,PHH,1,5,5,0,hi,FPS-KA-DHA-0017
RC-KA-002118,Lakshmi Poojary,PHH,3,15,15,0,en,FPS-KA-DHA-0018
RC-KA-002119,Meena Shetty,PHH,3,15,0,15,kn,FPS-KA-DHA-0019
RC-KA-002120,Rahul Hegde,PHH,1,5,0,5,en,FPS-KA-DHA-0020
RC-KA-002121,Kiran Reddy,PHH,7,35,10,25,kn,FPS-KA-GAD-0001
RC-KA-002122,Meena Naik,PHH,1,5,0,5,kn,FPS-KA-GAD-0002
RC-KA-002123,Shankar Poojary,PHH,3,15,15,0,hi,FPS-KA-GAD-0003
RC-KA-002124,Rahul Kulkarni,PHH,2,10,5,5,en,FPS-KA-GAD-0004
RC-KA-002125,Kavya Patil,PHH,5,25,25,0,kn,FPS-KA-GAD-0005
RC-KA-002126,Meena Poojary,PHH,2,10,0,10,kn,FPS-KA-GAD-0006
RC-KA-002127,Prakash Desai,PHH,4,20,0,20,kn,FPS-KA-GAD-0007
RC-KA-002128,Shankar Sharma,PHH,5,25,25,0,hi,FPS-KA-GAD-0008
RC-KA-002129,Rahul Bhat,PHH,3,15,15,0,kn,FPS-KA-GAD-0009
RC-KA-002130,Ananya Hegde,PHH,7,35,20,15,kn,FPS-KA-GAD-0010
RC-KA-002131,Shankar Joshi,PHH,2,10,10,0,en,FPS-KA-GAD-0011
RC-KA-002132,Aarav Kulkarni,PHH,3,15,15,0,hi,FPS-KA-GAD-0012
RC-KA-002133,Prakash Joshi,PHH,8,40,5,35,kn,FPS-KA-GAD-0013
RC-KA-002134,Swathi Gowda,PHH,2,10,0,10,en,FPS-KA-GAD-0014
RC-KA-002135,Manoj Rao,PHH,3,15,5,10,kn,FPS-KA-GAD-0015
RC-KA-002136,Prakash Reddy,PHH,6,30,0,30,kn,FPS-KA-GAD-0016
RC-KA-002137,Suresh Rao,PHH,3,15,0,15,kn,FPS-KA-GAD-0017
RC-KA-002138,Naveen Naik,PHH,1,5,0,5,en,FPS-KA-GAD-0018
RC-KA-002139,Ravi Patil,PHH,6,30,20,10,kn,FPS-KA-GAD-0019
RC-KA-002140,Naveen Nayak,PHH,4,20,10,10,kn,FPS-KA-GAD-0020
RC-KA-002141,Arjun Sharma,PHH,5,25,25,0,kn,FPS-KA-HAS-0001
RC-KA-002142,Kavya Sharma,PHH,8,40,25,15,kn,FPS-KA-HAS-0002
RC-KA-002143,Aditi Reddy,PHH,4,20,0,20,kn,FPS-KA-HAS-0003
RC-KA-002144,Suresh Kumar,PHH,1,5,0,5,kn,FPS-KA-HAS-0004
RC-KA-002145,Chetan Sharma,PHH,4,20,5,15,kn,FPS-KA-HAS-0005
RC-KA-002146,Priya Kulkarni,PHH,6,30,10,20,kn,FPS-KA-HAS-0006
RC-KA-002147,Kiran Poojary,PHH,2,10,10,0,kn,FPS-KA-HAS-0007
RC-KA-002148,Divya Poojary,PHH,3,15,15,0,kn,FPS-KA-HAS-0008
RC-KA-002149,Akash Poojary,PHH,7,35,10,25,kn,FPS-KA-HAS-0009
RC-KA-002150,Chetan Bhat,PHH,5,25,25,0,kn,FPS-KA-HAS-0010
RC-KA-002151,Sneha Joshi,PHH,6,30,20,10,kn,FPS-KA-HAS-0011
RC-KA-002152,Harish Rao,PHH,3,15,15,0,hi,FPS-KA-HAS-0012
RC-KA-002153,Priya Reddy,PHH,7,35,30,5,kn,FPS-KA-HAS-0013
RC-KA-002154,Ananya Poojary,PHH,2,10,5,5,kn,FPS-KA-HAS-0014
RC-KA-002155,Akash Hegde,PHH,7,35,5,30,kn,FPS-KA-HAS-0015
RC-KA-002156,Suresh Rao,PHH,6,30,30,0,kn,FPS-KA-HAS-0016
RC-KA-002157,Kiran Reddy,PHH,4,20,10,10,kn,FPS-KA-HAS-0017
RC-KA-002158,Ananya Shetty,PHH,7,35,5,30,hi,FPS-KA-HAS-0018
RC-KA-002159,Meena Gowda,PHH,5,25,20,5,hi,FPS-KA-HAS-0019
RC-KA-002160,Ganesh Joshi,PHH,6,30,25,5,kn,FPS-KA-HAS-0020
RC-KA-002161,Aditi Shetty,PHH,5,25,20,5,kn,FPS-KA-HAV-0001
RC-KA-002162,Kavya Rao,PHH,6,30,30,0,kn,FPS-KA-HAV-0002
RC-KA-002163,Divya Patil,PHH,7,35,35,0,kn,FPS-KA-HAV-0003
RC-KA-002164,Prakash Bhat,PHH,3,15,5,10,kn,FPS-KA-HAV-0004
RC-KA-002165,Rahul Hegde,PHH,5,25,0,25,en,FPS-KA-HAV-0005
RC-KA-002166,Manoj Shetty,PHH,4,20,20,0,kn,FPS-KA-HAV-0006
RC-KA-002167,Naveen Naik,PHH,8,40,25,15,hi,FPS-KA-HAV-0007
RC-KA-002168,Rekha Nayak,PHH,5,25,15,10,kn,FPS-KA-HAV-0008
RC-KA-002169,Akash Naik,PHH,4,20,10,10,kn,FPS-KA-HAV-0009
RC-KA-002170,Rahul Gowda,PHH,7,35,25,10,hi,FPS-KA-HAV-0010
RC-KA-002171,Akash Shetty,PHH,2,10,10,0,kn,FPS-KA-HAV-0011
RC-KA-002172,Pooja Nayak,PHH,1,5,0,5,hi,FPS-KA-HAV-0012
RC-KA-002173,Lakshmi Poojary,PHH,8,40,0,40,en,FPS-KA-HAV-0013
RC-KA-002174,Ravi Poojary,PHH,3,15,15,0,kn,FPS-KA-HAV-0014
RC-KA-002175,Chetan Nayak,PHH,2,10,5,5,kn,FPS-KA-HAV-0015
RC-KA-002176,Sanjay Hegde,PHH,1,5,5,0,hi,FPS-KA-HAV-0016
RC-KA-002177,Aditi Sharma,PHH,4,20,20,0,kn,FPS-KA-HAV-0017
RC-KA-002178,Swathi Rao,PHH,8,40,10,30,kn,FPS-KA-HAV-0018
RC-KA-002179,Sneha Shetty,PHH,4,20,5,15,kn,FPS-KA-HAV-0019
RC-KA-002180,Kiran Shetty,PHH,6,30,0,30,kn,FPS-KA-HAV-0020
RC-KA-002181,Ravi Reddy,PHH,6,30,0,30,kn,FPS-KA-KAL-0001
RC-KA-002182,Ganesh Naik,PHH,2,10,5,5,kn,FPS-KA-KAL-0002
RC-KA-002183,Prakash Kulkarni,PHH,4,20,0,20,hi,FPS-KA-KAL-0003
RC-KA-002184,Rahul Joshi,PHH,4,20,10,10,en,FPS-KA-KAL-0004
RC-KA-002185,Suresh Desai,PHH,1,5,5,0,en,FPS-KA-KAL-0005
RC-KA-002186,Manoj Hegde,PHH,1,5,5,0,kn,FPS-KA-KAL-0006
RC-KA-002187,Kavya Nayak,PHH,5,25,10,15,kn,FPS-KA-KAL-0007
RC-KA-002188,Ananya Kulkarni,PHH,3,15,15,0,kn,FPS-KA-KAL-0008
RC-KA-002189,Naveen Nayak,PHH,8,40,15,25,kn,FPS-KA-KAL-0009
RC-KA-002190,Meena Patil,PHH,3,15,15,0,kn,FPS-KA-KAL-0010
RC-KA-002191,Kiran Hegde,PHH,3,15,10,5,kn,FPS-KA-KAL-0011
RC-KA-002192,Bhavana Joshi,PHH,5,25,10,15,kn,FPS-KA-KAL-0012
RC-KA-002193,Ravi Kumar,PHH,5,25,0,25,en,FPS-KA-KAL-0013
RC-KA-002194,Sanjay Kulkarni,PHH,8,40,10,30,kn,FPS-KA-KAL-0014
RC-KA-002195,Rekha Reddy,PHH,1,5,5,0,en,FPS-KA-KAL-0015
RC-KA-002196,Arjun Kulkarni,PHH,2,10,0,10,kn,FPS-KA-KAL-0016
RC-KA-002197,Bhavana Poojary,PHH,7,35,25,10,en,FPS-KA-KAL-0017
RC-KA-002198,Divya Gowda,PHH,4,20,15,5,en,FPS-KA-KAL-0018
RC-KA-002199,Shankar Poojary,PHH,7,35,35,0,kn,FPS-KA-KAL-0019
RC-KA-002200,Shalini Nayak,PHH,3,15,10,5,hi,FPS-KA-KAL-0020
RC-KA-002201,Ananya Rao,PHH,7,35,30,5,kn,FPS-KA-KOD-0001
RC-KA-002202,Naveen Patil,PHH,1,5,0,5,kn,FPS-KA-KOD-0002
RC-KA-002203,Harish Kulkarni,PHH,4,20,0,20,kn,FPS-KA-KOD-0003
RC-KA-002204,Ganesh Desai,PHH,1,5,5,0,kn,FPS-KA-KOD-0004
RC-KA-002205,Arjun Bhat,PHH,2,10,5,5,kn,FPS-KA-KOD-0005
RC-KA-002206,Ananya Kumar,PHH,3,15,5,10,kn,FPS-KA-KOD-0006
RC-KA-002207,Sneha Kulkarni,PHH,5,25,25,0,kn,FPS-KA-KOD-0007
RC-KA-002208,Shankar Gowda,PHH,4,20,15,5,hi,FPS-KA-KOD-0008
RC-KA-002209,Prakash Poojary,PHH,3,15,5,10,en,FPS-KA-KOD-0009
RC-KA-002210,Kiran Patil,PHH,3,15,5,10,kn,FPS-KA-KOD-0010
RC-KA-002211,Lakshmi Patil,PHH,5,25,5,20,en,FPS-KA-KOD-0011
RC-KA-002212,Kiran Kulkarni,PHH,4,20,0,20,en,FPS-KA-KOD-0012
RC-KA-002213,Deepa Reddy,PHH,5,25,25,0,kn,FPS-KA-KOD-0013
RC-KA-002214,Naveen Kulkarni,PHH,6,30,15,15,kn,FPS-KA-KOD-0014
RC-KA-002215,Kavya Naik,PHH,1,5,5,0,kn,FPS-KA-KOD-0015
RC-KA-002216,Harish Nayak,PHH,6,30,25,5,kn,FPS-KA-KOD-0016
RC-KA-002217,Aditi Poojary,PHH,1,5,0,5,kn,FPS-KA-KOD-0017
RC-KA-002218,Divya Nayak,PHH,6,30,5,25,kn,FPS-KA-KOD-0018
RC-KA-002219,Meena Hegde,PHH,2,10,5,5,kn,FPS-KA-KOD-0019
RC-KA-002220,Ravi Patil,PHH,6,30,10,20,kn,FPS-KA-KOD-0020
RC-KA-002221,Shankar Hegde,PHH,3,15,10,5,kn,FPS-KA-KOL-0001
RC-KA-002222,Chetan Sharma,PHH,6,30,5,25,kn,FPS-KA-KOL-0002
RC-KA-002223,Arjun Poojary,PHH,7,35,5,30,en,FPS-KA-KOL-0003
RC-KA-002224,Vijay Nayak,PHH,2,10,0,10,kn,FPS-KA-KOL-0004
RC-KA-002225,Vijay Gowda,PHH,4,20,5,15,hi,FPS-KA-KOL-0005
RC-KA-002226,Ganesh Bhat,PHH,2,10,10,0,kn,FPS-KA-KOL-0006
RC-KA-002227,Arjun Patil,PHH,8,40,15,25,kn,FPS-KA-KOL-0007
RC-KA-002228,Rekha Naik,PHH,3,15,5,10,kn,FPS-KA-KOL-0008
RC-KA-002229,Rekha Gowda,PHH,6,30,10,20,kn,FPS-KA-KOL-0009
RC-KA-002230,Naveen Nayak,PHH,7,35,5,30,kn,FPS-KA-KOL-0010
RC-KA-002231,Rekha Shetty,PHH,1,5,0,5,kn,FPS-KA-KOL-0011
RC-KA-002232,Aditi Rao,PHH,5,25,0,25,en,FPS-KA-KOL-0012
RC-KA-002233,Pooja Kumar,PHH,4,20,15,5,kn,FPS-KA-KOL-0013
RC-KA-002234,Naveen Kulkarni,PHH,2,10,0,10,kn,FPS-KA-KOL-0014
RC-KA-002235,Chetan Shetty,PHH,7,35,30,5,kn,FPS-KA-KOL-0015
RC-KA-002236,Prakash Bhat,PHH,1,5,0,5,kn,FPS-KA-KOL-0016
RC-KA-002237,Sanjay Joshi,PHH,1,5,5,0,kn,FPS-KA-KOL-0017
RC-KA-002238,Ganesh Bhat,PHH,5,25,10,15,en,FPS-KA-KOL-0018
RC-KA-002239,Deepa Patil,PHH,5,25,20,5,kn,FPS-KA-KOL-0019
RC-KA-002240,Arjun Nayak,PHH,4,20,10,10,kn,FPS-KA-KOL-0020
RC-KA-002241,Shankar Patil,PHH,5,25,5,20,kn,FPS-KA-KOP-0001
RC-KA-002242,Aarav Poojary,PHH,4,20,5,15,kn,FPS-KA-KOP-0002
RC-KA-002243,Kavya Hegde,PHH,6,30,25,5,kn,FPS-KA-KOP-0003
RC-KA-002244,Divya Bhat,PHH,2,10,10,0,en,FPS-KA-KOP-0004
RC-KA-002245,Ganesh Hegde,PHH,3,15,15,0,en,FPS-KA-KOP-0005
RC-KA-002246,Deepa Bhat,PHH,1,5,0,5,hi,FPS-KA-KOP-0006
RC-KA-002247,Aarav Joshi,PHH,5,25,5,20,kn,FPS-KA-KOP-0007
RC-KA-002248,Kiran Poojary,PHH,2,10,10,0,hi,FPS-KA-KOP-0008
RC-KA-002249,Pooja Reddy,PHH,5,25,25,0,kn,FPS-KA-KOP-0009
RC-KA-002250,Chetan Sharma,PHH,8,40,15,25,kn,FPS-KA-KOP-0010
RC-KA-002251,Sanjay Bhat,PHH,7,35,10,25,kn,FPS-KA-KOP-0011
RC-KA-002252,Meena Gowda,PHH,7,35,25,10,kn,FPS-KA-KOP-0012
RC-KA-002253,Sneha Kumar,PHH,8,40,10,30,kn,FPS-KA-KOP-0013
RC-KA-002254,Sanjay Shetty,PHH,3,15,5,10,kn,FPS-KA-KOP-0014
RC-KA-002255,Swathi Shetty,PHH,5,25,0,25,kn,FPS-KA-KOP-0015
RC-KA-002256,Akash Kulkarni,PHH,7,35,15,20,kn,FPS-KA-KOP-0016
RC-KA-002257,Kiran Gowda,PHH,4,20,15,5,en,FPS-KA-KOP-0017
RC-KA-002258,Kiran Kulkarni,PHH,3,15,0,15,kn,FPS-KA-KOP-0018
RC-KA-002259,Shalini Kumar,PHH,1,5,0,5,hi,FPS-KA-KOP-0019
RC-KA-002260,Akash Naik,PHH,1,5,0,5,kn,FPS-KA-KOP-0020
RC-KA-002261,Aarav Rao,PHH,3,15,0,15,hi,FPS-KA-MAN-0001
RC-KA-002262,Harish Kumar,PHH,2,10,10,0,hi,FPS-KA-MAN-0002
RC-KA-002263,Shalini Sharma,PHH,2,10,0,10,kn,FPS-KA-MAN-0003
RC-KA-002264,Meena Shetty,PHH,8,40,10,30,kn,FPS-KA-MAN-0004
RC-KA-002265,Divya Poojary,PHH,4,20,0,20,kn,FPS-KA-MAN-0005
RC-KA-002266,Ananya Joshi,PHH,2,10,0,10,hi,FPS-KA-MAN-0006
RC-KA-002267,Sneha Kulkarni,PHH,5,25,0,25,kn,FPS-KA-MAN-0007
RC-KA-002268,Aarav Reddy,PHH,3,15,0,15,en,FPS-KA-MAN-0008
RC-KA-002269,Rahul Naik,PHH,7,35,30,5,kn,FPS-KA-MAN-0009
RC-KA-002270,Rekha Kumar,PHH,4,20,15,5,kn,FPS-KA-MAN-0010
RC-KA-002271,Ananya Reddy,PHH,2,10,5,5,kn,FPS-KA-MAN-0011
RC-KA-002272,Priya Hegde,PHH,2,10,5,5,kn,FPS-KA-MAN-0012
RC-KA-002273,Vijay Gowda,PHH,2,10,5,5,en,FPS-KA-MAN-0013
RC-KA-002274,Naveen Hegde,PHH,1,5,0,5,kn,FPS-KA-MAN-0014
RC-KA-002275,Ravi Poojary,PHH,3,15,15,0,kn,FPS-KA-MAN-0015
RC-KA-002276,Kavya Nayak,PHH,5,25,20,5,hi,FPS-KA-MAN-0016
RC-KA-002277,Ravi Hegde,PHH,2,10,5,5,en,FPS-KA-MAN-0017
RC-KA-002278,Shankar Patil,PHH,5,25,25,0,hi,FPS-KA-MAN-0018
RC-KA-002279,Kiran Desai,PHH,3,15,5,10,kn,FPS-KA-MAN-0019
RC-KA-002280,Lakshmi Bhat,PHH,8,40,5,35,kn,FPS-KA-MAN-0020
RC-KA-002281,Arjun Shetty,PHH,5,25,5,20,kn,FPS-KA-MYS-0001
RC-KA-002282,Lakshmi Desai,PHH,7,35,25,10,kn,FPS-KA-MYS-0002
RC-KA-002283,Rahul Nayak,PHH,7,35,25,10,kn,FPS-KA-MYS-0003
RC-KA-002284,Meena Joshi,PHH,4,20,15,5,kn,FPS-KA-MYS-0004
RC-KA-002285,Deepa Kulkarni,PHH,8,40,40,0,kn,FPS-KA-MYS-0005
RC-KA-002286,Naveen Sharma,PHH,2,10,10,0,hi,FPS-KA-MYS-0006
RC-KA-002287,Aarav Reddy,PHH,4,20,0,20,kn,FPS-KA-MYS-0007
RC-KA-002288,Arjun Nayak,PHH,1,5,5,0,kn,FPS-KA-MYS-0008
RC-KA-002289,Kavya Kumar,PHH,2,10,0,10,en,FPS-KA-MYS-0009
RC-KA-002290,Sneha Kumar,PHH,3,15,10,5,kn,FPS-KA-MYS-0010
RC-KA-002291,Deepa Patil,PHH,7,35,15,20,kn,FPS-KA-MYS-0011
RC-KA-002292,Rekha Shetty,PHH,3,15,0,15,en,FPS-KA-MYS-0012
RC-KA-002293,Lakshmi Hegde,PHH,7,35,0,35,kn,FPS-KA-MYS-0013
RC-KA-002294,Akash Desai,PHH,1,5,0,5,kn,FPS-KA-MYS-0014
RC-KA-002295,Arjun Gowda,PHH,3,15,0,15,kn,FPS-KA-MYS-0015
RC-KA-002296,Sneha Kumar,PHH,4,20,0,20,kn,FPS-KA-MYS-0016
RC-KA-002297,Meena Bhat,PHH,7,35,10,25,hi,FPS-KA-MYS-0017
RC-KA-002298,Sanjay Hegde,PHH,3,15,10,5,kn,FPS-KA-MYS-0018
RC-KA-002299,Arjun Patil,PHH,8,40,0,40,kn,FPS-KA-MYS-0019
RC-KA-002300,Aarav Kulkarni,PHH,1,5,0,5,kn,FPS-KA-MYS-0020
RC-KA-002301,Sneha Naik,PHH,7,35,35,0,kn,FPS-KA-RAI-0001
RC-KA-002302,Vijay Shetty,PHH,5,25,25,0,kn,FPS-KA-RAI-0002
RC-KA-002303,Arjun Bhat,PHH,5,25,0,25,kn,FPS-KA-RAI-0003
RC-KA-002304,Deepa Kulkarni,PHH,4,20,15,5,kn,FPS-KA-RAI-0004
RC-KA-002305,Manoj Desai,PHH,3,15,0,15,hi,FPS-KA-RAI-0005
RC-KA-002306,Sneha Kulkarni,PHH,6,30,25,5,kn,FPS-KA-RAI-0006
RC-KA-002307,Rahul Kulkarni,PHH,3,15,0,15,hi,FPS-KA-RAI-0007
RC-KA-002308,Akash Hegde,PHH,4,20,10,10,kn,FPS-KA-RAI-0008
RC-KA-002309,Bhavana Joshi,PHH,6,30,0,30,kn,FPS-KA-RAI-0009
RC-KA-002310,Aarav Rao,PHH,2,10,0,10,kn,FPS-KA-RAI-0010
RC-KA-002311,Rahul Nayak,PHH,5,25,5,20,kn,FPS-KA-RAI-0011
RC-KA-002312,Prakash Sharma,PHH,1,5,0,5,kn,FPS-KA-RAI-0012
RC-KA-002313,Harish Gowda,PHH,1,5,5,0,kn,FPS-KA-RAI-0013
RC-KA-002314,Shalini Naik,PHH,5,25,0,25,en,FPS-KA-RAI-0014
RC-KA-002315,Kiran Bhat,PHH,7,35,15,20,kn,FPS-KA-RAI-0015
RC-KA-002316,Ananya Hegde,PHH,6,30,5,25,hi,FPS-KA-RAI-0016
RC-KA-002317,Shalini Shetty,PHH,7,35,5,30,kn,FPS-KA-RAI-0017
RC-KA-002318,Suresh Kumar,PHH,1,5,5,0,kn,FPS-KA-RAI-0018
RC-KA-002319,Ravi Desai,PHH,1,5,5,0,kn,FPS-KA-RAI-0019
RC-KA-002320,Rekha Reddy,PHH,2,10,10,0,kn,FPS-KA-RAI-0020
RC-KA-002321,Bhavana Joshi,PHH,4,20,5,15,hi,FPS-KA-RAM-0001
RC-KA-002322,Harish Naik,PHH,6,30,15,15,hi,FPS-KA-RAM-0002
RC-KA-002323,Lakshmi Patil,PHH,6,30,20,10,en,FPS-KA-RAM-0003
RC-KA-002324,Priya Sharma,PHH,7,35,15,20,kn,FPS-KA-RAM-0004
RC-KA-002325,Meena Gowda,PHH,2,10,0,10,kn,FPS-KA-RAM-0005
RC-KA-002326,Ganesh Joshi,PHH,1,5,0,5,hi,FPS-KA-RAM-0006
RC-KA-002327,Harish Shetty,PHH,2,10,5,5,kn,FPS-KA-RAM-0007
RC-KA-002328,Prakash Hegde,PHH,5,25,5,20,kn,FPS-KA-RAM-0008
RC-KA-002329,Rekha Rao,PHH,6,30,0,30,kn,FPS-KA-RAM-0009
RC-KA-002330,Divya Rao,PHH,8,40,20,20,en,FPS-KA-RAM-0010
RC-KA-002331,Prakash Desai,PHH,8,40,10,30,en,FPS-KA-RAM-0011
RC-KA-002332,Kiran Kulkarni,PHH,1,5,5,0,en,FPS-KA-RAM-0012
RC-KA-002333,Suresh Sharma,PHH,3,15,15,0,kn,FPS-KA-RAM-0013
RC-KA-002334,Lakshmi Joshi,PHH,6,30,10,20,kn,FPS-KA-RAM-0014
RC-KA-002335,Ravi Patil,PHH,8,40,20,20,en,FPS-KA-RAM-0015
RC-KA-002336,Pooja Patil,PHH,1,5,0,5,kn,FPS-KA-RAM-0016
RC-KA-002337,Bhavana Sharma,PHH,3,15,0,15,kn,FPS-KA-RAM-0017
RC-KA-002338,Suresh Desai,PHH,7,35,5,30,kn,FPS-KA-RAM-0018
RC-KA-002339,Rahul Joshi,PHH,2,10,5,5,kn,FPS-KA-RAM-0019
RC-KA-002340,Sanjay Gowda,PHH,8,40,5,35,kn,FPS-KA-RAM-0020
RC-KA-002341,Harish Gowda,PHH,7,35,30,5,kn,FPS-KA-SHI-0001
RC-KA-002342,Meena Reddy,PHH,6,30,10,20,en,FPS-KA-SHI-0002
RC-KA-002343,Aditi Joshi,PHH,8,40,5,35,kn,FPS-KA-SHI-0003
RC-KA-002344,Chetan Hegde,PHH,3,15,15,0,kn,FPS-KA-SHI-0004
RC-KA-002345,Shankar Hegde,PHH,1,5,5,0,kn,FPS-KA-SHI-0005
RC-KA-002346,Chetan Kumar,PHH,7,35,35,0,kn,FPS-KA-SHI-0006
RC-KA-002347,Rahul Shetty,PHH,1,5,5,0,kn,FPS-KA-SHI-0007
RC-KA-002348,Kiran Gowda,PHH,2,10,0,10,kn,FPS-KA-SHI-0008
RC-KA-002349,Lakshmi Joshi,PHH,5,25,25,0,kn,FPS-KA-SHI-0009
RC-KA-002350,Aditi Gowda,PHH,4,20,10,10,kn,FPS-KA-SHI-0010
RC-KA-002351,Ganesh Shetty,PHH,7,35,25,10,en,FPS-KA-SHI-0011
RC-KA-002352,Meena Desai,PHH,4,20,10,10,en,FPS-KA-SHI-0012
RC-KA-002353,Rekha Sharma,PHH,3,15,15,0,kn,FPS-KA-SHI-0013
RC-KA-002354,Swathi Sharma,PHH,7,35,0,35,kn,FPS-KA-SHI-0014
RC-KA-002355,Prakash Sharma,PHH,4,20,0,20,hi,FPS-KA-SHI-0015
RC-KA-002356,Sneha Bhat,PHH,3,15,10,5,kn,FPS-KA-SHI-0016
RC-KA-002357,Manoj Nayak,PHH,6,30,0,30,kn,FPS-KA-SHI-0017
RC-KA-002358,Ananya Rao,PHH,3,15,15,0,en,FPS-KA-SHI-0018
RC-KA-002359,Aarav Desai,PHH,7,35,20,15,kn,FPS-KA-SHI-0019
RC-KA-002360,Prakash Gowda,PHH,3,15,15,0,kn,FPS-KA-SHI-0020
RC-KA-002361,Chetan Kulkarni,PHH,1,5,0,5,hi,FPS-KA-TUM-0001
RC-KA-002362,Chetan Reddy,PHH,3,15,15,0,kn,FPS-KA-TUM-0002
RC-KA-002363,Aarav Naik,PHH,1,5,5,0,hi,FPS-KA-TUM-0003
RC-KA-002364,Ananya Bhat,PHH,5,25,20,5,hi,FPS-KA-TUM-0004
RC-KA-002365,Kavya Hegde,PHH,8,40,35,5,kn,FPS-KA-TUM-0005
RC-KA-002366,Bhavana Desai,PHH,7,35,25,10,kn,FPS-KA-TUM-0006
RC-KA-002367,Priya Shetty,PHH,7,35,25,10,kn,FPS-KA-TUM-0007
RC-KA-002368,Ravi Bhat,PHH,7,35,30,5,kn,FPS-KA-TUM-0008
RC-KA-002369,Vijay Nayak,PHH,7,35,20,15,hi,FPS-KA-TUM-0009
RC-KA-002370,Ananya Gowda,PHH,2,10,0,10,hi,FPS-KA-TUM-0010
RC-KA-002371,Sanjay Rao,PHH,1,5,5,0,kn,FPS-KA-TUM-0011
RC-KA-002372,Prakash Rao,PHH,2,10,10,0,kn,FPS-KA-TUM-0012
RC-KA-002373,Chetan Reddy,PHH,1,5,5,0,en,FPS-KA-TUM-0013
RC-KA-002374,Chetan Kumar,PHH,8,40,40,0,kn,FPS-KA-TUM-0014
RC-KA-002375,Shankar Nayak,PHH,8,40,5,35,kn,FPS-KA-TUM-0015
RC-KA-002376,Rahul Bhat,PHH,8,40,30,10,en,FPS-KA-TUM-0016
RC-KA-002377,Shankar Reddy,PHH,7,35,0,35,en,FPS-KA-TUM-0017
RC-KA-002378,Divya Naik,PHH,5,25,10,15,en,FPS-KA-TUM-0018
RC-KA-002379,Vijay Kulkarni,PHH,7,35,15,20,kn,FPS-KA-TUM-0019
RC-KA-002380,Shankar Hegde,PHH,1,5,0,5,kn,FPS-KA-TUM-0020
RC-KA-002381,Prakash Kulkarni,PHH,6,30,10,20,kn,FPS-KA-UDP-0001
RC-KA-002382,Chetan Sharma,PHH,4,20,20,0,en,FPS-KA-UDP-0002
RC-KA-002383,Prakash Kulkarni,PHH,7,35,0,35,hi,FPS-KA-UDP-0003
RC-KA-002384,Bhavana Kulkarni,PHH,3,15,15,0,en,FPS-KA-UDP-0004
RC-KA-002385,Deepa Gowda,PHH,6,30,20,10,kn,FPS-KA-UDP-0005
RC-KA-002386,Shankar Kulkarni,PHH,3,15,0,15,kn,FPS-KA-UDP-0006
RC-KA-002387,Harish Reddy,PHH,5,25,20,5,kn,FPS-KA-UDP-0007
RC-KA-002388,Aarav Poojary,PHH,2,10,0,10,kn,FPS-KA-UDP-0008
RC-KA-002389,Pooja Nayak,PHH,3,15,0,15,kn,FPS-KA-UDP-0009
RC-KA-002390,Sanjay Bhat,PHH,2,10,10,0,kn,FPS-KA-UDP-0010
RC-KA-002391,Shalini Hegde,PHH,3,15,15,0,kn,FPS-KA-UDP-0011
RC-KA-002392,Deepa Naik,PHH,3,15,5,10,kn,FPS-KA-UDP-0012
RC-KA-002393,Sanjay Rao,PHH,4,20,20,0,hi,FPS-KA-UDP-0013
RC-KA-002394,Divya Gowda,PHH,7,35,20,15,kn,FPS-KA-UDP-0014
RC-KA-002395,Prakash Kumar,PHH,3,15,0,15,kn,FPS-KA-UDP-0015
RC-KA-002396,Priya Gowda,PHH,2,10,0,10,kn,FPS-KA-UDP-0016
RC-KA-002397,Swathi Shetty,PHH,2,10,0,10,kn,FPS-KA-UDP-0017
RC-KA-002398,Kavya Nayak,PHH,2,10,0,10,kn,FPS-KA-UDP-0018
RC-KA-002399,Shankar Patil,PHH,4,20,15,5,kn,FPS-KA-UDP-0019
RC-KA-002400,Rahul Gowda,PHH,7,35,5,30,kn,FPS-KA-UDP-0020
RC-KA-002401,Harish Poojary,PHH,4,20,15,5,kn,FPS-KA-UK-0001
RC-KA-002402,Aarav Nayak,PHH,8,40,10,30,kn,FPS-KA-UK-0002
RC-KA-002403,Harish Hegde,PHH,3,15,0,15,kn,FPS-KA-UK-0003
RC-KA-002404,Naveen Bhat,PHH,8,40,40,0,kn,FPS-KA-UK-0004
RC-KA-002405,Aarav Joshi,PHH,5,25,0,25,kn,FPS-KA-UK-0005
RC-KA-002406,Kavya Gowda,PHH,1,5,0,5,kn,FPS-KA-UK-0006
RC-KA-002407,Deepa Gowda,PHH,4,20,0,20,kn,FPS-KA-UK-0007
RC-KA-002408,Chetan Gowda,PHH,3,15,10,5,kn,FPS-KA-UK-0008
RC-KA-002409,Ganesh Desai,PHH,6,30,25,5,kn,FPS-KA-UK-0009
RC-KA-002410,Kiran Nayak,PHH,8,40,30,10,kn,FPS-KA-UK-0010
RC-KA-002411,Ravi Kumar,PHH,4,20,10,10,kn,FPS-KA-UK-0011
RC-KA-002412,Shankar Rao,PHH,5,25,15,10,kn,FPS-KA-UK-0012
RC-KA-002413,Sanjay Desai,PHH,5,25,5,20,hi,FPS-KA-UK-0013
RC-KA-002414,Sanjay Naik,PHH,7,35,35,0,kn,FPS-KA-UK-0014
RC-KA-002415,Kiran Kulkarni,PHH,6,30,20,10,kn,FPS-KA-UK-0015
RC-KA-002416,Swathi Poojary,PHH,4,20,20,0,kn,FPS-KA-UK-0016
RC-KA-002417,Aditi Joshi,PHH,2,10,5,5,kn,FPS-KA-UK-0017
RC-KA-002418,Priya Kumar,PHH,5,25,20,5,kn,FPS-KA-UK-0018
RC-KA-002419,Bhavana Rao,PHH,6,30,15,15,kn,FPS-KA-UK-0019
RC-KA-002420,Kavya Reddy,PHH,6,30,15,15,hi,FPS-KA-UK-0020
RC-KA-002421,Kavya Shetty,PHH,2,10,0,10,kn,FPS-KA-VIJ-0001
RC-KA-002422,Rekha Patil,PHH,6,30,0,30,kn,FPS-KA-VIJ-0002
RC-KA-002423,Shankar Hegde,PHH,6,30,5,25,kn,FPS-KA-VIJ-0003
RC-KA-002424,Ganesh Sharma,PHH,4,20,20,0,kn,FPS-KA-VIJ-0004
RC-KA-002425,Pooja Naik,PHH,4,20,20,0,kn,FPS-KA-VIJ-0005
RC-KA-002426,Lakshmi Poojary,PHH,2,10,10,0,en,FPS-KA-VIJ-0006
RC-KA-002427,Chetan Reddy,PHH,7,35,25,10,hi,FPS-KA-VIJ-0007
RC-KA-002428,Divya Kulkarni,PHH,1,5,5,0,kn,FPS-KA-VIJ-0008
RC-KA-002429,Priya Hegde,PHH,2,10,0,10,kn,FPS-KA-VIJ-0009
RC-KA-002430,Ganesh Patil,PHH,7,35,15,20,kn,FPS-KA-VIJ-0010
RC-KA-002431,Sneha Kulkarni,PHH,1,5,5,0,kn,FPS-KA-VIJ-0011
RC-KA-002432,Aarav Gowda,PHH,1,5,0,5,kn,FPS-KA-VIJ-0012
RC-KA-002433,Lakshmi Bhat,PHH,8,40,5,35,hi,FPS-KA-VIJ-0013
RC-KA-002434,Kavya Kulkarni,PHH,5,25,10,15,kn,FPS-KA-VIJ-0014
RC-KA-002435,Meena Sharma,PHH,2,10,10,0,hi,FPS-KA-VIJ-0015
RC-KA-002436,Manoj Desai,PHH,1,5,5,0,kn,FPS-KA-VIJ-0016
RC-KA-002437,Ananya Patil,PHH,2,10,5,5,en,FPS-KA-VIJ-0017
RC-KA-002438,Arjun Gowda,PHH,4,20,0,20,hi,FPS-KA-VIJ-0018
RC-KA-002439,Lakshmi Reddy,PHH,6,30,30,0,kn,FPS-KA-VIJ-0019
RC-KA-002440,Swathi Rao,PHH,3,15,0,15,kn,FPS-KA-VIJ-0020
RC-KA-002441,Aarav Nayak,PHH,6,30,30,0,en,FPS-KA-VIG-0001
RC-KA-002442,Aditi Gowda,PHH,1,5,5,0,en,FPS-KA-VIG-0002
RC-KA-002443,Harish Bhat,PHH,1,5,5,0,kn,FPS-KA-VIG-0003
RC-KA-002444,Vijay Shetty,PHH,7,35,20,15,kn,FPS-KA-VIG-0004
RC-KA-002445,Suresh Shetty,PHH,8,40,5,35,kn,FPS-KA-VIG-0005
RC-KA-002446,Naveen Joshi,PHH,7,35,35,0,kn,FPS-KA-VIG-0006
RC-KA-002447,Meena Naik,PHH,4,20,20,0,kn,FPS-KA-VIG-0007
RC-KA-002448,Deepa Gowda,PHH,6,30,30,0,hi,FPS-KA-VIG-0008
RC-KA-002449,Kavya Joshi,PHH,5,25,10,15,hi,FPS-KA-VIG-0009
RC-KA-002450,Akash Desai,PHH,4,20,5,15,kn,FPS-KA-VIG-0010
RC-KA-002451,Chetan Desai,PHH,1,5,0,5,kn,FPS-KA-VIG-0011
RC-KA-002452,Harish Reddy,PHH,7,35,15,20,kn,FPS-KA-VIG-0012
RC-KA-002453,Rekha Desai,PHH,6,30,30,0,en,FPS-KA-VIG-0013
RC-KA-002454,Deepa Nayak,PHH,3,15,0,15,en,FPS-KA-VIG-0014
RC-KA-002455,Suresh Sharma,PHH,6,30,15,15,en,FPS-KA-VIG-0015
RC-KA-002456,Divya Kulkarni,PHH,4,20,15,5,kn,FPS-KA-VIG-0016
RC-KA-002457,Prakash Poojary,PHH,3,15,10,5,en,FPS-KA-VIG-0017
RC-KA-002458,Ananya Bhat,PHH,2,10,0,10,kn,FPS-KA-VIG-0018
RC-KA-002459,Manoj Shetty,PHH,2,10,0,10,kn,FPS-KA-VIG-0019
RC-KA-002460,Naveen Desai,PHH,5,25,0,25,kn,FPS-KA-VIG-0020
RC-KA-002461,Pooja Gowda,PHH,6,30,10,20,kn,FPS-KA-YAD-0001
RC-KA-002462,Kiran Joshi,PHH,6,30,15,15,kn,FPS-KA-YAD-0002
RC-KA-002463,Divya Hegde,PHH,7,35,25,10,kn,FPS-KA-YAD-0003
RC-KA-002464,Sanjay Nayak,PHH,2,10,0,10,kn,FPS-KA-YAD-0004
RC-KA-002465,Kiran Shetty,PHH,7,35,15,20,kn,FPS-KA-YAD-0005
RC-KA-002466,Naveen Kulkarni,PHH,5,25,20,5,kn,FPS-KA-YAD-0006
RC-KA-002467,Deepa Gowda,PHH,2,10,10,0,kn,FPS-KA-YAD-0007
RC-KA-002468,Aditi Sharma,PHH,4,20,0,20,kn,FPS-KA-YAD-0008
RC-KA-002469,Ananya Naik,PHH,5,25,5,20,kn,FPS-KA-YAD-0009
RC-KA-002470,Kiran Kulkarni,PHH,4,20,20,0,kn,FPS-KA-YAD-0010
RC-KA-002471,Sneha Nayak,PHH,7,35,5,30,kn,FPS-KA-YAD-0011
RC-KA-002472,Shankar Reddy,PHH,5,25,15,10,kn,FPS-KA-YAD-0012
RC-KA-002473,Priya Naik,PHH,6,30,25,5,kn,FPS-KA-YAD-0013
RC-KA-002474,Vijay Bhat,PHH,1,5,0,5,kn,FPS-KA-YAD-0014
RC-KA-002475,Rekha Reddy,PHH,8,40,20,20,en,FPS-KA-YAD-0015
RC-KA-002476,Bhavana Shetty,PHH,3,15,10,5,kn,FPS-KA-YAD-0016
RC-KA-002477,Aarav Poojary,PHH,6,30,15,15,kn,FPS-KA-YAD-0017
RC-KA-002478,Bhavana Naik,PHH,8,40,30,10,kn,FPS-KA-YAD-0018
RC-KA-002479,Suresh Patil,PHH,2,10,0,10,kn,FPS-KA-YAD-0019
RC-KA-002480,Meena Kumar,PHH,6,30,15,15,kn,FPS-KA-YAD-0020
RC-KA-002481,Sneha Patil,PHH,4,20,15,5,kn,FPS-KA-BAG-0001
RC-KA-002482,Bhavana Rao,PHH,5,25,5,20,kn,FPS-KA-BAG-0002
RC-KA-002483,Shankar Bhat,PHH,3,15,0,15,kn,FPS-KA-BAG-0003
RC-KA-002484,Kavya Joshi,PHH,6,30,15,15,kn,FPS-KA-BAG-0004
RC-KA-002485,Kavya Desai,PHH,5,25,25,0,kn,FPS-KA-BAG-0005
RC-KA-002486,Harish Nayak,PHH,1,5,5,0,kn,FPS-KA-BAG-0006
RC-KA-002487,Naveen Bhat,PHH,8,40,5,35,kn,FPS-KA-BAG-0007
RC-KA-002488,Suresh Reddy,PHH,1,5,0,5,en,FPS-KA-BAG-0008
RC-KA-002489,Deepa Sharma,PHH,3,15,10,5,kn,FPS-KA-BAG-0009
RC-KA-002490,Akash Reddy,PHH,7,35,25,10,kn,FPS-KA-BAG-0010
RC-KA-002491,Swathi Poojary,PHH,7,35,5,30,en,FPS-KA-BAG-0011
RC-KA-002492,Vijay Poojary,PHH,8,40,40,0,kn,FPS-KA-BAG-0012
RC-KA-002493,Lakshmi Naik,PHH,6,30,10,20,kn,FPS-KA-BAG-0013
RC-KA-002494,Naveen Bhat,PHH,5,25,5,20,kn,FPS-KA-BAG-0014
RC-KA-002495,Lakshmi Rao,PHH,6,30,30,0,kn,FPS-KA-BAG-0015
RC-KA-002496,Aarav Desai,PHH,8,40,25,15,kn,FPS-KA-BAG-0016
RC-KA-002497,Naveen Naik,PHH,3,15,15,0,kn,FPS-KA-BAG-0017
RC-KA-002498,Akash Rao,PHH,3,15,10,5,kn,FPS-KA-BAG-0018
RC-KA-002499,Chetan Naik,PHH,5,25,0,25,kn,FPS-KA-BAG-0019
RC-KA-002500,Aarav Kulkarni,PHH,2,10,0,10,kn,FPS-KA-BAG-0020
RC-KA-002501,Aditi Naik,PHH,6,30,25,5,hi,FPS-KA-BAL-0001
RC-KA-002502,Shankar Kumar,PHH,3,15,10,5,en,FPS-KA-BAL-0002
RC-KA-002503,Arjun Bhat,PHH,3,15,0,15,hi,FPS-KA-BAL-0003
RC-KA-002504,Akash Naik,PHH,4,20,15,5,kn,FPS-KA-BAL-0004
RC-KA-002505,Kavya Reddy,PHH,4,20,0,20,kn,FPS-KA-BAL-0005
RC-KA-002506,Swathi Gowda,PHH,7,35,30,5,kn,FPS-KA-BAL-0006
RC-KA-002507,Bhavana Sharma,PHH,5,25,10,15,kn,FPS-KA-BAL-0007
RC-KA-002508,Arjun Poojary,PHH,7,35,25,10,hi,FPS-KA-BAL-0008
RC-KA-002509,Pooja Reddy,PHH,4,20,10,10,kn,FPS-KA-BAL-0009
RC-KA-002510,Prakash Nayak,PHH,5,25,10,15,kn,FPS-KA-BAL-0010
RC-KA-002511,Shankar Nayak,PHH,8,40,40,0,kn,FPS-KA-BAL-0011
RC-KA-002512,Manoj Bhat,PHH,7,35,5,30,kn,FPS-KA-BAL-0012
RC-KA-002513,Rekha Hegde,PHH,6,30,20,10,en,FPS-KA-BAL-0013
RC-KA-002514,Lakshmi Kulkarni,PHH,8,40,25,15,kn,FPS-KA-BAL-0014
RC-KA-002515,Aarav Rao,PHH,8,40,0,40,en,FPS-KA-BAL-0015
RC-KA-002516,Priya Nayak,PHH,7,35,5,30,hi,FPS-KA-BAL-0016
RC-KA-002517,Kavya Shetty,PHH,5,25,5,20,kn,FPS-KA-BAL-0017
RC-KA-002518,Kiran Shetty,PHH,5,25,0,25,hi,FPS-KA-BAL-0018
RC-KA-002519,Shalini Kumar,PHH,7,35,0,35,kn,FPS-KA-BAL-0019
RC-KA-002520,Divya Kumar,PHH,8,40,0,40,kn,FPS-KA-BAL-0020
RC-KA-002521,Sneha Naik,PHH,2,10,5,5,kn,FPS-KA-BEL-0001
RC-KA-002522,Ananya Bhat,PHH,8,40,25,15,en,FPS-KA-BEL-0002
RC-KA-002523,Pooja Bhat,PHH,1,5,0,5,kn,FPS-KA-BEL-0003
RC-KA-002524,Ravi Poojary,PHH,8,40,10,30,kn,FPS-KA-BEL-0004
RC-KA-002525,Sanjay Nayak,PHH,3,15,10,5,kn,FPS-KA-BEL-0005
RC-KA-002526,Chetan Gowda,PHH,1,5,5,0,kn,FPS-KA-BEL-0006
RC-KA-002527,Swathi Gowda,PHH,2,10,0,10,kn,FPS-KA-BEL-0007
RC-KA-002528,Meena Patil,PHH,2,10,0,10,kn,FPS-KA-BEL-0008
RC-KA-002529,Ananya Naik,PHH,8,40,30,10,kn,FPS-KA-BEL-0009
RC-KA-002530,Sneha Reddy,PHH,7,35,35,0,en,FPS-KA-BEL-0010
RC-KA-002531,Suresh Poojary,PHH,5,25,20,5,kn,FPS-KA-BEL-0011
RC-KA-002532,Aarav Shetty,PHH,2,10,5,5,kn,FPS-KA-BEL-0012
RC-KA-002533,Sanjay Bhat,PHH,3,15,5,10,kn,FPS-KA-BEL-0013
RC-KA-002534,Ganesh Poojary,PHH,4,20,15,5,kn,FPS-KA-BEL-0014
RC-KA-002535,Ravi Naik,PHH,2,10,10,0,kn,FPS-KA-BEL-0015
RC-KA-002536,Ananya Desai,PHH,7,35,30,5,kn,FPS-KA-BEL-0016
RC-KA-002537,Ganesh Desai,PHH,7,35,30,5,kn,FPS-KA-BEL-0017
RC-KA-002538,Prakash Naik,PHH,2,10,10,0,kn,FPS-KA-BEL-0018
RC-KA-002539,Vijay Hegde,PHH,1,5,5,0,kn,FPS-KA-BEL-0019
RC-KA-002540,Manoj Naik,PHH,3,15,15,0,en,FPS-KA-BEL-0020
RC-KA-002541,Suresh Kumar,PHH,1,5,0,5,kn,FPS-KA-BLR-R-0001
RC-KA-002542,Naveen Kulkarni,PHH,4,20,10,10,en,FPS-KA-BLR-R-0002
RC-KA-002543,Kavya Poojary,PHH,2,10,0,10,kn,FPS-KA-BLR-R-0003
RC-KA-002544,Shankar Shetty,PHH,6,30,15,15,hi,FPS-KA-BLR-R-0004
RC-KA-002545,Kiran Gowda,PHH,5,25,25,0,kn,FPS-KA-BLR-R-0005
RC-KA-002546,Priya Poojary,PHH,8,40,30,10,en,FPS-KA-BLR-R-0006
RC-KA-002547,Harish Sharma,PHH,3,15,10,5,kn,FPS-KA-BLR-R-0007
RC-KA-002548,Kiran Gowda,PHH,6,30,20,10,kn,FPS-KA-BLR-R-0008
RC-KA-002549,Bhavana Reddy,PHH,1,5,0,5,en,FPS-KA-BLR-R-0009
RC-KA-002550,Vijay Poojary,PHH,2,10,10,0,kn,FPS-KA-BLR-R-0010
RC-KA-002551,Shalini Rao,PHH,8,40,25,15,hi,FPS-KA-BLR-R-0011
RC-KA-002552,Bhavana Bhat,PHH,4,20,0,20,en,FPS-KA-BLR-R-0012
RC-KA-002553,Aditi Sharma,PHH,7,35,30,5,en,FPS-KA-BLR-R-0013
RC-KA-002554,Sanjay Gowda,PHH,5,25,0,25,kn,FPS-KA-BLR-R-0014
RC-KA-002555,Sneha Patil,PHH,8,40,25,15,kn,FPS-KA-BLR-R-0015
RC-KA-002556,Manoj Kulkarni,PHH,3,15,10,5,kn,FPS-KA-BLR-R-0016
RC-KA-002557,Meena Desai,PHH,3,15,5,10,kn,FPS-KA-BLR-R-0017
RC-KA-002558,Bhavana Kulkarni,PHH,5,25,5,20,kn,FPS-KA-BLR-R-0018
RC-KA-002559,Rahul Poojary,PHH,4,20,0,20,kn,FPS-KA-BLR-R-0019
RC-KA-002560,Arjun Nayak,PHH,2,10,0,10,kn,FPS-KA-BLR-R-0020
RC-KA-002561,Prakash Joshi,PHH,1,5,5,0,hi,FPS-KA-BLR-U-0001
RC-KA-002562,Sanjay Nayak,PHH,2,10,5,5,kn,FPS-KA-BLR-U-0002
RC-KA-002563,Prakash Kumar,PHH,8,40,15,25,hi,FPS-KA-BLR-U-0003
RC-KA-002564,Priya Nayak,PHH,8,40,40,0,kn,FPS-KA-BLR-U-0004
RC-KA-002565,Rahul Kulkarni,PHH,3,15,0,15,kn,FPS-KA-BLR-U-0005
RC-KA-002566,Shankar Joshi,PHH,2,10,10,0,kn,FPS-KA-BLR-U-0006
RC-KA-002567,Deepa Patil,PHH,5,25,0,25,kn,FPS-KA-BLR-U-0007
RC-KA-002568,Ganesh Nayak,PHH,6,30,0,30,kn,FPS-KA-BLR-U-0008
RC-KA-002569,Akash Kumar,PHH,5,25,15,10,hi,FPS-KA-BLR-U-0009
RC-KA-002570,Prakash Reddy,PHH,3,15,10,5,kn,FPS-KA-BLR-U-0010
RC-KA-002571,Pooja Bhat,PHH,5,25,15,10,kn,FPS-KA-BLR-U-0011
RC-KA-002572,Vijay Naik,PHH,2,10,10,0,kn,FPS-KA-BLR-U-0012
RC-KA-002573,Divya Reddy,PHH,1,5,0,5,kn,FPS-KA-BLR-U-0013
RC-KA-002574,Chetan Joshi,PHH,6,30,30,0,kn,FPS-KA-BLR-U-0014
RC-KA-002575,Swathi Patil,PHH,6,30,30,0,kn,FPS-KA-BLR-U-0015
RC-KA-002576,Prakash Nayak,PHH,4,20,15,5,kn,FPS-KA-BLR-U-0016
RC-KA-002577,Lakshmi Sharma,PHH,1,5,5,0,en,FPS-KA-BLR-U-0017
RC-KA-002578,Arjun Naik,PHH,2,10,10,0,kn,FPS-KA-BLR-U-0018
RC-KA-002579,Naveen Reddy,PHH,1,5,0,5,kn,FPS-KA-BLR-U-0019
RC-KA-002580,Shankar Kumar,PHH,6,30,15,15,kn,FPS-KA-BLR-U-0020
RC-KA-002581,Aarav Rao,PHH,4,20,0,20,en,FPS-KA-BID-0001
RC-KA-002582,Kiran Poojary,PHH,4,20,20,0,kn,FPS-KA-BID-0002
RC-KA-002583,Shalini Kulkarni,PHH,1,5,5,0,kn,FPS-KA-BID-0003
RC-KA-002584,Pooja Shetty,PHH,3,15,15,0,hi,FPS-KA-BID-0004
RC-KA-002585,Priya Nayak,PHH,2,10,5,5,kn,FPS-KA-BID-0005
RC-KA-002586,Lakshmi Nayak,PHH,6,30,10,20,kn,FPS-KA-BID-0006
RC-KA-002587,Prakash Patil,PHH,1,5,0,5,kn,FPS-KA-BID-0007
RC-KA-002588,Swathi Rao,PHH,4,20,15,5,hi,FPS-KA-BID-0008
RC-KA-002589,Deepa Kumar,PHH,1,5,0,5,en,FPS-KA-BID-0009
RC-KA-002590,Manoj Shetty,PHH,1,5,0,5,kn,FPS-KA-BID-0010
RC-KA-002591,Priya Poojary,PHH,5,25,0,25,kn,FPS-KA-BID-0011
RC-KA-002592,Kiran Desai,PHH,4,20,10,10,kn,FPS-KA-BID-0012
RC-KA-002593,Divya Joshi,PHH,2,10,10,0,kn,FPS-KA-BID-0013
RC-KA-002594,Sneha Hegde,PHH,4,20,15,5,hi,FPS-KA-BID-0014
RC-KA-002595,Kavya Rao,PHH,4,20,15,5,hi,FPS-KA-BID-0015
RC-KA-002596,Swathi Naik,PHH,5,25,25,0,kn,FPS-KA-BID-0016
RC-KA-002597,Ananya Patil,PHH,6,30,25,5,kn,FPS-KA-BID-0017
RC-KA-002598,Priya Desai,PHH,6,30,15,15,hi,FPS-KA-BID-0018
RC-KA-002599,Arjun Kumar,PHH,5,25,0,25,kn,FPS-KA-BID-0019
RC-KA-002600,Chetan Gowda,PHH,4,20,10,10,hi,FPS-KA-BID-0020
RC-KA-002601,Arjun Patil,PHH,6,30,25,5,hi,FPS-KA-CHA-0001
RC-KA-002602,Manoj Gowda,PHH,4,20,15,5,kn,FPS-KA-CHA-0002
RC-KA-002603,Divya Naik,PHH,1,5,5,0,hi,FPS-KA-CHA-0003
RC-KA-002604,Akash Patil,PHH,7,35,20,15,hi,FPS-KA-CHA-0004
RC-KA-002605,Aarav Kumar,PHH,5,25,20,5,kn,FPS-KA-CHA-0005
RC-KA-002606,Deepa Reddy,PHH,7,35,30,5,kn,FPS-KA-CHA-0006
RC-KA-002607,Pooja Patil,PHH,7,35,10,25,kn,FPS-KA-CHA-0007
RC-KA-002608,Kavya Nayak,PHH,5,25,0,25,kn,FPS-KA-CHA-0008
RC-KA-002609,Vijay Naik,PHH,1,5,5,0,en,FPS-KA-CHA-0009
RC-KA-002610,Sneha Sharma,PHH,4,20,0,20,kn,FPS-KA-CHA-0010
RC-KA-002611,Vijay Bhat,PHH,7,35,30,5,hi,FPS-KA-CHA-0011
RC-KA-002612,Sanjay Nayak,PHH,1,5,0,5,kn,FPS-KA-CHA-0012
RC-KA-002613,Prakash Bhat,PHH,5,25,20,5,kn,FPS-KA-CHA-0013
RC-KA-002614,Manoj Bhat,PHH,5,25,5,20,en,FPS-KA-CHA-0014
RC-KA-002615,Divya Rao,PHH,4,20,5,15,en,FPS-KA-CHA-0015
RC-KA-002616,Shalini Joshi,PHH,5,25,0,25,en,FPS-KA-CHA-0016
RC-KA-002617,Aditi Sharma,PHH,5,25,10,15,kn,FPS-KA-CHA-0017
RC-KA-002618,Divya Rao,PHH,5,25,10,15,kn,FPS-KA-CHA-0018
RC-KA-002619,Ravi Hegde,PHH,1,5,0,5,kn,FPS-KA-CHA-0019
RC-KA-002620,Aarav Desai,PHH,5,25,5,20,kn,FPS-KA-CHA-0020
RC-KA-002621,Kavya Desai,PHH,1,5,5,0,kn,FPS-KA-CHB-0001
RC-KA-002622,Akash Naik,PHH,4,20,15,5,kn,FPS-KA-CHB-0002
RC-KA-002623,Divya Rao,PHH,6,30,0,30,kn,FPS-KA-CHB-0003
RC-KA-002624,Arjun Reddy,PHH,5,25,10,15,en,FPS-KA-CHB-0004
RC-KA-002625,Rahul Patil,PHH,3,15,5,10,en,FPS-KA-CHB-0005
RC-KA-002626,Bhavana Poojary,PHH,4,20,0,20,kn,FPS-KA-CHB-0006
RC-KA-002627,Rekha Reddy,PHH,8,40,25,15,kn,FPS-KA-CHB-0007
RC-KA-002628,Aarav Poojary,PHH,1,5,5,0,en,FPS-KA-CHB-0008
RC-KA-002629,Priya Reddy,PHH,6,30,20,10,hi,FPS-KA-CHB-0009
RC-KA-002630,Manoj Gowda,PHH,6,30,0,30,kn,FPS-KA-CHB-0010
RC-KA-002631,Prakash Hegde,PHH,2,10,0,10,kn,FPS-KA-CHB-0011
RC-KA-002632,Swathi Naik,PHH,7,35,5,30,kn,FPS-KA-CHB-0012
RC-KA-002633,Shankar Hegde,PHH,3,15,0,15,kn,FPS-KA-CHB-0013
RC-KA-002634,Kavya Desai,PHH,6,30,15,15,en,FPS-KA-CHB-0014
RC-KA-002635,Kavya Patil,PHH,5,25,20,5,kn,FPS-KA-CHB-0015
RC-KA-002636,Aarav Gowda,PHH,5,25,5,20,en,FPS-KA-CHB-0016
RC-KA-002637,Shalini Bhat,PHH,4,20,10,10,kn,FPS-KA-CHB-0017
RC-KA-002638,Prakash Patil,PHH,6,30,5,25,kn,FPS-KA-CHB-0018
RC-KA-002639,Rahul Gowda,PHH,3,15,15,0,hi,FPS-KA-CHB-0019
RC-KA-002640,Prakash Poojary,PHH,2,10,0,10,kn,FPS-KA-CHB-0020
RC-KA-002641,Naveen Rao,PHH,7,35,5,30,hi,FPS-KA-CHK-0001
RC-KA-002642,Naveen Desai,PHH,1,5,5,0,kn,FPS-KA-CHK-0002
RC-KA-002643,Prakash Naik,PHH,6,30,10,20,kn,FPS-KA-CHK-0003
RC-KA-002644,Shalini Hegde,PHH,4,20,10,10,kn,FPS-KA-CHK-0004
RC-KA-002645,Ananya Bhat,PHH,4,20,15,5,kn,FPS-KA-CHK-0005
RC-KA-002646,Swathi Kulkarni,PHH,4,20,15,5,hi,FPS-KA-CHK-0006
RC-KA-002647,Naveen Gowda,PHH,6,30,0,30,kn,FPS-KA-CHK-0007
RC-KA-002648,Deepa Desai,PHH,6,30,25,5,kn,FPS-KA-CHK-0008
RC-KA-002649,Sneha Shetty,PHH,7,35,15,20,kn,FPS-KA-CHK-0009
RC-KA-002650,Ravi Shetty,PHH,4,20,15,5,kn,FPS-KA-CHK-0010
RC-KA-002651,Ananya Gowda,PHH,5,25,10,15,kn,FPS-KA-CHK-0011
RC-KA-002652,Arjun Sharma,PHH,7,35,30,5,kn,FPS-KA-CHK-0012
RC-KA-002653,Swathi Desai,PHH,8,40,15,25,en,FPS-KA-CHK-0013
RC-KA-002654,Divya Rao,PHH,1,5,0,5,kn,FPS-KA-CHK-0014
RC-KA-002655,Aditi Kumar,PHH,8,40,5,35,kn,FPS-KA-CHK-0015
RC-KA-002656,Akash Shetty,PHH,7,35,0,35,kn,FPS-KA-CHK-0016
RC-KA-002657,Kiran Bhat,PHH,7,35,30,5,kn,FPS-KA-CHK-0017
RC-KA-002658,Swathi Kumar,PHH,4,20,10,10,kn,FPS-KA-CHK-0018
RC-KA-002659,Ananya Bhat,PHH,6,30,20,10,kn,FPS-KA-CHK-0019
RC-KA-002660,Kavya Desai,PHH,1,5,0,5,hi,FPS-KA-CHK-0020
RC-KA-002661,Lakshmi Naik,PHH,7,35,35,0,hi,FPS-KA-CHI-0001
RC-KA-002662,Sanjay Rao,PHH,8,40,10,30,hi,FPS-KA-CHI-0002
RC-KA-002663,Prakash Sharma,PHH,2,10,0,10,en,FPS-KA-CHI-0003
RC-KA-002664,Kiran Hegde,PHH,6,30,25,5,kn,FPS-KA-CHI-0004
RC-KA-002665,Prakash Naik,PHH,8,40,10,30,kn,FPS-KA-CHI-0005
RC-KA-002666,Harish Patil,PHH,2,10,0,10,kn,FPS-KA-CHI-0006
RC-KA-002667,Harish Rao,PHH,7,35,20,15,kn,FPS-KA-CHI-0007
RC-KA-002668,Sanjay Nayak,PHH,3,15,5,10,kn,FPS-KA-CHI-0008
RC-KA-002669,Prakash Nayak,PHH,4,20,15,5,kn,FPS-KA-CHI-0009
RC-KA-002670,Bhavana Gowda,PHH,6,30,0,30,kn,FPS-KA-CHI-0010
RC-KA-002671,Deepa Nayak,PHH,5,25,10,15,kn,FPS-KA-CHI-0011
RC-KA-002672,Divya Sharma,PHH,3,15,10,5,en,FPS-KA-CHI-0012
RC-KA-002673,Arjun Gowda,PHH,2,10,0,10,kn,FPS-KA-CHI-0013
RC-KA-002674,Shalini Shetty,PHH,4,20,20,0,hi,FPS-KA-CHI-0014
RC-KA-002675,Pooja Joshi,PHH,1,5,0,5,en,FPS-KA-CHI-0015
RC-KA-002676,Sneha Patil,PHH,4,20,0,20,kn,FPS-KA-CHI-0016
RC-KA-002677,Prakash Kulkarni,PHH,6,30,5,25,kn,FPS-KA-CHI-0017
RC-KA-002678,Manoj Naik,PHH,8,40,40,0,kn,FPS-KA-CHI-0018
RC-KA-002679,Suresh Gowda,PHH,2,10,10,0,hi,FPS-KA-CHI-0019
RC-KA-002680,Akash Kumar,PHH,8,40,30,10,kn,FPS-KA-CHI-0020
RC-KA-002681,Ananya Hegde,PHH,3,15,10,5,hi,FPS-KA-DK-0001
RC-KA-002682,Sanjay Gowda,PHH,2,10,10,0,hi,FPS-KA-DK-0002
RC-KA-002683,Divya Desai,PHH,6,30,5,25,kn,FPS-KA-DK-0003
RC-KA-002684,Swathi Nayak,PHH,2,10,10,0,kn,FPS-KA-DK-0004
RC-KA-002685,Rekha Rao,PHH,1,5,5,0,kn,FPS-KA-DK-0005
RC-KA-002686,Ravi Kumar,PHH,6,30,5,25,hi,FPS-KA-DK-0006
RC-KA-002687,Prakash Kulkarni,PHH,1,5,0,5,kn,FPS-KA-DK-0007
RC-KA-002688,Arjun Desai,PHH,4,20,5,15,kn,FPS-KA-DK-0008
RC-KA-002689,Chetan Poojary,PHH,3,15,15,0,kn,FPS-KA-DK-0009
RC-KA-002690,Sanjay Reddy,PHH,2,10,10,0,en,FPS-KA-DK-0010
RC-KA-002691,Pooja Sharma,PHH,1,5,5,0,kn,FPS-KA-DK-0011
RC-KA-002692,Rekha Naik,PHH,4,20,5,15,kn,FPS-KA-DK-0012
RC-KA-002693,Meena Joshi,PHH,7,35,15,20,kn,FPS-KA-DK-0013
RC-KA-002694,Swathi Naik,PHH,3,15,10,5,hi,FPS-KA-DK-0014
RC-KA-002695,Kiran Sharma,PHH,8,40,35,5,hi,FPS-KA-DK-0015
RC-KA-002696,Ananya Reddy,PHH,6,30,20,10,kn,FPS-KA-DK-0016
RC-KA-002697,Manoj Hegde,PHH,2,10,5,5,kn,FPS-KA-DK-0017
RC-KA-002698,Manoj Hegde,PHH,4,20,15,5,kn,FPS-KA-DK-0018
RC-KA-002699,Rekha Shetty,PHH,2,10,5,5,kn,FPS-KA-DK-0019
RC-KA-002700,Ravi Reddy,PHH,8,40,35,5,kn,FPS-KA-DK-0020
RC-KA-002701,Chetan Nayak,PHH,1,5,5,0,kn,FPS-KA-DAV-0001
RC-KA-002702,Harish Naik,PHH,7,35,0,35,kn,FPS-KA-DAV-0002
RC-KA-002703,Manoj Kulkarni,PHH,6,30,15,15,kn,FPS-KA-DAV-0003
RC-KA-002704,Divya Desai,PHH,7,35,20,15,en,FPS-KA-DAV-0004
RC-KA-002705,Aditi Naik,PHH,4,20,10,10,kn,FPS-KA-DAV-0005
RC-KA-002706,Swathi Shetty,PHH,8,40,30,10,kn,FPS-KA-DAV-0006
RC-KA-002707,Priya Sharma,PHH,4,20,0,20,en,FPS-KA-DAV-0007
RC-KA-002708,Aarav Bhat,PHH,6,30,5,25,kn,FPS-KA-DAV-0008
RC-KA-002709,Rekha Hegde,PHH,1,5,5,0,kn,FPS-KA-DAV-0009
RC-KA-002710,Akash Poojary,PHH,6,30,30,0,hi,FPS-KA-DAV-0010
RC-KA-002711,Chetan Shetty,PHH,1,5,0,5,kn,FPS-KA-DAV-0011
RC-KA-002712,Bhavana Nayak,PHH,7,35,15,20,kn,FPS-KA-DAV-0012
RC-KA-002713,Pooja Bhat,PHH,6,30,10,20,kn,FPS-KA-DAV-0013
RC-KA-002714,Aarav Rao,PHH,4,20,0,20,kn,FPS-KA-DAV-0014
RC-KA-002715,Meena Patil,PHH,2,10,10,0,kn,FPS-KA-DAV-0015
RC-KA-002716,Deepa Poojary,PHH,3,15,10,5,kn,FPS-KA-DAV-0016
RC-KA-002717,Ananya Kumar,PHH,4,20,0,20,kn,FPS-KA-DAV-0017
RC-KA-002718,Sanjay Nayak,PHH,7,35,30,5,kn,FPS-KA-DAV-0018
RC-KA-002719,Naveen Bhat,PHH,5,25,0,25,kn,FPS-KA-DAV-0019
RC-KA-002720,Sneha Joshi,PHH,7,35,0,35,kn,FPS-KA-DAV-0020
RC-KA-002721,Shankar Kulkarni,PHH,3,15,0,15,hi,FPS-KA-DHA-0001
RC-KA-002722,Shankar Hegde,PHH,4,20,20,0,en,FPS-KA-DHA-0002
RC-KA-002723,Manoj Reddy,PHH,7,35,0,35,kn,FPS-KA-DHA-0003
RC-KA-002724,Prakash Desai,PHH,2,10,5,5,en,FPS-KA-DHA-0004
RC-KA-002725,Deepa Kulkarni,PHH,7,35,20,15,kn,FPS-KA-DHA-0005
RC-KA-002726,Rekha Joshi,PHH,5,25,15,10,kn,FPS-KA-DHA-0006
RC-KA-002727,Meena Bhat,PHH,4,20,15,5,kn,FPS-KA-DHA-0007
RC-KA-002728,Rekha Gowda,PHH,7,35,25,10,hi,FPS-KA-DHA-0008
RC-KA-002729,Aarav Kulkarni,PHH,8,40,15,25,kn,FPS-KA-DHA-0009
RC-KA-002730,Prakash Gowda,PHH,4,20,15,5,kn,FPS-KA-DHA-0010
RC-KA-002731,Rahul Gowda,PHH,5,25,10,15,kn,FPS-KA-DHA-0011
RC-KA-002732,Suresh Desai,PHH,2,10,10,0,kn,FPS-KA-DHA-0012
RC-KA-002733,Priya Kumar,PHH,4,20,0,20,kn,FPS-KA-DHA-0013
RC-KA-002734,Prakash Rao,PHH,8,40,40,0,hi,FPS-KA-DHA-0014
RC-KA-002735,Divya Kulkarni,PHH,4,20,0,20,hi,FPS-KA-DHA-0015
RC-KA-002736,Arjun Patil,PHH,5,25,25,0,kn,FPS-KA-DHA-0016
RC-KA-002737,Lakshmi Kumar,PHH,6,30,25,5,kn,FPS-KA-DHA-0017
RC-KA-002738,Shalini Joshi,PHH,1,5,5,0,kn,FPS-KA-DHA-0018
RC-KA-002739,Rahul Reddy,PHH,8,40,40,0,kn,FPS-KA-DHA-0019
RC-KA-002740,Naveen Joshi,PHH,6,30,15,15,hi,FPS-KA-DHA-0020
RC-KA-002741,Akash Kulkarni,PHH,2,10,0,10,kn,FPS-KA-GAD-0001
RC-KA-002742,Sanjay Gowda,PHH,3,15,0,15,kn,FPS-KA-GAD-0002
RC-KA-002743,Ananya Patil,PHH,3,15,5,10,kn,FPS-KA-GAD-0003
RC-KA-002744,Shankar Joshi,PHH,7,35,35,0,kn,FPS-KA-GAD-0004
RC-KA-002745,Pooja Kulkarni,PHH,8,40,10,30,hi,FPS-KA-GAD-0005
RC-KA-002746,Lakshmi Naik,PHH,7,35,0,35,kn,FPS-KA-GAD-0006
RC-KA-002747,Swathi Hegde,PHH,5,25,20,5,kn,FPS-KA-GAD-0007
RC-KA-002748,Ravi Reddy,PHH,3,15,5,10,kn,FPS-KA-GAD-0008
RC-KA-002749,Meena Desai,PHH,6,30,20,10,kn,FPS-KA-GAD-0009
RC-KA-002750,Sanjay Kumar,PHH,4,20,10,10,en,FPS-KA-GAD-0010
RC-KA-002751,Sneha Desai,PHH,3,15,5,10,kn,FPS-KA-GAD-0011
RC-KA-002752,Arjun Desai,PHH,1,5,5,0,kn,FPS-KA-GAD-0012
RC-KA-002753,Chetan Reddy,PHH,2,10,0,10,kn,FPS-KA-GAD-0013
RC-KA-002754,Ananya Patil,PHH,2,10,10,0,kn,FPS-KA-GAD-0014
RC-KA-002755,Rahul Joshi,PHH,8,40,10,30,kn,FPS-KA-GAD-0015
RC-KA-002756,Vijay Reddy,PHH,4,20,10,10,kn,FPS-KA-GAD-0016
RC-KA-002757,Suresh Kulkarni,PHH,5,25,10,15,hi,FPS-KA-GAD-0017
RC-KA-002758,Kiran Nayak,PHH,5,25,10,15,kn,FPS-KA-GAD-0018
RC-KA-002759,Ravi Reddy,PHH,5,25,20,5,kn,FPS-KA-GAD-0019
RC-KA-002760,Sanjay Reddy,PHH,2,10,10,0,kn,FPS-KA-GAD-0020
RC-KA-002761,Ananya Shetty,PHH,5,25,5,20,kn,FPS-KA-HAS-0001
RC-KA-002762,Suresh Sharma,PHH,7,35,25,10,kn,FPS-KA-HAS-0002
RC-KA-002763,Ravi Nayak,PHH,5,25,25,0,en,FPS-KA-HAS-0003
RC-KA-002764,Shankar Reddy,PHH,8,40,15,25,kn,FPS-KA-HAS-0004
RC-KA-002765,Priya Shetty,PHH,4,20,0,20,en,FPS-KA-HAS-0005
RC-KA-002766,Aarav Hegde,PHH,3,15,5,10,kn,FPS-KA-HAS-0006
RC-KA-002767,Shankar Desai,PHH,2,10,0,10,kn,FPS-KA-HAS-0007
RC-KA-002768,Naveen Rao,PHH,7,35,35,0,kn,FPS-KA-HAS-0008
RC-KA-002769,Kiran Rao,PHH,2,10,0,10,kn,FPS-KA-HAS-0009
RC-KA-002770,Sneha Joshi,PHH,7,35,35,0,kn,FPS-KA-HAS-0010
RC-KA-002771,Priya Kumar,PHH,6,30,20,10,kn,FPS-KA-HAS-0011
RC-KA-002772,Sneha Naik,PHH,4,20,5,15,en,FPS-KA-HAS-0012
RC-KA-002773,Meena Bhat,PHH,3,15,15,0,kn,FPS-KA-HAS-0013
RC-KA-002774,Swathi Kulkarni,PHH,5,25,25,0,kn,FPS-KA-HAS-0014
RC-KA-002775,Kavya Kumar,PHH,6,30,5,25,kn,FPS-KA-HAS-0015
RC-KA-002776,Chetan Sharma,PHH,8,40,25,15,hi,FPS-KA-HAS-0016
RC-KA-002777,Vijay Bhat,PHH,4,20,15,5,kn,FPS-KA-HAS-0017
RC-KA-002778,Naveen Reddy,PHH,1,5,0,5,kn,FPS-KA-HAS-0018
RC-KA-002779,Vijay Hegde,PHH,1,5,5,0,kn,FPS-KA-HAS-0019
RC-KA-002780,Priya Naik,PHH,5,25,20,5,en,FPS-KA-HAS-0020
RC-KA-002781,Kiran Patil,PHH,1,5,5,0,kn,FPS-KA-HAV-0001
RC-KA-002782,Prakash Kumar,PHH,5,25,10,15,kn,FPS-KA-HAV-0002
RC-KA-002783,Rahul Desai,PHH,1,5,5,0,en,FPS-KA-HAV-0003
RC-KA-002784,Suresh Poojary,PHH,8,40,10,30,kn,FPS-KA-HAV-0004
RC-KA-002785,Priya Nayak,PHH,2,10,0,10,kn,FPS-KA-HAV-0005
RC-KA-002786,Arjun Gowda,PHH,3,15,5,10,en,FPS-KA-HAV-0006
RC-KA-002787,Rahul Bhat,PHH,7,35,5,30,kn,FPS-KA-HAV-0007
RC-KA-002788,Pooja Naik,PHH,1,5,5,0,kn,FPS-KA-HAV-0008
RC-KA-002789,Harish Kumar,PHH,4,20,20,0,hi,FPS-KA-HAV-0009
RC-KA-002790,Prakash Bhat,PHH,6,30,25,5,kn,FPS-KA-HAV-0010
RC-KA-002791,Ravi Kulkarni,PHH,6,30,20,10,kn,FPS-KA-HAV-0011
RC-KA-002792,Sneha Rao,PHH,7,35,0,35,kn,FPS-KA-HAV-0012
RC-KA-002793,Manoj Patil,PHH,3,15,10,5,kn,FPS-KA-HAV-0013
RC-KA-002794,Naveen Kulkarni,PHH,5,25,20,5,kn,FPS-KA-HAV-0014
RC-KA-002795,Pooja Hegde,PHH,3,15,0,15,kn,FPS-KA-HAV-0015
RC-KA-002796,Sneha Bhat,PHH,2,10,5,5,kn,FPS-KA-HAV-0016
RC-KA-002797,Akash Gowda,PHH,2,10,10,0,en,FPS-KA-HAV-0017
RC-KA-002798,Bhavana Hegde,PHH,2,10,0,10,hi,FPS-KA-HAV-0018
RC-KA-002799,Chetan Poojary,PHH,1,5,0,5,hi,FPS-KA-HAV-0019
RC-KA-002800,Sanjay Reddy,PHH,6,30,15,15,kn,FPS-KA-HAV-0020
RC-KA-002801,Swathi Kumar,PHH,5,25,25,0,kn,FPS-KA-KAL-0001
RC-KA-002802,Kiran Bhat,PHH,4,20,5,15,kn,FPS-KA-KAL-0002
RC-KA-002803,Prakash Hegde,PHH,5,25,5,20,kn,FPS-KA-KAL-0003
RC-KA-002804,Divya Nayak,PHH,7,35,15,20,hi,FPS-KA-KAL-0004
RC-KA-002805,Divya Bhat,PHH,4,20,5,15,en,FPS-KA-KAL-0005
RC-KA-002806,Kavya Sharma,PHH,8,40,20,20,kn,FPS-KA-KAL-0006
RC-KA-002807,Naveen Desai,PHH,6,30,10,20,hi,FPS-KA-KAL-0007
RC-KA-002808,Prakash Kulkarni,PHH,3,15,0,15,en,FPS-KA-KAL-0008
RC-KA-002809,Lakshmi Hegde,PHH,3,15,5,10,en,FPS-KA-KAL-0009
RC-KA-002810,Naveen Joshi,PHH,5,25,5,20,kn,FPS-KA-KAL-0010
RC-KA-002811,Chetan Naik,PHH,5,25,0,25,kn,FPS-KA-KAL-0011
RC-KA-002812,Vijay Gowda,PHH,4,20,15,5,kn,FPS-KA-KAL-0012
RC-KA-002813,Prakash Hegde,PHH,3,15,15,0,kn,FPS-KA-KAL-0013
RC-KA-002814,Prakash Nayak,PHH,6,30,20,10,kn,FPS-KA-KAL-0014
RC-KA-002815,Rahul Hegde,PHH,1,5,5,0,hi,FPS-KA-KAL-0015
RC-KA-002816,Harish Hegde,PHH,1,5,0,5,kn,FPS-KA-KAL-0016
RC-KA-002817,Ganesh Shetty,PHH,2,10,0,10,en,FPS-KA-KAL-0017
RC-KA-002818,Aarav Desai,PHH,8,40,40,0,kn,FPS-KA-KAL-0018
RC-KA-002819,Meena Kumar,PHH,8,40,30,10,hi,FPS-KA-KAL-0019
RC-KA-002820,Priya Hegde,PHH,4,20,10,10,hi,FPS-KA-KAL-0020
RC-KA-002821,Vijay Nayak,PHH,8,40,30,10,kn,FPS-KA-KOD-0001
RC-KA-002822,Lakshmi Rao,PHH,4,20,20,0,kn,FPS-KA-KOD-0002
RC-KA-002823,Aarav Shetty,PHH,5,25,20,5,kn,FPS-KA-KOD-0003
RC-KA-002824,Rekha Joshi,PHH,3,15,10,5,en,FPS-KA-KOD-0004
RC-KA-002825,Arjun Poojary,PHH,4,20,20,0,hi,FPS-KA-KOD-0005
RC-KA-002826,Akash Naik,PHH,6,30,30,0,en,FPS-KA-KOD-0006
RC-KA-002827,Bhavana Desai,PHH,3,15,10,5,kn,FPS-KA-KOD-0007
RC-KA-002828,Bhavana Naik,PHH,1,5,0,5,kn,FPS-KA-KOD-0008
RC-KA-002829,Suresh Reddy,PHH,5,25,0,25,kn,FPS-KA-KOD-0009
RC-KA-002830,Arjun Poojary,PHH,7,35,5,30,hi,FPS-KA-KOD-0010
RC-KA-002831,Kavya Gowda,PHH,6,30,0,30,kn,FPS-KA-KOD-0011
RC-KA-002832,Rekha Reddy,PHH,8,40,40,0,kn,FPS-KA-KOD-0012
RC-KA-002833,Rekha Reddy,PHH,8,40,30,10,hi,FPS-KA-KOD-0013
RC-KA-002834,Shalini Nayak,PHH,2,10,5,5,kn,FPS-KA-KOD-0014
RC-KA-002835,Swathi Naik,PHH,3,15,15,0,hi,FPS-KA-KOD-0015
RC-KA-002836,Kavya Desai,PHH,7,35,30,5,kn,FPS-KA-KOD-0016
RC-KA-002837,Bhavana Rao,PHH,1,5,0,5,en,FPS-KA-KOD-0017
RC-KA-002838,Naveen Kumar,PHH,4,20,10,10,kn,FPS-KA-KOD-0018
RC-KA-002839,Rahul Reddy,PHH,1,5,5,0,en,FPS-KA-KOD-0019
RC-KA-002840,Chetan Naik,PHH,3,15,15,0,kn,FPS-KA-KOD-0020
RC-KA-002841,Rahul Shetty,PHH,7,35,5,30,kn,FPS-KA-KOL-0001
RC-KA-002842,Kiran Poojary,PHH,7,35,10,25,kn,FPS-KA-KOL-0002
RC-KA-002843,Lakshmi Shetty,PHH,8,40,0,40,kn,FPS-KA-KOL-0003
RC-KA-002844,Sneha Gowda,PHH,3,15,15,0,kn,FPS-KA-KOL-0004
RC-KA-002845,Sanjay Gowda,PHH,8,40,5,35,kn,FPS-KA-KOL-0005
RC-KA-002846,Arjun Sharma,PHH,7,35,0,35,kn,FPS-KA-KOL-0006
RC-KA-002847,Rahul Poojary,PHH,7,35,35,0,kn,FPS-KA-KOL-0007
RC-KA-002848,Ganesh Kulkarni,PHH,7,35,30,5,hi,FPS-KA-KOL-0008
RC-KA-002849,Priya Rao,PHH,5,25,25,0,kn,FPS-KA-KOL-0009
RC-KA-002850,Meena Bhat,PHH,8,40,40,0,kn,FPS-KA-KOL-0010
RC-KA-002851,Kavya Gowda,PHH,6,30,30,0,kn,FPS-KA-KOL-0011
RC-KA-002852,Kiran Kumar,PHH,3,15,15,0,kn,FPS-KA-KOL-0012
RC-KA-002853,Vijay Bhat,PHH,2,10,0,10,kn,FPS-KA-KOL-0013
RC-KA-002854,Priya Bhat,PHH,5,25,5,20,kn,FPS-KA-KOL-0014
RC-KA-002855,Ganesh Patil,PHH,8,40,30,10,kn,FPS-KA-KOL-0015
RC-KA-002856,Aditi Nayak,PHH,2,10,5,5,kn,FPS-KA-KOL-0016
RC-KA-002857,Ravi Naik,PHH,6,30,10,20,kn,FPS-KA-KOL-0017
RC-KA-002858,Kavya Kulkarni,PHH,1,5,5,0,kn,FPS-KA-KOL-0018
RC-KA-002859,Rahul Patil,PHH,1,5,5,0,kn,FPS-KA-KOL-0019
RC-KA-002860,Pooja Bhat,PHH,2,10,5,5,hi,FPS-KA-KOL-0020
RC-KA-002861,Pooja Gowda,PHH,7,35,15,20,kn,FPS-KA-KOP-0001
RC-KA-002862,Lakshmi Nayak,PHH,3,15,5,10,kn,FPS-KA-KOP-0002
RC-KA-002863,Rekha Sharma,PHH,5,25,10,15,en,FPS-KA-KOP-0003
RC-KA-002864,Aditi Gowda,PHH,4,20,20,0,kn,FPS-KA-KOP-0004
RC-KA-002865,Priya Bhat,PHH,6,30,10,20,kn,FPS-KA-KOP-0005
RC-KA-002866,Sanjay Gowda,PHH,2,10,5,5,kn,FPS-KA-KOP-0006
RC-KA-002867,Lakshmi Kulkarni,PHH,6,30,25,5,hi,FPS-KA-KOP-0007
RC-KA-002868,Divya Bhat,PHH,1,5,0,5,en,FPS-KA-KOP-0008
RC-KA-002869,Shankar Reddy,PHH,2,10,5,5,en,FPS-KA-KOP-0009
RC-KA-002870,Pooja Kumar,PHH,5,25,10,15,kn,FPS-KA-KOP-0010
RC-KA-002871,Meena Reddy,PHH,4,20,0,20,kn,FPS-KA-KOP-0011
RC-KA-002872,Shalini Shetty,PHH,7,35,20,15,hi,FPS-KA-KOP-0012
RC-KA-002873,Priya Kulkarni,PHH,5,25,20,5,kn,FPS-KA-KOP-0013
RC-KA-002874,Lakshmi Reddy,PHH,3,15,10,5,kn,FPS-KA-KOP-0014
RC-KA-002875,Divya Naik,PHH,1,5,5,0,kn,FPS-KA-KOP-0015
RC-KA-002876,Deepa Patil,PHH,8,40,25,15,kn,FPS-KA-KOP-0016
RC-KA-002877,Ganesh Bhat,PHH,6,30,5,25,kn,FPS-KA-KOP-0017
RC-KA-002878,Harish Joshi,PHH,8,40,30,10,kn,FPS-KA-KOP-0018
RC-KA-002879,Aarav Hegde,PHH,7,35,35,0,en,FPS-KA-KOP-0019
RC-KA-002880,Manoj Shetty,PHH,6,30,10,20,kn,FPS-KA-KOP-0020
RC-KA-002881,Rekha Shetty,PHH,8,40,35,5,kn,FPS-KA-MAN-0001
RC-KA-002882,Ravi Kumar,PHH,7,35,20,15,kn,FPS-KA-MAN-0002
RC-KA-002883,Kavya Gowda,PHH,2,10,10,0,kn,FPS-KA-MAN-0003
RC-KA-002884,Ganesh Rao,PHH,4,20,20,0,kn,FPS-KA-MAN-0004
RC-KA-002885,Aarav Shetty,PHH,6,30,15,15,kn,FPS-KA-MAN-0005
RC-KA-002886,Lakshmi Rao,PHH,3,15,10,5,kn,FPS-KA-MAN-0006
RC-KA-002887,Meena Reddy,PHH,1,5,5,0,kn,FPS-KA-MAN-0007
RC-KA-002888,Suresh Gowda,PHH,7,35,10,25,kn,FPS-KA-MAN-0008
RC-KA-002889,Ananya Sharma,PHH,2,10,5,5,kn,FPS-KA-MAN-0009
RC-KA-002890,Shalini Rao,PHH,5,25,5,20,en,FPS-KA-MAN-0010
RC-KA-002891,Chetan Kulkarni,PHH,7,35,30,5,kn,FPS-KA-MAN-0011
RC-KA-002892,Rahul Gowda,PHH,5,25,10,15,hi,FPS-KA-MAN-0012
RC-KA-002893,Kiran Reddy,PHH,6,30,20,10,kn,FPS-KA-MAN-0013
RC-KA-002894,Ganesh Kumar,PHH,7,35,35,0,hi,FPS-KA-MAN-0014
RC-KA-002895,Bhavana Kulkarni,PHH,8,40,10,30,en,FPS-KA-MAN-0015
RC-KA-002896,Harish Rao,PHH,5,25,0,25,kn,FPS-KA-MAN-0016
RC-KA-002897,Ananya Kulkarni,PHH,8,40,10,30,kn,FPS-KA-MAN-0017
RC-KA-002898,Rahul Patil,PHH,7,35,30,5,kn,FPS-KA-MAN-0018
RC-KA-002899,Naveen Gowda,PHH,4,20,5,15,kn,FPS-KA-MAN-0019
RC-KA-002900,Deepa Shetty,PHH,7,35,0,35,kn,FPS-KA-MAN-0020
RC-KA-002901,Aarav Bhat,PHH,8,40,5,35,en,FPS-KA-MYS-0001
RC-KA-002902,Bhavana Desai,PHH,7,35,15,20,en,FPS-KA-MYS-0002
RC-KA-002903,Bhavana Desai,PHH,6,30,25,5,en,FPS-KA-MYS-0003
RC-KA-002904,Akash Nayak,PHH,4,20,10,10,kn,FPS-KA-MYS-0004
RC-KA-002905,Manoj Reddy,PHH,1,5,0,5,kn,FPS-KA-MYS-0005
RC-KA-002906,Manoj Joshi,PHH,8,40,15,25,hi,FPS-KA-MYS-0006
RC-KA-002907,Suresh Nayak,PHH,2,10,10,0,hi,FPS-KA-MYS-0007
RC-KA-002908,Akash Patil,PHH,3,15,5,10,kn,FPS-KA-MYS-0008
RC-KA-002909,Meena Kumar,PHH,1,5,5,0,en,FPS-KA-MYS-0009
RC-KA-002910,Divya Nayak,PHH,7,35,5,30,hi,FPS-KA-MYS-0010
RC-KA-002911,Rahul Joshi,PHH,2,10,10,0,hi,FPS-KA-MYS-0011
RC-KA-002912,Sanjay Patil,PHH,1,5,5,0,kn,FPS-KA-MYS-0012
RC-KA-002913,Sanjay Rao,PHH,5,25,15,10,hi,FPS-KA-MYS-0013
RC-KA-002914,Vijay Joshi,PHH,1,5,5,0,kn,FPS-KA-MYS-0014
RC-KA-002915,Ananya Shetty,PHH,8,40,30,10,hi,FPS-KA-MYS-0015
RC-KA-002916,Ananya Bhat,PHH,5,25,20,5,hi,FPS-KA-MYS-0016
RC-KA-002917,Harish Shetty,PHH,3,15,10,5,kn,FPS-KA-MYS-0017
RC-KA-002918,Ananya Hegde,PHH,4,20,15,5,kn,FPS-KA-MYS-0018
RC-KA-002919,Meena Rao,PHH,2,10,5,5,en,FPS-KA-MYS-0019
RC-KA-002920,Rekha Desai,PHH,4,20,10,10,kn,FPS-KA-MYS-0020
RC-KA-002921,Divya Sharma,PHH,6,30,30,0,kn,FPS-KA-RAI-0001
RC-KA-002922,Arjun Shetty,PHH,5,25,20,5,kn,FPS-KA-RAI-0002
RC-KA-002923,Kavya Sharma,PHH,5,25,0,25,kn,FPS-KA-RAI-0003
RC-KA-002924,Rekha Shetty,PHH,6,30,25,5,kn,FPS-KA-RAI-0004
RC-KA-002925,Ravi Naik,PHH,5,25,15,10,hi,FPS-KA-RAI-0005
RC-KA-002926,Ganesh Kumar,PHH,3,15,5,10,kn,FPS-KA-RAI-0006
RC-KA-002927,Aarav Kumar,PHH,7,35,20,15,kn,FPS-KA-RAI-0007
RC-KA-002928,Prakash Patil,PHH,4,20,20,0,kn,FPS-KA-RAI-0008
RC-KA-002929,Sanjay Kumar,PHH,5,25,10,15,hi,FPS-KA-RAI-0009
RC-KA-002930,Bhavana Hegde,PHH,7,35,35,0,kn,FPS-KA-RAI-0010
RC-KA-002931,Kiran Kumar,PHH,3,15,10,5,kn,FPS-KA-RAI-0011
RC-KA-002932,Meena Shetty,PHH,8,40,10,30,en,FPS-KA-RAI-0012
RC-KA-002933,Akash Hegde,PHH,8,40,30,10,kn,FPS-KA-RAI-0013
RC-KA-002934,Arjun Naik,PHH,4,20,10,10,kn,FPS-KA-RAI-0014
RC-KA-002935,Meena Desai,PHH,2,10,10,0,kn,FPS-KA-RAI-0015
RC-KA-002936,Kavya Poojary,PHH,1,5,0,5,hi,FPS-KA-RAI-0016
RC-KA-002937,Harish Joshi,PHH,1,5,5,0,kn,FPS-KA-RAI-0017
RC-KA-002938,Pooja Kumar,PHH,2,10,5,5,kn,FPS-KA-RAI-0018
RC-KA-002939,Naveen Reddy,PHH,2,10,0,10,kn,FPS-KA-RAI-0019
RC-KA-002940,Bhavana Bhat,PHH,4,20,10,10,hi,FPS-KA-RAI-0020
RC-KA-002941,Manoj Shetty,PHH,4,20,5,15,kn,FPS-KA-RAM-0001
RC-KA-002942,Akash Bhat,PHH,1,5,5,0,kn,FPS-KA-RAM-0002
RC-KA-002943,Arjun Joshi,PHH,4,20,0,20,en,FPS-KA-RAM-0003
RC-KA-002944,Deepa Sharma,PHH,5,25,0,25,kn,FPS-KA-RAM-0004
RC-KA-002945,Swathi Rao,PHH,8,40,35,5,kn,FPS-KA-RAM-0005
RC-KA-002946,Akash Reddy,PHH,1,5,5,0,hi,FPS-KA-RAM-0006
RC-KA-002947,Meena Reddy,PHH,8,40,5,35,kn,FPS-KA-RAM-0007
RC-KA-002948,Priya Desai,PHH,2,10,10,0,kn,FPS-KA-RAM-0008
RC-KA-002949,Lakshmi Kumar,PHH,5,25,20,5,kn,FPS-KA-RAM-0009
RC-KA-002950,Shalini Poojary,PHH,2,10,10,0,en,FPS-KA-RAM-0010
RC-KA-002951,Priya Rao,PHH,4,20,20,0,hi,FPS-KA-RAM-0011
RC-KA-002952,Lakshmi Sharma,PHH,8,40,0,40,kn,FPS-KA-RAM-0012
RC-KA-002953,Harish Joshi,PHH,5,25,15,10,kn,FPS-KA-RAM-0013
RC-KA-002954,Rahul Naik,PHH,8,40,40,0,kn,FPS-KA-RAM-0014
RC-KA-002955,Divya Poojary,PHH,5,25,20,5,kn,FPS-KA-RAM-0015
RC-KA-002956,Shalini Shetty,PHH,5,25,25,0,kn,FPS-KA-RAM-0016
RC-KA-002957,Naveen Desai,PHH,8,40,0,40,kn,FPS-KA-RAM-0017
RC-KA-002958,Shalini Kulkarni,PHH,8,40,10,30,kn,FPS-KA-RAM-0018
RC-KA-002959,Manoj Hegde,PHH,5,25,0,25,en,FPS-KA-RAM-0019
RC-KA-002960,Shalini Reddy,PHH,3,15,5,10,hi,FPS-KA-RAM-0020
RC-KA-002961,Harish Rao,PHH,4,20,10,10,kn,FPS-KA-SHI-0001
RC-KA-002962,Vijay Sharma,PHH,8,40,5,35,kn,FPS-KA-SHI-0002
RC-KA-002963,Harish Shetty,PHH,4,20,20,0,kn,FPS-KA-SHI-0003
RC-KA-002964,Suresh Shetty,PHH,4,20,15,5,hi,FPS-KA-SHI-0004
RC-KA-002965,Meena Poojary,PHH,3,15,10,5,en,FPS-KA-SHI-0005
RC-KA-002966,Divya Desai,PHH,7,35,20,15,kn,FPS-KA-SHI-0006
RC-KA-002967,Harish Bhat,PHH,5,25,10,15,kn,FPS-KA-SHI-0007
RC-KA-002968,Manoj Naik,PHH,6,30,30,0,hi,FPS-KA-SHI-0008
RC-KA-002969,Aarav Rao,PHH,7,35,30,5,hi,FPS-KA-SHI-0009
RC-KA-002970,Kavya Poojary,PHH,7,35,0,35,en,FPS-KA-SHI-0010
RC-KA-002971,Aarav Kumar,PHH,3,15,15,0,hi,FPS-KA-SHI-0011
RC-KA-002972,Divya Naik,PHH,4,20,5,15,kn,FPS-KA-SHI-0012
RC-KA-002973,Shankar Kulkarni,PHH,6,30,0,30,kn,FPS-KA-SHI-0013
RC-KA-002974,Chetan Rao,PHH,6,30,20,10,kn,FPS-KA-SHI-0014
RC-KA-002975,Suresh Naik,PHH,4,20,20,0,kn,FPS-KA-SHI-0015
RC-KA-002976,Harish Bhat,PHH,2,10,0,10,kn,FPS-KA-SHI-0016
RC-KA-002977,Aditi Rao,PHH,8,40,35,5,en,FPS-KA-SHI-0017
RC-KA-002978,Priya Sharma,PHH,7,35,35,0,kn,FPS-KA-SHI-0018
RC-KA-002979,Rahul Hegde,PHH,7,35,0,35,kn,FPS-KA-SHI-0019
RC-KA-002980,Vijay Naik,PHH,5,25,20,5,kn,FPS-KA-SHI-0020
RC-KA-002981,Sanjay Gowda,PHH,2,10,5,5,kn,FPS-KA-TUM-0001
RC-KA-002982,Sneha Shetty,PHH,6,30,30,0,hi,FPS-KA-TUM-0002
RC-KA-002983,Pooja Gowda,PHH,3,15,10,5,kn,FPS-KA-TUM-0003
RC-KA-002984,Pooja Rao,PHH,8,40,15,25,kn,FPS-KA-TUM-0004
RC-KA-002985,Ganesh Bhat,PHH,5,25,20,5,kn,FPS-KA-TUM-0005
RC-KA-002986,Akash Kumar,PHH,1,5,0,5,hi,FPS-KA-TUM-0006
RC-KA-002987,Shalini Desai,PHH,6,30,30,0,kn,FPS-KA-TUM-0007
RC-KA-002988,Deepa Desai,PHH,4,20,5,15,kn,FPS-KA-TUM-0008
RC-KA-002989,Rekha Naik,PHH,6,30,10,20,kn,FPS-KA-TUM-0009
RC-KA-002990,Aarav Shetty,PHH,5,25,20,5,hi,FPS-KA-TUM-0010
RC-KA-002991,Kiran Rao,PHH,2,10,10,0,kn,FPS-KA-TUM-0011
RC-KA-002992,Aditi Nayak,PHH,8,40,0,40,hi,FPS-KA-TUM-0012
RC-KA-002993,Aditi Joshi,PHH,6,30,0,30,kn,FPS-KA-TUM-0013
RC-KA-002994,Ganesh Sharma,PHH,6,30,30,0,kn,FPS-KA-TUM-0014
RC-KA-002995,Akash Sharma,PHH,6,30,25,5,kn,FPS-KA-TUM-0015
RC-KA-002996,Pooja Shetty,PHH,2,10,10,0,hi,FPS-KA-TUM-0016
RC-KA-002997,Priya Poojary,PHH,2,10,10,0,en,FPS-KA-TUM-0017
RC-KA-002998,Lakshmi Kumar,PHH,4,20,0,20,hi,FPS-KA-TUM-0018
RC-KA-002999,Swathi Bhat,PHH,5,25,15,10,kn,FPS-KA-TUM-0019
RC-KA-003000,Rahul Sharma,PHH,3,15,10,5,kn,FPS-KA-TUM-0020
RC-KA-003001,Rekha Bhat,PHH,6,30,15,15,kn,FPS-KA-UDP-0001
RC-KA-003002,Ganesh Patil,PHH,7,35,0,35,kn,FPS-KA-UDP-0002
RC-KA-003003,Harish Kulkarni,PHH,7,35,0,35,kn,FPS-KA-UDP-0003
RC-KA-003004,Prakash Poojary,PHH,3,15,10,5,en,FPS-KA-UDP-0004
RC-KA-003005,Ravi Reddy,PHH,6,30,20,10,kn,FPS-KA-UDP-0005
RC-KA-003006,Arjun Reddy,PHH,6,30,25,5,en,FPS-KA-UDP-0006
RC-KA-003007,Ananya Patil,PHH,3,15,5,10,kn,FPS-KA-UDP-0007
RC-KA-003008,Akash Hegde,PHH,1,5,0,5,kn,FPS-KA-UDP-0008
RC-KA-003009,Chetan Naik,PHH,6,30,5,25,kn,FPS-KA-UDP-0009
RC-KA-003010,Deepa Nayak,PHH,3,15,15,0,en,FPS-KA-UDP-0010
RC-KA-003011,Swathi Nayak,PHH,4,20,10,10,kn,FPS-KA-UDP-0011
RC-KA-003012,Kiran Patil,PHH,8,40,5,35,hi,FPS-KA-UDP-0012
RC-KA-003013,Manoj Desai,PHH,8,40,15,25,kn,FPS-KA-UDP-0013
RC-KA-003014,Kiran Sharma,PHH,7,35,15,20,kn,FPS-KA-UDP-0014
RC-KA-003015,Naveen Nayak,PHH,2,10,0,10,en,FPS-KA-UDP-0015
RC-KA-003016,Ananya Desai,PHH,2,10,0,10,hi,FPS-KA-UDP-0016
RC-KA-003017,Lakshmi Reddy,PHH,6,30,25,5,en,FPS-KA-UDP-0017
RC-KA-003018,Kavya Desai,PHH,4,20,0,20,hi,FPS-KA-UDP-0018
RC-KA-003019,Manoj Patil,PHH,5,25,20,5,kn,FPS-KA-UDP-0019
RC-KA-003020,Kiran Kumar,PHH,1,5,5,0,hi,FPS-KA-UDP-0020
RC-KA-003021,Ganesh Kumar,PHH,2,10,5,5,kn,FPS-KA-UK-0001
RC-KA-003022,Rahul Naik,PHH,2,10,5,5,en,FPS-KA-UK-0002
RC-KA-003023,Shankar Kulkarni,PHH,4,20,0,20,kn,FPS-KA-UK-0003
RC-KA-003024,Divya Bhat,PHH,8,40,0,40,en,FPS-KA-UK-0004
RC-KA-003025,Deepa Shetty,PHH,6,30,0,30,kn,FPS-KA-UK-0005
RC-KA-003026,Arjun Bhat,PHH,1,5,0,5,kn,FPS-KA-UK-0006
RC-KA-003027,Shankar Reddy,PHH,8,40,0,40,kn,FPS-KA-UK-0007
RC-KA-003028,Sneha Shetty,PHH,5,25,10,15,kn,FPS-KA-UK-0008
RC-KA-003029,Naveen Shetty,PHH,7,35,10,25,kn,FPS-KA-UK-0009
RC-KA-003030,Ananya Rao,PHH,3,15,10,5,en,FPS-KA-UK-0010
RC-KA-003031,Ganesh Kulkarni,PHH,3,15,0,15,kn,FPS-KA-UK-0011
RC-KA-003032,Harish Patil,PHH,6,30,30,0,kn,FPS-KA-UK-0012
RC-KA-003033,Meena Patil,PHH,1,5,5,0,kn,FPS-KA-UK-0013
RC-KA-003034,Kiran Rao,PHH,3,15,15,0,kn,FPS-KA-UK-0014
RC-KA-003035,Kavya Nayak,PHH,3,15,5,10,kn,FPS-KA-UK-0015
RC-KA-003036,Akash Gowda,PHH,4,20,0,20,kn,FPS-KA-UK-0016
RC-KA-003037,Suresh Nayak,PHH,8,40,35,5,en,FPS-KA-UK-0017
RC-KA-003038,Shankar Poojary,PHH,8,40,10,30,en,FPS-KA-UK-0018
RC-KA-003039,Swathi Nayak,PHH,1,5,5,0,kn,FPS-KA-UK-0019
RC-KA-003040,Pooja Hegde,PHH,5,25,5,20,kn,FPS-KA-UK-0020
RC-KA-003041,Sneha Kumar,PHH,2,10,5,5,kn,FPS-KA-VIJ-0001
RC-KA-003042,Arjun Rao,PHH,4,20,5,15,kn,FPS-KA-VIJ-0002
RC-KA-003043,Sanjay Gowda,PHH,3,15,5,10,kn,FPS-KA-VIJ-0003
RC-KA-003044,Ananya Reddy,PHH,7,35,20,15,en,FPS-KA-VIJ-0004
RC-KA-003045,Ravi Naik,PHH,4,20,10,10,kn,FPS-KA-VIJ-0005
RC-KA-003046,Ravi Sharma,PHH,6,30,25,5,en,FPS-KA-VIJ-0006
RC-KA-003047,Kavya Poojary,PHH,5,25,5,20,kn,FPS-KA-VIJ-0007
RC-KA-003048,Shankar Kulkarni,PHH,3,15,0,15,hi,FPS-KA-VIJ-0008
RC-KA-003049,Aarav Shetty,PHH,1,5,0,5,en,FPS-KA-VIJ-0009
RC-KA-003050,Harish Patil,PHH,1,5,0,5,kn,FPS-KA-VIJ-0010
RC-KA-003051,Chetan Poojary,PHH,8,40,35,5,en,FPS-KA-VIJ-0011
RC-KA-003052,Manoj Sharma,PHH,7,35,35,0,en,FPS-KA-VIJ-0012
RC-KA-003053,Sanjay Naik,PHH,5,25,20,5,kn,FPS-KA-VIJ-0013
RC-KA-003054,Bhavana Naik,PHH,6,30,10,20,en,FPS-KA-VIJ-0014
RC-KA-003055,Shalini Joshi,PHH,6,30,30,0,en,FPS-KA-VIJ-0015
RC-KA-003056,Harish Rao,PHH,8,40,5,35,kn,FPS-KA-VIJ-0016
RC-KA-003057,Lakshmi Poojary,PHH,5,25,0,25,hi,FPS-KA-VIJ-0017
RC-KA-003058,Manoj Kumar,PHH,1,5,0,5,kn,FPS-KA-VIJ-0018
RC-KA-003059,Ganesh Shetty,PHH,2,10,0,10,kn,FPS-KA-VIJ-0019
RC-KA-003060,Pooja Gowda,PHH,6,30,10,20,kn,FPS-KA-VIJ-0020
RC-KA-003061,Swathi Joshi,PHH,3,15,15,0,hi,FPS-KA-VIG-0001
RC-KA-003062,Deepa Rao,PHH,4,20,5,15,hi,FPS-KA-VIG-0002
RC-KA-003063,Kavya Joshi,PHH,1,5,0,5,hi,FPS-KA-VIG-0003
RC-KA-003064,Kavya Joshi,PHH,3,15,0,15,hi,FPS-KA-VIG-0004
RC-KA-003065,Bhavana Gowda,PHH,4,20,20,0,kn,FPS-KA-VIG-0005
RC-KA-003066,Shalini Bhat,PHH,3,15,5,10,hi,FPS-KA-VIG-0006
RC-KA-003067,Divya Patil,PHH,3,15,15,0,en,FPS-KA-VIG-0007
RC-KA-003068,Naveen Kulkarni,PHH,7,35,20,15,kn,FPS-KA-VIG-0008
RC-KA-003069,Sanjay Naik,PHH,8,40,35,5,kn,FPS-KA-VIG-0009
RC-KA-003070,Pooja Poojary,PHH,1,5,0,5,kn,FPS-KA-VIG-0010
RC-KA-003071,Priya Sharma,PHH,5,25,5,20,en,FPS-KA-VIG-0011
RC-KA-003072,Arjun Shetty,PHH,2,10,0,10,hi,FPS-KA-VIG-0012
RC-KA-003073,Shankar Reddy,PHH,8,40,10,30,hi,FPS-KA-VIG-0013
RC-KA-003074,Kiran Sharma,PHH,7,35,10,25,kn,FPS-KA-VIG-0014
RC-KA-003075,Akash Reddy,PHH,4,20,5,15,hi,FPS-KA-VIG-0015
RC-KA-003076,Ananya Bhat,PHH,5,25,5,20,en,FPS-KA-VIG-0016
RC-KA-003077,Ravi Naik,PHH,3,15,5,10,kn,FPS-KA-VIG-0017
RC-KA-003078,Naveen Naik,PHH,6,30,0,30,kn,FPS-KA-VIG-0018
RC-KA-003079,Deepa Poojary,PHH,2,10,10,0,kn,FPS-KA-VIG-0019
RC-KA-003080,Pooja Bhat,PHH,8,40,20,20,hi,FPS-KA-VIG-0020
RC-KA-003081,Shalini Nayak,PHH,8,40,10,30,kn,FPS-KA-YAD-0001
RC-KA-003082,Aditi Kulkarni,PHH,6,30,10,20,en,FPS-KA-YAD-0002
RC-KA-003083,Lakshmi Sharma,PHH,5,25,0,25,kn,FPS-KA-YAD-0003
RC-KA-003084,Deepa Joshi,PHH,3,15,15,0,hi,FPS-KA-YAD-0004
RC-KA-003085,Priya Sharma,PHH,2,10,0,10,en,FPS-KA-YAD-0005
RC-KA-003086,Ravi Desai,PHH,6,30,5,25,en,FPS-KA-YAD-0006
RC-KA-003087,Ananya Kumar,PHH,7,35,30,5,kn,FPS-KA-YAD-0007
RC-KA-003088,Swathi Naik,PHH,5,25,25,0,hi,FPS-KA-YAD-0008
RC-KA-003089,Divya Hegde,PHH,6,30,15,15,kn,FPS-KA-YAD-0009
RC-KA-003090,Shankar Desai,PHH,2,10,0,10,kn,FPS-KA-YAD-0010
RC-KA-003091,Prakash Kulkarni,PHH,4,20,20,0,kn,FPS-KA-YAD-0011
RC-KA-003092,Sneha Bhat,PHH,5,25,0,25,en,FPS-KA-YAD-0012
RC-KA-003093,Prakash Kulkarni,PHH,8,40,40,0,kn,FPS-KA-YAD-0013
RC-KA-003094,Prakash Kumar,PHH,7,35,0,35,kn,FPS-KA-YAD-0014
RC-KA-003095,Shalini Reddy,PHH,2,10,10,0,kn,FPS-KA-YAD-0015
RC-KA-003096,Swathi Sharma,PHH,6,30,20,10,kn,FPS-KA-YAD-0016
RC-KA-003097,Aditi Hegde,PHH,7,35,30,5,hi,FPS-KA-YAD-0017
RC-KA-003098,Naveen Patil,PHH,8,40,35,5,kn,FPS-KA-YAD-0018
RC-KA-003099,Aarav Reddy,PHH,7,35,30,5,kn,FPS-KA-YAD-0019
RC-KA-003100,Harish Gowda,PHH,3,15,0,15,kn,FPS-KA-YAD-0020
RC-KA-003101,Sanjay Desai,PHH,5,25,15,10,hi,FPS-KA-BAG-0001
RC-KA-003102,Kavya Hegde,PHH,5,25,10,15,hi,FPS-KA-BAG-0002
RC-KA-003103,Aditi Hegde,PHH,4,20,10,10,kn,FPS-KA-BAG-0003
RC-KA-003104,Bhavana Reddy,PHH,8,40,20,20,hi,FPS-KA-BAG-0004
RC-KA-003105,Kavya Rao,PHH,6,30,25,5,kn,FPS-KA-BAG-0005
RC-KA-003106,Harish Hegde,PHH,3,15,15,0,en,FPS-KA-BAG-0006
RC-KA-003107,Ananya Nayak,PHH,4,20,10,10,hi,FPS-KA-BAG-0007
RC-KA-003108,Priya Desai,PHH,2,10,10,0,kn,FPS-KA-BAG-0008
RC-KA-003109,Suresh Bhat,PHH,3,15,15,0,kn,FPS-KA-BAG-0009
RC-KA-003110,Manoj Nayak,PHH,8,40,25,15,kn,FPS-KA-BAG-0010
RC-KA-003111,Bhavana Hegde,PHH,6,30,30,0,kn,FPS-KA-BAG-0011
RC-KA-003112,Ganesh Nayak,PHH,1,5,0,5,kn,FPS-KA-BAG-0012
RC-KA-003113,Kiran Sharma,PHH,5,25,20,5,kn,FPS-KA-BAG-0013
RC-KA-003114,Rekha Sharma,PHH,2,10,0,10,kn,FPS-KA-BAG-0014
RC-KA-003115,Harish Joshi,PHH,7,35,20,15,kn,FPS-KA-BAG-0015
RC-KA-003116,Kiran Gowda,PHH,6,30,15,15,kn,FPS-KA-BAG-0016
RC-KA-003117,Akash Hegde,PHH,5,25,20,5,kn,FPS-KA-BAG-0017
RC-KA-003118,Deepa Joshi,PHH,4,20,15,5,hi,FPS-KA-BAG-0018
RC-KA-003119,Deepa Kumar,PHH,3,15,10,5,kn,FPS-KA-BAG-0019
RC-KA-003120,Manoj Poojary,PHH,4,20,5,15,en,FPS-KA-BAG-0020
RC-KA-003121,Deepa Patil,PHH,4,20,5,15,kn,FPS-KA-BAL-0001
RC-KA-003122,Pooja Sharma,PHH,8,40,35,5,kn,FPS-KA-BAL-0002
RC-KA-003123,Naveen Sharma,PHH,4,20,15,5,kn,FPS-KA-BAL-0003
RC-KA-003124,Rekha Rao,PHH,7,35,30,5,hi,FPS-KA-BAL-0004
RC-KA-003125,Lakshmi Hegde,PHH,6,30,30,0,hi,FPS-KA-BAL-0005
RC-KA-003126,Kavya Gowda,PHH,6,30,5,25,kn,FPS-KA-BAL-0006
RC-KA-003127,Rekha Reddy,PHH,3,15,10,5,en,FPS-KA-BAL-0007
RC-KA-003128,Shankar Joshi,PHH,3,15,0,15,en,FPS-KA-BAL-0008
RC-KA-003129,Shankar Kumar,PHH,8,40,40,0,kn,FPS-KA-BAL-0009
RC-KA-003130,Rahul Joshi,PHH,4,20,10,10,hi,FPS-KA-BAL-0010
RC-KA-003131,Sneha Patil,PHH,4,20,15,5,kn,FPS-KA-BAL-0011
RC-KA-003132,Lakshmi Gowda,PHH,8,40,35,5,kn,FPS-KA-BAL-0012
RC-KA-003133,Pooja Poojary,PHH,3,15,0,15,kn,FPS-KA-BAL-0013
RC-KA-003134,Rekha Shetty,PHH,1,5,5,0,kn,FPS-KA-BAL-0014
RC-KA-003135,Sanjay Naik,PHH,2,10,10,0,kn,FPS-KA-BAL-0015
RC-KA-003136,Priya Desai,PHH,5,25,25,0,kn,FPS-KA-BAL-0016
RC-KA-003137,Chetan Poojary,PHH,7,35,10,25,en,FPS-KA-BAL-0017
RC-KA-003138,Ravi Naik,PHH,8,40,20,20,kn,FPS-KA-BAL-0018
RC-KA-003139,Swathi Joshi,PHH,6,30,5,25,kn,FPS-KA-BAL-0019
RC-KA-003140,Ravi Sharma,PHH,7,35,10,25,hi,FPS-KA-BAL-0020
RC-KA-003141,Priya Patil,PHH,6,30,30,0,kn,FPS-KA-BEL-0001
RC-KA-003142,Akash Sharma,PHH,6,30,20,10,kn,FPS-KA-BEL-0002
RC-KA-003143,Bhavana Bhat,PHH,2,10,10,0,kn,FPS-KA-BEL-0003
RC-KA-003144,Shalini Rao,PHH,4,20,5,15,en,FPS-KA-BEL-0004
RC-KA-003145,Vijay Desai,PHH,3,15,5,10,kn,FPS-KA-BEL-0005
RC-KA-003146,Kiran Sharma,PHH,2,10,5,5,kn,FPS-KA-BEL-0006
RC-KA-003147,Meena Shetty,PHH,7,35,30,5,kn,FPS-KA-BEL-0007
RC-KA-003148,Kavya Shetty,PHH,6,30,5,25,kn,FPS-KA-BEL-0008
RC-KA-003149,Bhavana Naik,PHH,7,35,20,15,kn,FPS-KA-BEL-0009
RC-KA-003150,Rahul Poojary,PHH,7,35,15,20,kn,FPS-KA-BEL-0010
RC-KA-003151,Ananya Joshi,PHH,2,10,5,5,kn,FPS-KA-BEL-0011
RC-KA-003152,Aditi Joshi,PHH,5,25,0,25,en,FPS-KA-BEL-0012
RC-KA-003153,Aarav Joshi,PHH,1,5,5,0,kn,FPS-KA-BEL-0013
RC-KA-003154,Ganesh Patil,PHH,1,5,0,5,kn,FPS-KA-BEL-0014
RC-KA-003155,Bhavana Reddy,PHH,6,30,30,0,kn,FPS-KA-BEL-0015
RC-KA-003156,Kavya Gowda,PHH,8,40,10,30,kn,FPS-KA-BEL-0016
RC-KA-003157,Swathi Desai,PHH,3,15,10,5,kn,FPS-KA-BEL-0017
RC-KA-003158,Manoj Patil,PHH,3,15,5,10,hi,FPS-KA-BEL-0018
RC-KA-003159,Ganesh Nayak,PHH,1,5,0,5,hi,FPS-KA-BEL-0019
RC-KA-003160,Bhavana Sharma,PHH,5,25,0,25,kn,FPS-KA-BEL-0020
RC-KA-003161,Priya Shetty,PHH,3,15,0,15,kn,FPS-KA-BLR-R-0001
RC-KA-003162,Pooja Kumar,PHH,6,30,15,15,en,FPS-KA-BLR-R-0002
RC-KA-003163,Ravi Joshi,PHH,7,35,35,0,en,FPS-KA-BLR-R-0003
RC-KA-003164,Arjun Reddy,PHH,2,10,5,5,kn,FPS-KA-BLR-R-0004
RC-KA-003165,Aditi Hegde,PHH,8,40,15,25,hi,FPS-KA-BLR-R-0005
RC-KA-003166,Vijay Poojary,PHH,1,5,5,0,hi,FPS-KA-BLR-R-0006
RC-KA-003167,Rahul Hegde,PHH,2,10,10,0,kn,FPS-KA-BLR-R-0007
RC-KA-003168,Arjun Desai,PHH,7,35,15,20,kn,FPS-KA-BLR-R-0008
RC-KA-003169,Lakshmi Kulkarni,PHH,4,20,10,10,en,FPS-KA-BLR-R-0009
RC-KA-003170,Aarav Desai,PHH,7,35,30,5,kn,FPS-KA-BLR-R-0010
RC-KA-003171,Priya Kulkarni,PHH,2,10,5,5,kn,FPS-KA-BLR-R-0011
RC-KA-003172,Shalini Naik,PHH,5,25,15,10,en,FPS-KA-BLR-R-0012
RC-KA-003173,Akash Naik,PHH,1,5,0,5,kn,FPS-KA-BLR-R-0013
RC-KA-003174,Pooja Patil,PHH,3,15,10,5,hi,FPS-KA-BLR-R-0014
RC-KA-003175,Kavya Joshi,PHH,1,5,5,0,kn,FPS-KA-BLR-R-0015
RC-KA-003176,Naveen Kumar,PHH,1,5,5,0,hi,FPS-KA-BLR-R-0016
RC-KA-003177,Aditi Nayak,PHH,3,15,10,5,kn,FPS-KA-BLR-R-0017
RC-KA-003178,Bhavana Nayak,PHH,4,20,0,20,kn,FPS-KA-BLR-R-0018
RC-KA-003179,Chetan Desai,PHH,4,20,10,10,kn,FPS-KA-BLR-R-0019
RC-KA-003180,Aarav Patil,PHH,4,20,20,0,kn,FPS-KA-BLR-R-0020
RC-KA-003181,Ananya Nayak,PHH,7,35,15,20,en,FPS-KA-BLR-U-0001
RC-KA-003182,Ravi Kumar,PHH,5,25,0,25,en,FPS-KA-BLR-U-0002
RC-KA-003183,Sneha Reddy,PHH,6,30,5,25,en,FPS-KA-BLR-U-0003
RC-KA-003184,Arjun Shetty,PHH,6,30,30,0,kn,FPS-KA-BLR-U-0004
RC-KA-003185,Swathi Nayak,PHH,4,20,20,0,kn,FPS-KA-BLR-U-0005
RC-KA-003186,Swathi Poojary,PHH,7,35,20,15,kn,FPS-KA-BLR-U-0006
RC-KA-003187,Lakshmi Kumar,PHH,5,25,15,10,kn,FPS-KA-BLR-U-0007
RC-KA-003188,Swathi Reddy,PHH,7,35,30,5,kn,FPS-KA-BLR-U-0008
RC-KA-003189,Rahul Bhat,PHH,8,40,20,20,kn,FPS-KA-BLR-U-0009
RC-KA-003190,Manoj Shetty,PHH,7,35,0,35,kn,FPS-KA-BLR-U-0010
RC-KA-003191,Ananya Shetty,PHH,4,20,0,20,kn,FPS-KA-BLR-U-0011
RC-KA-003192,Harish Shetty,PHH,8,40,5,35,kn,FPS-KA-BLR-U-0012
RC-KA-003193,Rekha Kulkarni,PHH,5,25,25,0,hi,FPS-KA-BLR-U-0013
RC-KA-003194,Suresh Sharma,PHH,5,25,20,5,kn,FPS-KA-BLR-U-0014
RC-KA-003195,Kiran Kumar,PHH,5,25,0,25,hi,FPS-KA-BLR-U-0015
RC-KA-003196,Meena Reddy,PHH,4,20,0,20,kn,FPS-KA-BLR-U-0016
RC-KA-003197,Ananya Gowda,PHH,3,15,0,15,kn,FPS-KA-BLR-U-0017
RC-KA-003198,Bhavana Gowda,PHH,4,20,0,20,hi,FPS-KA-BLR-U-0018
RC-KA-003199,Kavya Desai,PHH,2,10,0,10,kn,FPS-KA-BLR-U-0019
RC-KA-003200,Aditi Poojary,PHH,3,15,15,0,kn,FPS-KA-BLR-U-0020
RC-KA-003201,Aditi Sharma,PHH,4,20,5,15,hi,FPS-KA-BID-0001
RC-KA-003202,Divya Nayak,PHH,1,5,0,5,kn,FPS-KA-BID-0002
RC-KA-003203,Swathi Poojary,PHH,3,15,10,5,kn,FPS-KA-BID-0003
RC-KA-003204,Ganesh Joshi,PHH,1,5,5,0,kn,FPS-KA-BID-0004
RC-KA-003205,Chetan Hegde,PHH,2,10,0,10,kn,FPS-KA-BID-0005
RC-KA-003206,Akash Kumar,PHH,8,40,0,40,en,FPS-KA-BID-0006
RC-KA-003207,Pooja Shetty,PHH,4,20,20,0,kn,FPS-KA-BID-0007
RC-KA-003208,Ravi Gowda,PHH,3,15,10,5,kn,FPS-KA-BID-0008
RC-KA-003209,Bhavana Bhat,PHH,7,35,0,35,kn,FPS-KA-BID-0009
RC-KA-003210,Swathi Gowda,PHH,6,30,10,20,kn,FPS-KA-BID-0010
RC-KA-003211,Prakash Patil,PHH,4,20,0,20,kn,FPS-KA-BID-0011
RC-KA-003212,Shalini Poojary,PHH,7,35,5,30,en,FPS-KA-BID-0012
RC-KA-003213,Sneha Nayak,PHH,1,5,0,5,kn,FPS-KA-BID-0013
RC-KA-003214,Priya Kulkarni,PHH,8,40,30,10,kn,FPS-KA-BID-0014
RC-KA-003215,Priya Naik,PHH,8,40,15,25,kn,FPS-KA-BID-0015
RC-KA-003216,Vijay Nayak,PHH,6,30,25,5,kn,FPS-KA-BID-0016
RC-KA-003217,Kavya Reddy,PHH,3,15,15,0,kn,FPS-KA-BID-0017
RC-KA-003218,Bhavana Kulkarni,PHH,3,15,10,5,kn,FPS-KA-BID-0018
RC-KA-003219,Aarav Kulkarni,PHH,5,25,5,20,kn,FPS-KA-BID-0019
RC-KA-003220,Lakshmi Bhat,PHH,5,25,5,20,kn,FPS-KA-BID-0020
RC-KA-003221,Rahul Hegde,PHH,4,20,15,5,kn,FPS-KA-CHA-0001
RC-KA-003222,Lakshmi Desai,PHH,4,20,15,5,kn,FPS-KA-CHA-0002
RC-KA-003223,Manoj Hegde,PHH,8,40,35,5,en,FPS-KA-CHA-0003
RC-KA-003224,Arjun Bhat,PHH,6,30,10,20,kn,FPS-KA-CHA-0004
RC-KA-003225,Chetan Sharma,PHH,4,20,5,15,kn,FPS-KA-CHA-0005
RC-KA-003226,Manoj Joshi,PHH,4,20,20,0,kn,FPS-KA-CHA-0006
RC-KA-003227,Chetan Kulkarni,PHH,7,35,25,10,kn,FPS-KA-CHA-0007
RC-KA-003228,Rahul Desai,PHH,3,15,15,0,kn,FPS-KA-CHA-0008
RC-KA-003229,Chetan Reddy,PHH,5,25,20,5,kn,FPS-KA-CHA-0009
RC-KA-003230,Ravi Kulkarni,PHH,6,30,20,10,en,FPS-KA-CHA-0010
RC-KA-003231,Aarav Bhat,PHH,7,35,10,25,en,FPS-KA-CHA-0011
RC-KA-003232,Bhavana Naik,PHH,4,20,15,5,kn,FPS-KA-CHA-0012
RC-KA-003233,Shankar Reddy,PHH,3,15,15,0,kn,FPS-KA-CHA-0013
RC-KA-003234,Deepa Kumar,PHH,3,15,15,0,kn,FPS-KA-CHA-0014
RC-KA-003235,Vijay Rao,PHH,3,15,15,0,kn,FPS-KA-CHA-0015
RC-KA-003236,Akash Patil,PHH,1,5,0,5,hi,FPS-KA-CHA-0016
RC-KA-003237,Akash Hegde,PHH,1,5,0,5,kn,FPS-KA-CHA-0017
RC-KA-003238,Chetan Naik,PHH,6,30,5,25,hi,FPS-KA-CHA-0018
RC-KA-003239,Harish Sharma,PHH,2,10,5,5,kn,FPS-KA-CHA-0019
RC-KA-003240,Bhavana Naik,PHH,8,40,35,5,kn,FPS-KA-CHA-0020
RC-KA-003241,Bhavana Nayak,PHH,5,25,0,25,hi,FPS-KA-CHB-0001
RC-KA-003242,Pooja Nayak,PHH,3,15,5,10,kn,FPS-KA-CHB-0002
RC-KA-003243,Rahul Desai,PHH,7,35,10,25,kn,FPS-KA-CHB-0003
RC-KA-003244,Deepa Gowda,PHH,5,25,25,0,hi,FPS-KA-CHB-0004
RC-KA-003245,Aditi Shetty,PHH,3,15,15,0,kn,FPS-KA-CHB-0005
RC-KA-003246,Bhavana Rao,PHH,7,35,35,0,kn,FPS-KA-CHB-0006
RC-KA-003247,Prakash Sharma,PHH,1,5,5,0,en,FPS-KA-CHB-0007
RC-KA-003248,Meena Poojary,PHH,3,15,15,0,en,FPS-KA-CHB-0008
RC-KA-003249,Swathi Hegde,PHH,6,30,10,20,en,FPS-KA-CHB-0009
RC-KA-003250,Ganesh Poojary,PHH,2,10,0,10,kn,FPS-KA-CHB-0010
RC-KA-003251,Vijay Rao,PHH,7,35,10,25,kn,FPS-KA-CHB-0011
RC-KA-003252,Shankar Rao,PHH,4,20,10,10,kn,FPS-KA-CHB-0012
RC-KA-003253,Shankar Desai,PHH,2,10,5,5,kn,FPS-KA-CHB-0013
RC-KA-003254,Kavya Kumar,PHH,1,5,5,0,en,FPS-KA-CHB-0014
RC-KA-003255,Naveen Nayak,PHH,5,25,5,20,kn,FPS-KA-CHB-0015
RC-KA-003256,Bhavana Patil,PHH,1,5,5,0,kn,FPS-KA-CHB-0016
RC-KA-003257,Lakshmi Hegde,PHH,4,20,10,10,kn,FPS-KA-CHB-0017
RC-KA-003258,Shalini Poojary,PHH,1,5,5,0,hi,FPS-KA-CHB-0018
RC-KA-003259,Aditi Shetty,PHH,8,40,5,35,kn,FPS-KA-CHB-0019
RC-KA-003260,Chetan Nayak,PHH,1,5,0,5,kn,FPS-KA-CHB-0020
RC-KA-003261,Rekha Poojary,PHH,8,40,30,10,kn,FPS-KA-CHK-0001
RC-KA-003262,Kavya Rao,PHH,5,25,25,0,kn,FPS-KA-CHK-0002
RC-KA-003263,Arjun Hegde,PHH,7,35,30,5,hi,FPS-KA-CHK-0003
RC-KA-003264,Ganesh Naik,PHH,5,25,20,5,kn,FPS-KA-CHK-0004
RC-KA-003265,Akash Rao,PHH,2,10,5,5,en,FPS-KA-CHK-0005
RC-KA-003266,Ananya Patil,PHH,6,30,30,0,kn,FPS-KA-CHK-0006
RC-KA-003267,Bhavana Hegde,PHH,3,15,0,15,kn,FPS-KA-CHK-0007
RC-KA-003268,Deepa Rao,PHH,2,10,0,10,kn,FPS-KA-CHK-0008
RC-KA-003269,Aarav Bhat,PHH,2,10,0,10,kn,FPS-KA-CHK-0009
RC-KA-003270,Akash Shetty,PHH,6,30,30,0,en,FPS-KA-CHK-0010
RC-KA-003271,Ananya Sharma,PHH,8,40,25,15,hi,FPS-KA-CHK-0011
RC-KA-003272,Chetan Nayak,PHH,2,10,0,10,hi,FPS-KA-CHK-0012
RC-KA-003273,Akash Patil,PHH,2,10,0,10,kn,FPS-KA-CHK-0013
RC-KA-003274,Rekha Gowda,PHH,7,35,15,20,kn,FPS-KA-CHK-0014
RC-KA-003275,Chetan Desai,PHH,7,35,25,10,kn,FPS-KA-CHK-0015
RC-KA-003276,Bhavana Desai,PHH,4,20,15,5,kn,FPS-KA-CHK-0016
RC-KA-003277,Suresh Kumar,PHH,5,25,25,0,kn,FPS-KA-CHK-0017
RC-KA-003278,Aarav Gowda,PHH,1,5,5,0,kn,FPS-KA-CHK-0018
RC-KA-003279,Swathi Joshi,PHH,3,15,5,10,kn,FPS-KA-CHK-0019
RC-KA-003280,Akash Reddy,PHH,4,20,0,20,hi,FPS-KA-CHK-0020
RC-KA-003281,Deepa Shetty,PHH,3,15,10,5,hi,FPS-KA-CHI-0001
RC-KA-003282,Naveen Poojary,PHH,7,35,20,15,kn,FPS-KA-CHI-0002
RC-KA-003283,Sneha Hegde,PHH,5,25,5,20,kn,FPS-KA-CHI-0003
RC-KA-003284,Swathi Poojary,PHH,4,20,20,0,kn,FPS-KA-CHI-0004
RC-KA-003285,Akash Patil,PHH,5,25,10,15,hi,FPS-KA-CHI-0005
RC-KA-003286,Sanjay Patil,PHH,2,10,5,5,kn,FPS-KA-CHI-0006
RC-KA-003287,Swathi Bhat,PHH,7,35,5,30,kn,FPS-KA-CHI-0007
RC-KA-003288,Ravi Gowda,PHH,8,40,0,40,en,FPS-KA-CHI-0008
RC-KA-003289,Vijay Hegde,PHH,6,30,20,10,hi,FPS-KA-CHI-0009
RC-KA-003290,Sneha Hegde,PHH,2,10,10,0,kn,FPS-KA-CHI-0010
RC-KA-003291,Meena Hegde,PHH,8,40,25,15,hi,FPS-KA-CHI-0011
RC-KA-003292,Harish Joshi,PHH,8,40,20,20,hi,FPS-KA-CHI-0012
RC-KA-003293,Aditi Bhat,PHH,4,20,5,15,kn,FPS-KA-CHI-0013
RC-KA-003294,Manoj Hegde,PHH,6,30,15,15,kn,FPS-KA-CHI-0014
RC-KA-003295,Manoj Desai,PHH,7,35,35,0,en,FPS-KA-CHI-0015
RC-KA-003296,Kiran Kulkarni,PHH,3,15,5,10,hi,FPS-KA-CHI-0016
RC-KA-003297,Kiran Kumar,PHH,1,5,0,5,hi,FPS-KA-CHI-0017
RC-KA-003298,Lakshmi Rao,PHH,3,15,15,0,kn,FPS-KA-CHI-0018
RC-KA-003299,Bhavana Reddy,PHH,3,15,5,10,kn,FPS-KA-CHI-0019
RC-KA-003300,Arjun Naik,PHH,2,10,0,10,kn,FPS-KA-CHI-0020
RC-KA-003301,Kiran Shetty,PHH,6,30,5,25,kn,FPS-KA-DK-0001
RC-KA-003302,Chetan Desai,PHH,5,25,20,5,kn,FPS-KA-DK-0002
RC-KA-003303,Suresh Shetty,PHH,8,40,30,10,kn,FPS-KA-DK-0003
RC-KA-003304,Ananya Gowda,PHH,8,40,0,40,kn,FPS-KA-DK-0004
RC-KA-003305,Ganesh Shetty,PHH,6,30,25,5,kn,FPS-KA-DK-0005
RC-KA-003306,Shankar Reddy,PHH,4,20,20,0,en,FPS-KA-DK-0006
RC-KA-003307,Ganesh Poojary,PHH,7,35,35,0,kn,FPS-KA-DK-0007
RC-KA-003308,Ravi Sharma,PHH,3,15,10,5,kn,FPS-KA-DK-0008
RC-KA-003309,Naveen Naik,PHH,7,35,5,30,kn,FPS-KA-DK-0009
RC-KA-003310,Rekha Kumar,PHH,6,30,25,5,kn,FPS-KA-DK-0010
RC-KA-003311,Meena Gowda,PHH,3,15,10,5,kn,FPS-KA-DK-0011
RC-KA-003312,Deepa Reddy,PHH,1,5,5,0,kn,FPS-KA-DK-0012
RC-KA-003313,Suresh Nayak,PHH,6,30,25,5,kn,FPS-KA-DK-0013
RC-KA-003314,Meena Rao,PHH,6,30,25,5,en,FPS-KA-DK-0014
RC-KA-003315,Shankar Hegde,PHH,5,25,20,5,kn,FPS-KA-DK-0015
RC-KA-003316,Shankar Poojary,PHH,4,20,5,15,en,FPS-KA-DK-0016
RC-KA-003317,Sneha Kumar,PHH,4,20,20,0,kn,FPS-KA-DK-0017
RC-KA-003318,Swathi Patil,PHH,4,20,15,5,kn,FPS-KA-DK-0018
RC-KA-003319,Kiran Rao,PHH,6,30,20,10,en,FPS-KA-DK-0019
RC-KA-003320,Meena Desai,PHH,3,15,10,5,kn,FPS-KA-DK-0020
RC-KA-003321,Shalini Reddy,PHH,5,25,0,25,kn,FPS-KA-DAV-0001
RC-KA-003322,Suresh Rao,PHH,5,25,25,0,kn,FPS-KA-DAV-0002
RC-KA-003323,Rahul Patil,PHH,1,5,5,0,kn,FPS-KA-DAV-0003
RC-KA-003324,Meena Joshi,PHH,6,30,10,20,hi,FPS-KA-DAV-0004
RC-KA-003325,Meena Hegde,PHH,3,15,10,5,en,FPS-KA-DAV-0005
RC-KA-003326,Priya Sharma,PHH,4,20,5,15,en,FPS-KA-DAV-0006
RC-KA-003327,Sanjay Nayak,PHH,2,10,5,5,hi,FPS-KA-DAV-0007
RC-KA-003328,Ganesh Reddy,PHH,4,20,20,0,hi,FPS-KA-DAV-0008
RC-KA-003329,Suresh Patil,PHH,7,35,30,5,hi,FPS-KA-DAV-0009
RC-KA-003330,Ganesh Patil,PHH,5,25,10,15,kn,FPS-KA-DAV-0010
RC-KA-003331,Manoj Rao,PHH,1,5,5,0,kn,FPS-KA-DAV-0011
RC-KA-003332,Pooja Shetty,PHH,3,15,15,0,kn,FPS-KA-DAV-0012
RC-KA-003333,Divya Desai,PHH,8,40,25,15,kn,FPS-KA-DAV-0013
RC-KA-003334,Manoj Naik,PHH,5,25,5,20,hi,FPS-KA-DAV-0014
RC-KA-003335,Aarav Gowda,PHH,3,15,5,10,kn,FPS-KA-DAV-0015
RC-KA-003336,Kavya Shetty,PHH,1,5,5,0,kn,FPS-KA-DAV-0016
RC-KA-003337,Pooja Patil,PHH,6,30,30,0,hi,FPS-KA-DAV-0017
RC-KA-003338,Harish Sharma,PHH,7,35,25,10,kn,FPS-KA-DAV-0018
RC-KA-003339,Shalini Sharma,PHH,1,5,5,0,kn,FPS-KA-DAV-0019
RC-KA-003340,Rekha Shetty,PHH,1,5,0,5,hi,FPS-KA-DAV-0020
RC-KA-003341,Arjun Shetty,PHH,8,40,5,35,en,FPS-KA-DHA-0001
RC-KA-003342,Rekha Reddy,PHH,2,10,10,0,kn,FPS-KA-DHA-0002
RC-KA-003343,Harish Gowda,PHH,2,10,5,5,en,FPS-KA-DHA-0003
RC-KA-003344,Meena Kulkarni,PHH,7,35,25,10,hi,FPS-KA-DHA-0004
RC-KA-003345,Kiran Bhat,PHH,1,5,5,0,kn,FPS-KA-DHA-0005
RC-KA-003346,Manoj Shetty,PHH,3,15,0,15,hi,FPS-KA-DHA-0006
RC-KA-003347,Aditi Poojary,PHH,2,10,5,5,kn,FPS-KA-DHA-0007
RC-KA-003348,Rekha Reddy,PHH,1,5,0,5,kn,FPS-KA-DHA-0008
RC-KA-003349,Shalini Reddy,PHH,8,40,0,40,kn,FPS-KA-DHA-0009
RC-KA-003350,Harish Kulkarni,PHH,3,15,5,10,kn,FPS-KA-DHA-0010
RC-KA-003351,Ganesh Desai,PHH,7,35,0,35,kn,FPS-KA-DHA-0011
RC-KA-003352,Aditi Reddy,PHH,1,5,5,0,kn,FPS-KA-DHA-0012
RC-KA-003353,Meena Patil,PHH,1,5,0,5,kn,FPS-KA-DHA-0013
RC-KA-003354,Swathi Hegde,PHH,6,30,25,5,kn,FPS-KA-DHA-0014
RC-KA-003355,Pooja Patil,PHH,3,15,15,0,kn,FPS-KA-DHA-0015
RC-KA-003356,Naveen Kulkarni,PHH,5,25,10,15,kn,FPS-KA-DHA-0016
RC-KA-003357,Divya Hegde,PHH,3,15,5,10,hi,FPS-KA-DHA-0017
RC-KA-003358,Kiran Gowda,PHH,4,20,10,10,en,FPS-KA-DHA-0018
RC-KA-003359,Priya Poojary,PHH,5,25,15,10,kn,FPS-KA-DHA-0019
RC-KA-003360,Aditi Kulkarni,PHH,7,35,15,20,kn,FPS-KA-DHA-0020
RC-KA-003361,Chetan Reddy,PHH,2,10,10,0,en,FPS-KA-GAD-0001
RC-KA-003362,Swathi Sharma,PHH,5,25,25,0,kn,FPS-KA-GAD-0002
RC-KA-003363,Rahul Poojary,PHH,5,25,10,15,kn,FPS-KA-GAD-0003
RC-KA-003364,Sneha Naik,PHH,4,20,20,0,en,FPS-KA-GAD-0004
RC-KA-003365,Aarav Reddy,PHH,4,20,20,0,kn,FPS-KA-GAD-0005
RC-KA-003366,Sanjay Kulkarni,PHH,3,15,10,5,kn,FPS-KA-GAD-0006
RC-KA-003367,Priya Rao,PHH,6,30,15,15,en,FPS-KA-GAD-0007
RC-KA-003368,Priya Naik,PHH,3,15,15,0,kn,FPS-KA-GAD-0008
RC-KA-003369,Swathi Patil,PHH,4,20,0,20,kn,FPS-KA-GAD-0009
RC-KA-003370,Divya Nayak,PHH,1,5,0,5,en,FPS-KA-GAD-0010
RC-KA-003371,Sanjay Sharma,PHH,1,5,5,0,kn,FPS-KA-GAD-0011
RC-KA-003372,Chetan Poojary,PHH,3,15,0,15,kn,FPS-KA-GAD-0012
RC-KA-003373,Kavya Gowda,PHH,4,20,15,5,hi,FPS-KA-GAD-0013
RC-KA-003374,Ganesh Rao,PHH,5,25,15,10,kn,FPS-KA-GAD-0014
RC-KA-003375,Divya Desai,PHH,1,5,0,5,kn,FPS-KA-GAD-0015
RC-KA-003376,Sanjay Poojary,PHH,4,20,0,20,en,FPS-KA-GAD-0016
RC-KA-003377,Ananya Gowda,PHH,1,5,5,0,kn,FPS-KA-GAD-0017
RC-KA-003378,Prakash Bhat,PHH,4,20,15,5,en,FPS-KA-GAD-0018
RC-KA-003379,Prakash Desai,PHH,5,25,10,15,kn,FPS-KA-GAD-0019
RC-KA-003380,Chetan Gowda,PHH,2,10,10,0,kn,FPS-KA-GAD-0020
RC-KA-003381,Meena Kulkarni,PHH,7,35,30,5,kn,FPS-KA-HAS-0001
RC-KA-003382,Aarav Sharma,PHH,8,40,30,10,kn,FPS-KA-HAS-0002
RC-KA-003383,Swathi Naik,PHH,1,5,0,5,en,FPS-KA-HAS-0003
RC-KA-003384,Shankar Naik,PHH,5,25,25,0,kn,FPS-KA-HAS-0004
RC-KA-003385,Chetan Reddy,PHH,1,5,5,0,en,FPS-KA-HAS-0005
RC-KA-003386,Aditi Kumar,PHH,8,40,0,40,en,FPS-KA-HAS-0006
RC-KA-003387,Rekha Kumar,PHH,7,35,35,0,hi,FPS-KA-HAS-0007
RC-KA-003388,Priya Hegde,PHH,1,5,5,0,kn,FPS-KA-HAS-0008
RC-KA-003389,Kavya Poojary,PHH,8,40,35,5,kn,FPS-KA-HAS-0009
RC-KA-003390,Arjun Hegde,PHH,6,30,25,5,kn,FPS-KA-HAS-0010
RC-KA-003391,Kiran Hegde,PHH,6,30,15,15,kn,FPS-KA-HAS-0011
RC-KA-003392,Arjun Kumar,PHH,8,40,25,15,hi,FPS-KA-HAS-0012
RC-KA-003393,Lakshmi Gowda,PHH,8,40,40,0,kn,FPS-KA-HAS-0013
RC-KA-003394,Kavya Poojary,PHH,5,25,5,20,kn,FPS-KA-HAS-0014
RC-KA-003395,Suresh Poojary,PHH,8,40,35,5,hi,FPS-KA-HAS-0015
RC-KA-003396,Vijay Kumar,PHH,3,15,0,15,kn,FPS-KA-HAS-0016
RC-KA-003397,Sneha Bhat,PHH,3,15,10,5,kn,FPS-KA-HAS-0017
RC-KA-003398,Shankar Reddy,PHH,3,15,5,10,en,FPS-KA-HAS-0018
RC-KA-003399,Swathi Gowda,PHH,7,35,5,30,hi,FPS-KA-HAS-0019
RC-KA-003400,Divya Nayak,PHH,1,5,0,5,kn,FPS-KA-HAS-0020
RC-KA-003401,Shankar Hegde,PHH,3,15,5,10,kn,FPS-KA-HAV-0001
RC-KA-003402,Sneha Rao,PHH,8,40,5,35,kn,FPS-KA-HAV-0002
RC-KA-003403,Naveen Poojary,PHH,6,30,20,10,en,FPS-KA-HAV-0003
RC-KA-003404,Sanjay Kulkarni,PHH,7,35,15,20,kn,FPS-KA-HAV-0004
RC-KA-003405,Manoj Shetty,PHH,2,10,0,10,kn,FPS-KA-HAV-0005
RC-KA-003406,Naveen Rao,PHH,4,20,0,20,en,FPS-KA-HAV-0006
RC-KA-003407,Akash Bhat,PHH,2,10,5,5,kn,FPS-KA-HAV-0007
RC-KA-003408,Ganesh Kumar,PHH,5,25,5,20,hi,FPS-KA-HAV-0008
RC-KA-003409,Sneha Reddy,PHH,4,20,20,0,kn,FPS-KA-HAV-0009
RC-KA-003410,Ananya Reddy,PHH,1,5,0,5,kn,FPS-KA-HAV-0010
RC-KA-003411,Manoj Gowda,PHH,3,15,0,15,kn,FPS-KA-HAV-0011
RC-KA-003412,Aarav Bhat,PHH,7,35,25,10,kn,FPS-KA-HAV-0012
RC-KA-003413,Chetan Naik,PHH,5,25,10,15,kn,FPS-KA-HAV-0013
RC-KA-003414,Prakash Patil,PHH,7,35,35,0,kn,FPS-KA-HAV-0014
RC-KA-003415,Kavya Patil,PHH,8,40,0,40,kn,FPS-KA-HAV-0015
RC-KA-003416,Shankar Kulkarni,PHH,5,25,25,0,kn,FPS-KA-HAV-0016
RC-KA-003417,Priya Nayak,PHH,2,10,5,5,kn,FPS-KA-HAV-0017
RC-KA-003418,Aarav Kulkarni,PHH,6,30,25,5,kn,FPS-KA-HAV-0018
RC-KA-003419,Akash Desai,PHH,1,5,5,0,hi,FPS-KA-HAV-0019
RC-KA-003420,Deepa Bhat,PHH,5,25,20,5,kn,FPS-KA-HAV-0020
RC-KA-003421,Harish Reddy,PHH,2,10,5,5,kn,FPS-KA-KAL-0001
RC-KA-003422,Pooja Rao,PHH,8,40,0,40,kn,FPS-KA-KAL-0002
RC-KA-003423,Ananya Patil,PHH,8,40,15,25,kn,FPS-KA-KAL-0003
RC-KA-003424,Manoj Gowda,PHH,3,15,0,15,en,FPS-KA-KAL-0004
RC-KA-003425,Prakash Kulkarni,PHH,3,15,15,0,kn,FPS-KA-KAL-0005
RC-KA-003426,Rekha Joshi,PHH,1,5,5,0,kn,FPS-KA-KAL-0006
RC-KA-003427,Ganesh Kumar,PHH,8,40,10,30,en,FPS-KA-KAL-0007
RC-KA-003428,Harish Kulkarni,PHH,3,15,0,15,kn,FPS-KA-KAL-0008
RC-KA-003429,Sneha Gowda,PHH,2,10,10,0,kn,FPS-KA-KAL-0009
RC-KA-003430,Aarav Kulkarni,PHH,4,20,15,5,kn,FPS-KA-KAL-0010
RC-KA-003431,Bhavana Reddy,PHH,3,15,15,0,kn,FPS-KA-KAL-0011
RC-KA-003432,Suresh Desai,PHH,6,30,30,0,kn,FPS-KA-KAL-0012
RC-KA-003433,Vijay Gowda,PHH,4,20,15,5,hi,FPS-KA-KAL-0013
RC-KA-003434,Sanjay Sharma,PHH,2,10,0,10,kn,FPS-KA-KAL-0014
RC-KA-003435,Shankar Bhat,PHH,1,5,5,0,kn,FPS-KA-KAL-0015
RC-KA-003436,Swathi Bhat,PHH,7,35,0,35,hi,FPS-KA-KAL-0016
RC-KA-003437,Lakshmi Desai,PHH,6,30,25,5,kn,FPS-KA-KAL-0017
RC-KA-003438,Rekha Kulkarni,PHH,1,5,5,0,kn,FPS-KA-KAL-0018
RC-KA-003439,Swathi Poojary,PHH,2,10,0,10,kn,FPS-KA-KAL-0019
RC-KA-003440,Vijay Reddy,PHH,6,30,15,15,kn,FPS-KA-KAL-0020
RC-KA-003441,Akash Sharma,PHH,3,15,0,15,kn,FPS-KA-KOD-0001
RC-KA-003442,Pooja Hegde,PHH,3,15,5,10,kn,FPS-KA-KOD-0002
RC-KA-003443,Shankar Poojary,PHH,5,25,15,10,kn,FPS-KA-KOD-0003
RC-KA-003444,Aditi Reddy,PHH,3,15,15,0,kn,FPS-KA-KOD-0004
RC-KA-003445,Sanjay Bhat,PHH,4,20,5,15,kn,FPS-KA-KOD-0005
RC-KA-003446,Naveen Rao,PHH,7,35,0,35,kn,FPS-KA-KOD-0006
RC-KA-003447,Divya Sharma,PHH,1,5,0,5,kn,FPS-KA-KOD-0007
RC-KA-003448,Arjun Hegde,PHH,1,5,5,0,en,FPS-KA-KOD-0008
RC-KA-003449,Chetan Poojary,PHH,4,20,15,5,hi,FPS-KA-KOD-0009
RC-KA-003450,Ananya Shetty,PHH,8,40,35,5,kn,FPS-KA-KOD-0010
RC-KA-003451,Arjun Kumar,PHH,7,35,5,30,kn,FPS-KA-KOD-0011
RC-KA-003452,Akash Sharma,PHH,3,15,0,15,kn,FPS-KA-KOD-0012
RC-KA-003453,Lakshmi Kumar,PHH,3,15,5,10,kn,FPS-KA-KOD-0013
RC-KA-003454,Lakshmi Patil,PHH,6,30,5,25,hi,FPS-KA-KOD-0014
RC-KA-003455,Shalini Kulkarni,PHH,7,35,0,35,en,FPS-KA-KOD-0015
RC-KA-003456,Vijay Hegde,PHH,1,5,0,5,kn,FPS-KA-KOD-0016
RC-KA-003457,Suresh Reddy,PHH,7,35,35,0,kn,FPS-KA-KOD-0017
RC-KA-003458,Shankar Joshi,PHH,3,15,15,0,kn,FPS-KA-KOD-0018
RC-KA-003459,Naveen Naik,PHH,7,35,10,25,kn,FPS-KA-KOD-0019
RC-KA-003460,Aarav Kulkarni,PHH,8,40,5,35,kn,FPS-KA-KOD-0020
RC-KA-003461,Swathi Rao,PHH,2,10,10,0,kn,FPS-KA-KOL-0001
RC-KA-003462,Kiran Naik,PHH,3,15,0,15,kn,FPS-KA-KOL-0002
RC-KA-003463,Pooja Sharma,PHH,8,40,25,15,kn,FPS-KA-KOL-0003
RC-KA-003464,Meena Joshi,PHH,6,30,10,20,en,FPS-KA-KOL-0004
RC-KA-003465,Sneha Bhat,PHH,8,40,30,10,hi,FPS-KA-KOL-0005
RC-KA-003466,Rekha Desai,PHH,3,15,15,0,kn,FPS-KA-KOL-0006
RC-KA-003467,Rahul Gowda,PHH,6,30,20,10,kn,FPS-KA-KOL-0007
RC-KA-003468,Divya Kumar,PHH,5,25,25,0,kn,FPS-KA-KOL-0008
RC-KA-003469,Harish Nayak,PHH,5,25,20,5,kn,FPS-KA-KOL-0009
RC-KA-003470,Kavya Naik,PHH,6,30,5,25,kn,FPS-KA-KOL-0010
RC-KA-003471,Lakshmi Naik,PHH,4,20,10,10,kn,FPS-KA-KOL-0011
RC-KA-003472,Ravi Reddy,PHH,5,25,20,5,kn,FPS-KA-KOL-0012
RC-KA-003473,Ravi Hegde,PHH,3,15,10,5,kn,FPS-KA-KOL-0013
RC-KA-003474,Prakash Joshi,PHH,6,30,5,25,hi,FPS-KA-KOL-0014
RC-KA-003475,Swathi Naik,PHH,3,15,0,15,hi,FPS-KA-KOL-0015
RC-KA-003476,Rahul Kumar,PHH,4,20,5,15,kn,FPS-KA-KOL-0016
RC-KA-003477,Shankar Desai,PHH,6,30,5,25,en,FPS-KA-KOL-0017
RC-KA-003478,Rekha Naik,PHH,6,30,5,25,kn,FPS-KA-KOL-0018
RC-KA-003479,Divya Sharma,PHH,8,40,40,0,kn,FPS-KA-KOL-0019
RC-KA-003480,Kiran Kumar,PHH,2,10,5,5,kn,FPS-KA-KOL-0020
RC-KA-003481,Shankar Nayak,PHH,7,35,0,35,kn,FPS-KA-KOP-0001
RC-KA-003482,Pooja Sharma,PHH,5,25,15,10,kn,FPS-KA-KOP-0002
RC-KA-003483,Chetan Naik,PHH,5,25,20,5,kn,FPS-KA-KOP-0003
RC-KA-003484,Meena Sharma,PHH,1,5,5,0,kn,FPS-KA-KOP-0004
RC-KA-003485,Harish Gowda,PHH,2,10,5,5,kn,FPS-KA-KOP-0005
RC-KA-003486,Shalini Rao,PHH,3,15,5,10,kn,FPS-KA-KOP-0006
RC-KA-003487,Divya Gowda,PHH,1,5,0,5,hi,FPS-KA-KOP-0007
RC-KA-003488,Vijay Bhat,PHH,5,25,5,20,hi,FPS-KA-KOP-0008
RC-KA-003489,Ravi Sharma,PHH,7,35,15,20,kn,FPS-KA-KOP-0009
RC-KA-003490,Priya Bhat,PHH,1,5,0,5,kn,FPS-KA-KOP-0010
RC-KA-003491,Deepa Reddy,PHH,5,25,10,15,kn,FPS-KA-KOP-0011
RC-KA-003492,Deepa Shetty,PHH,5,25,20,5,kn,FPS-KA-KOP-0012
RC-KA-003493,Bhavana Rao,PHH,1,5,5,0,hi,FPS-KA-KOP-0013
RC-KA-003494,Aarav Shetty,PHH,7,35,15,20,kn,FPS-KA-KOP-0014
RC-KA-003495,Divya Rao,PHH,2,10,10,0,hi,FPS-KA-KOP-0015
RC-KA-003496,Suresh Kulkarni,PHH,8,40,5,35,kn,FPS-KA-KOP-0016
RC-KA-003497,Bhavana Nayak,PHH,4,20,5,15,kn,FPS-KA-KOP-0017
RC-KA-003498,Aarav Reddy,PHH,3,15,5,10,kn,FPS-KA-KOP-0018
RC-KA-003499,Priya Kumar,PHH,5,25,15,10,kn,FPS-KA-KOP-0019
RC-KA-003500,Ananya Kumar,PHH,7,35,35,0,kn,FPS-KA-KOP-0020
RC-KA-003501,Manoj Shetty,PHH,2,10,5,5,hi,FPS-KA-MAN-0001
RC-KA-003502,Shalini Naik,PHH,7,35,30,5,kn,FPS-KA-MAN-0002
RC-KA-003503,Swathi Joshi,PHH,4,20,15,5,kn,FPS-KA-MAN-0003
RC-KA-003504,Naveen Sharma,PHH,6,30,10,20,kn,FPS-KA-MAN-0004
RC-KA-003505,Kavya Shetty,PHH,7,35,35,0,kn,FPS-KA-MAN-0005
RC-KA-003506,Ravi Kulkarni,PHH,2,10,10,0,hi,FPS-KA-MAN-0006
RC-KA-003507,Harish Hegde,PHH,3,15,15,0,kn,FPS-KA-MAN-0007
RC-KA-003508,Ganesh Nayak,PHH,7,35,20,15,kn,FPS-KA-MAN-0008
RC-KA-003509,Meena Patil,PHH,4,20,15,5,kn,FPS-KA-MAN-0009
RC-KA-003510,Shankar Patil,PHH,4,20,0,20,kn,FPS-KA-MAN-0010
RC-KA-003511,Aarav Desai,PHH,7,35,25,10,kn,FPS-KA-MAN-0011
RC-KA-003512,Akash Kulkarni,PHH,7,35,35,0,en,FPS-KA-MAN-0012
RC-KA-003513,Kavya Nayak,PHH,5,25,10,15,kn,FPS-KA-MAN-0013
RC-KA-003514,Deepa Kumar,PHH,5,25,15,10,kn,FPS-KA-MAN-0014
RC-KA-003515,Kavya Patil,PHH,4,20,0,20,en,FPS-KA-MAN-0015
RC-KA-003516,Bhavana Gowda,PHH,4,20,0,20,hi,FPS-KA-MAN-0016
RC-KA-003517,Vijay Naik,PHH,1,5,5,0,kn,FPS-KA-MAN-0017
RC-KA-003518,Suresh Kulkarni,PHH,8,40,10,30,kn,FPS-KA-MAN-0018
RC-KA-003519,Ganesh Shetty,PHH,5,25,5,20,kn,FPS-KA-MAN-0019
RC-KA-003520,Priya Patil,PHH,2,10,0,10,en,FPS-KA-MAN-0020
RC-KA-003521,Lakshmi Nayak,PHH,3,15,10,5,kn,FPS-KA-MYS-0001
RC-KA-003522,Chetan Sharma,PHH,3,15,5,10,kn,FPS-KA-MYS-0002
RC-KA-003523,Divya Kumar,PHH,2,10,0,10,hi,FPS-KA-MYS-0003
RC-KA-003524,Pooja Rao,PHH,3,15,0,15,hi,FPS-KA-MYS-0004
RC-KA-003525,Pooja Nayak,PHH,6,30,25,5,kn,FPS-KA-MYS-0005
RC-KA-003526,Harish Kumar,PHH,3,15,5,10,hi,FPS-KA-MYS-0006
RC-KA-003527,Aarav Joshi,PHH,3,15,10,5,kn,FPS-KA-MYS-0007
RC-KA-003528,Aditi Desai,PHH,1,5,5,0,kn,FPS-KA-MYS-0008
RC-KA-003529,Priya Kumar,PHH,3,15,5,10,kn,FPS-KA-MYS-0009
RC-KA-003530,Manoj Reddy,PHH,6,30,20,10,hi,FPS-KA-MYS-0010
RC-KA-003531,Rekha Reddy,PHH,8,40,10,30,hi,FPS-KA-MYS-0011
RC-KA-003532,Kiran Shetty,PHH,3,15,0,15,kn,FPS-KA-MYS-0012
RC-KA-003533,Shankar Desai,PHH,1,5,5,0,kn,FPS-KA-MYS-0013
RC-KA-003534,Manoj Poojary,PHH,7,35,30,5,en,FPS-KA-MYS-0014
RC-KA-003535,Rekha Kumar,PHH,6,30,30,0,kn,FPS-KA-MYS-0015
RC-KA-003536,Lakshmi Shetty,PHH,7,35,20,15,kn,FPS-KA-MYS-0016
RC-KA-003537,Chetan Gowda,PHH,8,40,10,30,hi,FPS-KA-MYS-0017
RC-KA-003538,Priya Nayak,PHH,6,30,30,0,kn,FPS-KA-MYS-0018
RC-KA-003539,Kavya Patil,PHH,7,35,30,5,kn,FPS-KA-MYS-0019
RC-KA-003540,Aarav Reddy,PHH,6,30,15,15,kn,FPS-KA-MYS-0020
RC-KA-003541,Prakash Rao,PHH,7,35,10,25,kn,FPS-KA-RAI-0001
RC-KA-003542,Arjun Patil,PHH,3,15,10,5,kn,FPS-KA-RAI-0002
RC-KA-003543,Kiran Desai,PHH,4,20,15,5,kn,FPS-KA-RAI-0003
RC-KA-003544,Manoj Shetty,PHH,8,40,25,15,en,FPS-KA-RAI-0004
RC-KA-003545,Arjun Nayak,PHH,7,35,0,35,kn,FPS-KA-RAI-0005
RC-KA-003546,Kavya Desai,PHH,2,10,5,5,kn,FPS-KA-RAI-0006
RC-KA-003547,Ganesh Hegde,PHH,7,35,30,5,kn,FPS-KA-RAI-0007
RC-KA-003548,Suresh Kumar,PHH,8,40,0,40,en,FPS-KA-RAI-0008
RC-KA-003549,Chetan Naik,PHH,8,40,5,35,kn,FPS-KA-RAI-0009
RC-KA-003550,Arjun Bhat,PHH,3,15,0,15,en,FPS-KA-RAI-0010
RC-KA-003551,Chetan Poojary,PHH,5,25,0,25,kn,FPS-KA-RAI-0011
RC-KA-003552,Harish Rao,PHH,6,30,0,30,kn,FPS-KA-RAI-0012
RC-KA-003553,Ganesh Hegde,PHH,8,40,25,15,kn,FPS-KA-RAI-0013
RC-KA-003554,Shalini Desai,PHH,1,5,0,5,en,FPS-KA-RAI-0014
RC-KA-003555,Pooja Bhat,PHH,7,35,0,35,kn,FPS-KA-RAI-0015
RC-KA-003556,Kiran Hegde,PHH,2,10,0,10,en,FPS-KA-RAI-0016
RC-KA-003557,Shalini Nayak,PHH,8,40,20,20,kn,FPS-KA-RAI-0017
RC-KA-003558,Divya Kulkarni,PHH,4,20,0,20,kn,FPS-KA-RAI-0018
RC-KA-003559,Aarav Shetty,PHH,4,20,0,20,kn,FPS-KA-RAI-0019
RC-KA-003560,Lakshmi Rao,PHH,4,20,15,5,kn,FPS-KA-RAI-0020
RC-KA-003561,Divya Nayak,PHH,3,15,15,0,kn,FPS-KA-RAM-0001
RC-KA-003562,Bhavana Kumar,PHH,4,20,0,20,en,FPS-KA-RAM-0002
RC-KA-003563,Shankar Gowda,PHH,1,5,5,0,hi,FPS-KA-RAM-0003
RC-KA-003564,Bhavana Nayak,PHH,4,20,15,5,en,FPS-KA-RAM-0004
RC-KA-003565,Manoj Rao,PHH,8,40,5,35,kn,FPS-KA-RAM-0005
RC-KA-003566,Kavya Kumar,PHH,6,30,20,10,hi,FPS-KA-RAM-0006
RC-KA-003567,Pooja Nayak,PHH,8,40,20,20,kn,FPS-KA-RAM-0007
RC-KA-003568,Naveen Shetty,PHH,6,30,25,5,kn,FPS-KA-RAM-0008
RC-KA-003569,Deepa Reddy,PHH,5,25,20,5,hi,FPS-KA-RAM-0009
RC-KA-003570,Harish Joshi,PHH,1,5,5,0,kn,FPS-KA-RAM-0010
RC-KA-003571,Kiran Patil,PHH,5,25,15,10,en,FPS-KA-RAM-0011
RC-KA-003572,Arjun Joshi,PHH,5,25,10,15,kn,FPS-KA-RAM-0012
RC-KA-003573,Deepa Desai,PHH,4,20,5,15,en,FPS-KA-RAM-0013
RC-KA-003574,Naveen Hegde,PHH,3,15,0,15,kn,FPS-KA-RAM-0014
RC-KA-003575,Harish Naik,PHH,7,35,30,5,kn,FPS-KA-RAM-0015
RC-KA-003576,Meena Nayak,PHH,2,10,0,10,kn,FPS-KA-RAM-0016
RC-KA-003577,Aditi Kulkarni,PHH,2,10,5,5,en,FPS-KA-RAM-0017
RC-KA-003578,Meena Patil,PHH,7,35,30,5,kn,FPS-KA-RAM-0018
RC-KA-003579,Deepa Desai,PHH,6,30,10,20,kn,FPS-KA-RAM-0019
RC-KA-003580,Kiran Kulkarni,PHH,8,40,30,10,kn,FPS-KA-RAM-0020
RC-KA-003581,Shankar Shetty,PHH,4,20,10,10,kn,FPS-KA-SHI-0001
RC-KA-003582,Prakash Kulkarni,PHH,6,30,5,25,kn,FPS-KA-SHI-0002
RC-KA-003583,Shankar Bhat,PHH,2,10,0,10,kn,FPS-KA-SHI-0003
RC-KA-003584,Meena Nayak,PHH,1,5,0,5,kn,FPS-KA-SHI-0004
RC-KA-003585,Aditi Patil,PHH,2,10,10,0,kn,FPS-KA-SHI-0005
RC-KA-003586,Ganesh Kumar,PHH,8,40,10,30,kn,FPS-KA-SHI-0006
RC-KA-003587,Sneha Bhat,PHH,6,30,25,5,kn,FPS-KA-SHI-0007
RC-KA-003588,Aditi Shetty,PHH,6,30,25,5,kn,FPS-KA-SHI-0008
RC-KA-003589,Prakash Gowda,PHH,5,25,10,15,kn,FPS-KA-SHI-0009
RC-KA-003590,Chetan Rao,PHH,1,5,0,5,hi,FPS-KA-SHI-0010
RC-KA-003591,Meena Gowda,PHH,3,15,15,0,hi,FPS-KA-SHI-0011
RC-KA-003592,Sneha Joshi,PHH,5,25,20,5,kn,FPS-KA-SHI-0012
RC-KA-003593,Akash Desai,PHH,2,10,10,0,kn,FPS-KA-SHI-0013
RC-KA-003594,Rekha Joshi,PHH,5,25,5,20,kn,FPS-KA-SHI-0014
RC-KA-003595,Rekha Naik,PHH,2,10,5,5,kn,FPS-KA-SHI-0015
RC-KA-003596,Ravi Shetty,PHH,1,5,5,0,en,FPS-KA-SHI-0016
RC-KA-003597,Naveen Naik,PHH,8,40,35,5,kn,FPS-KA-SHI-0017
RC-KA-003598,Kiran Kulkarni,PHH,5,25,25,0,hi,FPS-KA-SHI-0018
RC-KA-003599,Chetan Reddy,PHH,4,20,10,10,kn,FPS-KA-SHI-0019
RC-KA-003600,Aditi Gowda,PHH,8,40,10,30,hi,FPS-KA-SHI-0020
RC-KA-003601,Manoj Shetty,PHH,1,5,0,5,kn,FPS-KA-TUM-0001
RC-KA-003602,Harish Bhat,PHH,3,15,0,15,kn,FPS-KA-TUM-0002
RC-KA-003603,Meena Kulkarni,PHH,6,30,20,10,kn,FPS-KA-TUM-0003
RC-KA-003604,Ravi Poojary,PHH,7,35,5,30,en,FPS-KA-TUM-0004
RC-KA-003605,Meena Poojary,PHH,5,25,25,0,kn,FPS-KA-TUM-0005
RC-KA-003606,Chetan Hegde,PHH,1,5,5,0,kn,FPS-KA-TUM-0006
RC-KA-003607,Suresh Rao,PHH,2,10,0,10,kn,FPS-KA-TUM-0007
RC-KA-003608,Meena Desai,PHH,5,25,15,10,kn,FPS-KA-TUM-0008
RC-KA-003609,Sneha Hegde,PHH,7,35,25,10,kn,FPS-KA-TUM-0009
RC-KA-003610,Shalini Sharma,PHH,7,35,25,10,en,FPS-KA-TUM-0010
RC-KA-003611,Bhavana Naik,PHH,3,15,0,15,en,FPS-KA-TUM-0011
RC-KA-003612,Harish Shetty,PHH,7,35,5,30,kn,FPS-KA-TUM-0012
RC-KA-003613,Priya Desai,PHH,1,5,0,5,kn,FPS-KA-TUM-0013
RC-KA-003614,Lakshmi Patil,PHH,5,25,5,20,hi,FPS-KA-TUM-0014
RC-KA-003615,Shankar Sharma,PHH,1,5,5,0,hi,FPS-KA-TUM-0015
RC-KA-003616,Meena Rao,PHH,6,30,10,20,kn,FPS-KA-TUM-0016
RC-KA-003617,Ravi Poojary,PHH,4,20,5,15,kn,FPS-KA-TUM-0017
RC-KA-003618,Naveen Sharma,PHH,5,25,20,5,kn,FPS-KA-TUM-0018
RC-KA-003619,Sanjay Rao,PHH,4,20,15,5,hi,FPS-KA-TUM-0019
RC-KA-003620,Prakash Joshi,PHH,1,5,5,0,en,FPS-KA-TUM-0020
RC-KA-003621,Manoj Patil,PHH,5,25,20,5,en,FPS-KA-UDP-0001
RC-KA-003622,Prakash Poojary,PHH,5,25,10,15,kn,FPS-KA-UDP-0002
RC-KA-003623,Lakshmi Nayak,PHH,2,10,5,5,hi,FPS-KA-UDP-0003
RC-KA-003624,Sneha Sharma,PHH,8,40,15,25,en,FPS-KA-UDP-0004
RC-KA-003625,Swathi Poojary,PHH,4,20,15,5,kn,FPS-KA-UDP-0005
RC-KA-003626,Prakash Naik,PHH,1,5,0,5,kn,FPS-KA-UDP-0006
RC-KA-003627,Deepa Patil,PHH,7,35,20,15,kn,FPS-KA-UDP-0007
RC-KA-003628,Aarav Kulkarni,PHH,4,20,15,5,kn,FPS-KA-UDP-0008
RC-KA-003629,Divya Joshi,PHH,1,5,0,5,hi,FPS-KA-UDP-0009
RC-KA-003630,Sanjay Rao,PHH,7,35,0,35,kn,FPS-KA-UDP-0010
RC-KA-003631,Meena Sharma,PHH,5,25,20,5,kn,FPS-KA-UDP-0011
RC-KA-003632,Ganesh Rao,PHH,4,20,20,0,kn,FPS-KA-UDP-0012
RC-KA-003633,Kiran Joshi,PHH,2,10,0,10,en,FPS-KA-UDP-0013
RC-KA-003634,Chetan Patil,PHH,6,30,5,25,kn,FPS-KA-UDP-0014
RC-KA-003635,Deepa Desai,PHH,7,35,5,30,kn,FPS-KA-UDP-0015
RC-KA-003636,Sanjay Bhat,PHH,1,5,0,5,kn,FPS-KA-UDP-0016
RC-KA-003637,Ravi Naik,PHH,5,25,5,20,kn,FPS-KA-UDP-0017
RC-KA-003638,Chetan Bhat,PHH,7,35,10,25,en,FPS-KA-UDP-0018
RC-KA-003639,Vijay Naik,PHH,3,15,10,5,kn,FPS-KA-UDP-0019
RC-KA-003640,Rahul Gowda,PHH,5,25,20,5,kn,FPS-KA-UDP-0020
RC-KA-003641,Suresh Nayak,PHH,2,10,0,10,en,FPS-KA-UK-0001
RC-KA-003642,Shalini Rao,PHH,1,5,0,5,kn,FPS-KA-UK-0002
RC-KA-003643,Manoj Hegde,PHH,5,25,5,20,kn,FPS-KA-UK-0003
RC-KA-003644,Shalini Joshi,PHH,2,10,10,0,hi,FPS-KA-UK-0004
RC-KA-003645,Ravi Sharma,PHH,8,40,40,0,kn,FPS-KA-UK-0005
RC-KA-003646,Akash Hegde,PHH,5,25,0,25,kn,FPS-KA-UK-0006
RC-KA-003647,Pooja Naik,PHH,3,15,15,0,hi,FPS-KA-UK-0007
RC-KA-003648,Bhavana Shetty,PHH,1,5,0,5,en,FPS-KA-UK-0008
RC-KA-003649,Rekha Joshi,PHH,6,30,5,25,kn,FPS-KA-UK-0009
RC-KA-003650,Shalini Poojary,PHH,4,20,15,5,en,FPS-KA-UK-0010
RC-KA-003651,Kiran Rao,PHH,6,30,0,30,kn,FPS-KA-UK-0011
RC-KA-003652,Shalini Rao,PHH,7,35,5,30,hi,FPS-KA-UK-0012
RC-KA-003653,Priya Poojary,PHH,7,35,15,20,kn,FPS-KA-UK-0013
RC-KA-003654,Sanjay Reddy,PHH,8,40,5,35,en,FPS-KA-UK-0014
RC-KA-003655,Kiran Hegde,PHH,8,40,40,0,hi,FPS-KA-UK-0015
RC-KA-003656,Aditi Desai,PHH,6,30,5,25,en,FPS-KA-UK-0016
RC-KA-003657,Aarav Poojary,PHH,4,20,0,20,kn,FPS-KA-UK-0017
RC-KA-003658,Sanjay Kumar,PHH,6,30,25,5,kn,FPS-KA-UK-0018
RC-KA-003659,Akash Shetty,PHH,1,5,5,0,en,FPS-KA-UK-0019
RC-KA-003660,Shalini Gowda,PHH,2,10,10,0,kn,FPS-KA-UK-0020
RC-KA-003661,Pooja Bhat,PHH,3,15,15,0,kn,FPS-KA-VIJ-0001
RC-KA-003662,Aditi Rao,PHH,6,30,0,30,kn,FPS-KA-VIJ-0002
RC-KA-003663,Sneha Kulkarni,PHH,6,30,5,25,kn,FPS-KA-VIJ-0003
RC-KA-003664,Aditi Naik,PHH,5,25,0,25,en,FPS-KA-VIJ-0004
RC-KA-003665,Arjun Naik,PHH,3,15,10,5,hi,FPS-KA-VIJ-0005
RC-KA-003666,Akash Joshi,PHH,6,30,30,0,kn,FPS-KA-VIJ-0006
RC-KA-003667,Sanjay Naik,PHH,6,30,0,30,kn,FPS-KA-VIJ-0007
RC-KA-003668,Ganesh Hegde,PHH,7,35,0,35,kn,FPS-KA-VIJ-0008
RC-KA-003669,Vijay Joshi,PHH,3,15,0,15,en,FPS-KA-VIJ-0009
RC-KA-003670,Divya Rao,PHH,2,10,5,5,kn,FPS-KA-VIJ-0010
RC-KA-003671,Bhavana Sharma,PHH,6,30,10,20,en,FPS-KA-VIJ-0011
RC-KA-003672,Deepa Patil,PHH,4,20,20,0,hi,FPS-KA-VIJ-0012
RC-KA-003673,Pooja Rao,PHH,5,25,10,15,hi,FPS-KA-VIJ-0013
RC-KA-003674,Prakash Kumar,PHH,2,10,10,0,kn,FPS-KA-VIJ-0014
RC-KA-003675,Ananya Nayak,PHH,5,25,20,5,kn,FPS-KA-VIJ-0015
RC-KA-003676,Swathi Kulkarni,PHH,7,35,0,35,kn,FPS-KA-VIJ-0016
RC-KA-003677,Sanjay Patil,PHH,2,10,10,0,kn,FPS-KA-VIJ-0017
RC-KA-003678,Prakash Patil,PHH,3,15,0,15,kn,FPS-KA-VIJ-0018
RC-KA-003679,Shankar Hegde,PHH,2,10,5,5,kn,FPS-KA-VIJ-0019
RC-KA-003680,Prakash Joshi,PHH,7,35,5,30,kn,FPS-KA-VIJ-0020
RC-KA-003681,Bhavana Poojary,PHH,4,20,0,20,kn,FPS-KA-VIG-0001
RC-KA-003682,Meena Reddy,PHH,2,10,10,0,hi,FPS-KA-VIG-0002
RC-KA-003683,Sneha Kumar,PHH,3,15,5,10,hi,FPS-KA-VIG-0003
RC-KA-003684,Naveen Nayak,PHH,4,20,15,5,kn,FPS-KA-VIG-0004
RC-KA-003685,Shalini Kumar,PHH,5,25,20,5,hi,FPS-KA-VIG-0005
RC-KA-003686,Aditi Kulkarni,PHH,4,20,15,5,kn,FPS-KA-VIG-0006
RC-KA-003687,Chetan Kumar,PHH,4,20,20,0,kn,FPS-KA-VIG-0007
RC-KA-003688,Prakash Kulkarni,PHH,5,25,10,15,kn,FPS-KA-VIG-0008
RC-KA-003689,Suresh Nayak,PHH,5,25,10,15,kn,FPS-KA-VIG-0009
RC-KA-003690,Rahul Sharma,PHH,2,10,10,0,kn,FPS-KA-VIG-0010
RC-KA-003691,Kiran Sharma,PHH,8,40,0,40,en,FPS-KA-VIG-0011
RC-KA-003692,Prakash Shetty,PHH,4,20,10,10,kn,FPS-KA-VIG-0012
RC-KA-003693,Rekha Patil,PHH,2,10,10,0,kn,FPS-KA-VIG-0013
RC-KA-003694,Sanjay Gowda,PHH,4,20,5,15,hi,FPS-KA-VIG-0014
RC-KA-003695,Divya Gowda,PHH,7,35,10,25,en,FPS-KA-VIG-0015
RC-KA-003696,Sneha Bhat,PHH,1,5,0,5,hi,FPS-KA-VIG-0016
RC-KA-003697,Chetan Desai,PHH,1,5,5,0,kn,FPS-KA-VIG-0017
RC-KA-003698,Shankar Gowda,PHH,3,15,5,10,hi,FPS-KA-VIG-0018
RC-KA-003699,Kiran Poojary,PHH,6,30,10,20,en,FPS-KA-VIG-0019
RC-KA-003700,Suresh Poojary,PHH,5,25,15,10,kn,FPS-KA-VIG-0020
RC-KA-003701,Chetan Kumar,PHH,3,15,5,10,kn,FPS-KA-YAD-0001
RC-KA-003702,Divya Kulkarni,PHH,4,20,15,5,kn,FPS-KA-YAD-0002
RC-KA-003703,Manoj Shetty,PHH,1,5,5,0,kn,FPS-KA-YAD-0003
RC-KA-003704,Naveen Naik,PHH,1,5,0,5,hi,FPS-KA-YAD-0004
RC-KA-003705,Ganesh Shetty,PHH,4,20,15,5,kn,FPS-KA-YAD-0005
RC-KA-003706,Shalini Patil,PHH,5,25,10,15,kn,FPS-KA-YAD-0006
RC-KA-003707,Manoj Hegde,PHH,8,40,40,0,kn,FPS-KA-YAD-0007
RC-KA-003708,Chetan Bhat,PHH,5,25,25,0,kn,FPS-KA-YAD-0008
RC-KA-003709,Divya Shetty,PHH,5,25,15,10,en,FPS-KA-YAD-0009
RC-KA-003710,Arjun Patil,PHH,8,40,15,25,kn,FPS-KA-YAD-0010
RC-KA-003711,Pooja Joshi,PHH,4,20,15,5,kn,FPS-KA-YAD-0011
RC-KA-003712,Kavya Joshi,PHH,3,15,0,15,kn,FPS-KA-YAD-0012
RC-KA-003713,Suresh Poojary,PHH,5,25,25,0,kn,FPS-KA-YAD-0013
RC-KA-003714,Akash Sharma,PHH,5,25,25,0,kn,FPS-KA-YAD-0014
RC-KA-003715,Divya Rao,PHH,2,10,0,10,en,FPS-KA-YAD-0015
RC-KA-003716,Prakash Rao,PHH,4,20,20,0,en,FPS-KA-YAD-0016
RC-KA-003717,Aarav Shetty,PHH,3,15,15,0,en,FPS-KA-YAD-0017
RC-KA-003718,Shalini Joshi,PHH,1,5,5,0,hi,FPS-KA-YAD-0018
RC-KA-003719,Chetan Shetty,PHH,7,35,25,10,kn,FPS-KA-YAD-0019
RC-KA-003720,Shalini Kulkarni,PHH,2,10,10,0,kn,FPS-KA-YAD-0020
RC-KA-003721,Prakash Reddy,PHH,5,25,25,0,hi,FPS-KA-BAG-0001
RC-KA-003722,Meena Sharma,PHH,7,35,25,10,kn,FPS-KA-BAG-0002
RC-KA-003723,Suresh Hegde,PHH,4,20,5,15,kn,FPS-KA-BAG-0003
RC-KA-003724,Pooja Hegde,PHH,6,30,15,15,hi,FPS-KA-BAG-0004
RC-KA-003725,Pooja Patil,PHH,8,40,15,25,kn,FPS-KA-BAG-0005
RC-KA-003726,Arjun Reddy,PHH,2,10,0,10,kn,FPS-KA-BAG-0006
RC-KA-003727,Lakshmi Joshi,PHH,7,35,0,35,kn,FPS-KA-BAG-0007
RC-KA-003728,Pooja Desai,PHH,2,10,0,10,kn,FPS-KA-BAG-0008
RC-KA-003729,Chetan Hegde,PHH,3,15,5,10,hi,FPS-KA-BAG-0009
RC-KA-003730,Vijay Sharma,PHH,2,10,0,10,kn,FPS-KA-BAG-0010
RC-KA-003731,Rahul Sharma,PHH,7,35,5,30,en,FPS-KA-BAG-0011
RC-KA-003732,Vijay Reddy,PHH,8,40,15,25,kn,FPS-KA-BAG-0012
RC-KA-003733,Shankar Sharma,PHH,2,10,0,10,hi,FPS-KA-BAG-0013
RC-KA-003734,Divya Joshi,PHH,4,20,0,20,kn,FPS-KA-BAG-0014
RC-KA-003735,Meena Kumar,PHH,3,15,0,15,en,FPS-KA-BAG-0015
RC-KA-003736,Ananya Gowda,PHH,4,20,15,5,en,FPS-KA-BAG-0016
RC-KA-003737,Lakshmi Bhat,PHH,4,20,20,0,kn,FPS-KA-BAG-0017
RC-KA-003738,Pooja Bhat,PHH,6,30,10,20,hi,FPS-KA-BAG-0018
RC-KA-003739,Rahul Sharma,PHH,3,15,0,15,hi,FPS-KA-BAG-0019
RC-KA-003740,Sneha Shetty,PHH,1,5,5,0,kn,FPS-KA-BAG-0020
RC-KA-003741,Chetan Kumar,PHH,4,20,0,20,hi,FPS-KA-BAL-0001
RC-KA-003742,Manoj Patil,PHH,4,20,5,15,kn,FPS-KA-BAL-0002
RC-KA-003743,Aditi Gowda,PHH,8,40,15,25,kn,FPS-KA-BAL-0003
RC-KA-003744,Swathi Rao,PHH,4,20,10,10,kn,FPS-KA-BAL-0004
RC-KA-003745,Rekha Gowda,PHH,5,25,25,0,kn,FPS-KA-BAL-0005
RC-KA-003746,Bhavana Hegde,PHH,3,15,15,0,kn,FPS-KA-BAL-0006
RC-KA-003747,Swathi Kulkarni,PHH,1,5,0,5,kn,FPS-KA-BAL-0007
RC-KA-003748,Chetan Gowda,PHH,2,10,0,10,hi,FPS-KA-BAL-0008
RC-KA-003749,Deepa Bhat,PHH,3,15,15,0,kn,FPS-KA-BAL-0009
RC-KA-003750,Rekha Joshi,PHH,3,15,10,5,hi,FPS-KA-BAL-0010
RC-KA-003751,Priya Joshi,PHH,6,30,15,15,kn,FPS-KA-BAL-0011
RC-KA-003752,Priya Kumar,PHH,4,20,15,5,kn,FPS-KA-BAL-0012
RC-KA-003753,Priya Reddy,PHH,8,40,20,20,kn,FPS-KA-BAL-0013
RC-KA-003754,Kiran Rao,PHH,1,5,0,5,kn,FPS-KA-BAL-0014
RC-KA-003755,Ananya Rao,PHH,8,40,5,35,en,FPS-KA-BAL-0015
RC-KA-003756,Rekha Joshi,PHH,3,15,0,15,kn,FPS-KA-BAL-0016
RC-KA-003757,Vijay Poojary,PHH,2,10,10,0,kn,FPS-KA-BAL-0017
RC-KA-003758,Pooja Nayak,PHH,3,15,0,15,kn,FPS-KA-BAL-0018
RC-KA-003759,Aditi Joshi,PHH,4,20,5,15,kn,FPS-KA-BAL-0019
RC-KA-003760,Akash Hegde,PHH,2,10,0,10,kn,FPS-KA-BAL-0020
RC-KA-003761,Pooja Shetty,PHH,2,10,5,5,kn,FPS-KA-BEL-0001
RC-KA-003762,Suresh Kumar,PHH,3,15,0,15,kn,FPS-KA-BEL-0002
RC-KA-003763,Deepa Bhat,PHH,4,20,5,15,hi,FPS-KA-BEL-0003
RC-KA-003764,Manoj Gowda,PHH,2,10,10,0,kn,FPS-KA-BEL-0004
RC-KA-003765,Harish Desai,PHH,7,35,5,30,hi,FPS-KA-BEL-0005
RC-KA-003766,Harish Patil,PHH,3,15,10,5,en,FPS-KA-BEL-0006
RC-KA-003767,Shalini Poojary,PHH,1,5,0,5,hi,FPS-KA-BEL-0007
RC-KA-003768,Bhavana Rao,PHH,1,5,0,5,kn,FPS-KA-BEL-0008
RC-KA-003769,Meena Rao,PHH,2,10,0,10,kn,FPS-KA-BEL-0009
RC-KA-003770,Pooja Poojary,PHH,2,10,5,5,hi,FPS-KA-BEL-0010
RC-KA-003771,Sanjay Sharma,PHH,6,30,0,30,hi,FPS-KA-BEL-0011
RC-KA-003772,Harish Kulkarni,PHH,1,5,0,5,en,FPS-KA-BEL-0012
RC-KA-003773,Shalini Naik,PHH,2,10,10,0,kn,FPS-KA-BEL-0013
RC-KA-003774,Sneha Shetty,PHH,5,25,5,20,kn,FPS-KA-BEL-0014
RC-KA-003775,Vijay Rao,PHH,8,40,20,20,kn,FPS-KA-BEL-0015
RC-KA-003776,Shalini Naik,PHH,2,10,0,10,kn,FPS-KA-BEL-0016
RC-KA-003777,Aditi Joshi,PHH,1,5,5,0,kn,FPS-KA-BEL-0017
RC-KA-003778,Priya Patil,PHH,7,35,35,0,kn,FPS-KA-BEL-0018
RC-KA-003779,Kiran Hegde,PHH,1,5,5,0,en,FPS-KA-BEL-0019
RC-KA-003780,Naveen Naik,PHH,6,30,0,30,kn,FPS-KA-BEL-0020
RC-KA-003781,Ananya Reddy,PHH,3,15,15,0,kn,FPS-KA-BLR-R-0001
RC-KA-003782,Naveen Reddy,PHH,7,35,10,25,hi,FPS-KA-BLR-R-0002
RC-KA-003783,Kavya Naik,PHH,6,30,10,20,kn,FPS-KA-BLR-R-0003
RC-KA-003784,Pooja Bhat,PHH,3,15,15,0,hi,FPS-KA-BLR-R-0004
RC-KA-003785,Chetan Reddy,PHH,1,5,5,0,kn,FPS-KA-BLR-R-0005
RC-KA-003786,Shankar Patil,PHH,7,35,35,0,kn,FPS-KA-BLR-R-0006
RC-KA-003787,Divya Rao,PHH,3,15,5,10,kn,FPS-KA-BLR-R-0007
RC-KA-003788,Divya Kumar,PHH,1,5,0,5,en,FPS-KA-BLR-R-0008
RC-KA-003789,Sanjay Patil,PHH,2,10,10,0,en,FPS-KA-BLR-R-0009
RC-KA-003790,Suresh Poojary,PHH,5,25,25,0,hi,FPS-KA-BLR-R-0010
RC-KA-003791,Vijay Reddy,PHH,3,15,15,0,kn,FPS-KA-BLR-R-0011
RC-KA-003792,Chetan Joshi,PHH,4,20,15,5,hi,FPS-KA-BLR-R-0012
RC-KA-003793,Arjun Poojary,PHH,2,10,5,5,kn,FPS-KA-BLR-R-0013
RC-KA-003794,Priya Poojary,PHH,2,10,0,10,kn,FPS-KA-BLR-R-0014
RC-KA-003795,Prakash Poojary,PHH,5,25,25,0,kn,FPS-KA-BLR-R-0015
RC-KA-003796,Aarav Reddy,PHH,5,25,15,10,kn,FPS-KA-BLR-R-0016
RC-KA-003797,Sanjay Kumar,PHH,7,35,10,25,kn,FPS-KA-BLR-R-0017
RC-KA-003798,Shalini Naik,PHH,7,35,15,20,kn,FPS-KA-BLR-R-0018
RC-KA-003799,Sneha Kulkarni,PHH,2,10,5,5,en,FPS-KA-BLR-R-0019
RC-KA-003800,Kavya Rao,PHH,5,25,25,0,kn,FPS-KA-BLR-R-0020
RC-KA-003801,Suresh Patil,PHH,6,30,30,0,kn,FPS-KA-BLR-U-0001
RC-KA-003802,Sanjay Poojary,PHH,3,15,15,0,hi,FPS-KA-BLR-U-0002
RC-KA-003803,Bhavana Naik,PHH,6,30,10,20,kn,FPS-KA-BLR-U-0003
RC-KA-003804,Meena Kulkarni,PHH,4,20,0,20,kn,FPS-KA-BLR-U-0004
RC-KA-003805,Suresh Naik,PHH,5,25,15,10,hi,FPS-KA-BLR-U-0005
RC-KA-003806,Kavya Reddy,PHH,1,5,0,5,hi,FPS-KA-BLR-U-0006
RC-KA-003807,Arjun Desai,PHH,3,15,10,5,kn,FPS-KA-BLR-U-0007
RC-KA-003808,Ravi Poojary,PHH,1,5,5,0,kn,FPS-KA-BLR-U-0008
RC-KA-003809,Vijay Reddy,PHH,1,5,5,0,kn,FPS-KA-BLR-U-0009
RC-KA-003810,Naveen Naik,PHH,4,20,10,10,kn,FPS-KA-BLR-U-0010
RC-KA-003811,Sanjay Reddy,PHH,6,30,25,5,kn,FPS-KA-BLR-U-0011
RC-KA-003812,Rekha Sharma,PHH,3,15,0,15,kn,FPS-KA-BLR-U-0012
RC-KA-003813,Swathi Rao,PHH,8,40,40,0,kn,FPS-KA-BLR-U-0013
RC-KA-003814,Chetan Reddy,PHH,2,10,10,0,kn,FPS-KA-BLR-U-0014
RC-KA-003815,Meena Reddy,PHH,2,10,10,0,kn,FPS-KA-BLR-U-0015
RC-KA-003816,Deepa Patil,PHH,3,15,15,0,kn,FPS-KA-BLR-U-0016
RC-KA-003817,Akash Nayak,PHH,7,35,0,35,hi,FPS-KA-BLR-U-0017
RC-KA-003818,Ananya Desai,PHH,8,40,25,15,en,FPS-KA-BLR-U-0018
RC-KA-003819,Bhavana Reddy,PHH,7,35,0,35,kn,FPS-KA-BLR-U-0019
RC-KA-003820,Harish Rao,PHH,1,5,0,5,kn,FPS-KA-BLR-U-0020
RC-KA-003821,Sneha Sharma,PHH,7,35,5,30,kn,FPS-KA-BID-0001
RC-KA-003822,Harish Desai,PHH,1,5,0,5,kn,FPS-KA-BID-0002
RC-KA-003823,Sneha Sharma,PHH,8,40,20,20,hi,FPS-KA-BID-0003
RC-KA-003824,Vijay Patil,PHH,2,10,10,0,en,FPS-KA-BID-0004
RC-KA-003825,Shankar Hegde,PHH,4,20,15,5,kn,FPS-KA-BID-0005
RC-KA-003826,Priya Gowda,PHH,3,15,0,15,kn,FPS-KA-BID-0006
RC-KA-003827,Prakash Naik,PHH,2,10,10,0,kn,FPS-KA-BID-0007
RC-KA-003828,Deepa Kulkarni,PHH,2,10,10,0,kn,FPS-KA-BID-0008
RC-KA-003829,Prakash Shetty,PHH,8,40,25,15,hi,FPS-KA-BID-0009
RC-KA-003830,Sanjay Shetty,PHH,7,35,15,20,kn,FPS-KA-BID-0010
RC-KA-003831,Arjun Gowda,PHH,4,20,20,0,kn,FPS-KA-BID-0011
RC-KA-003832,Harish Kulkarni,PHH,4,20,15,5,kn,FPS-KA-BID-0012
RC-KA-003833,Aditi Bhat,PHH,2,10,0,10,kn,FPS-KA-BID-0013
RC-KA-003834,Lakshmi Bhat,PHH,5,25,5,20,kn,FPS-KA-BID-0014
RC-KA-003835,Shalini Rao,PHH,1,5,5,0,kn,FPS-KA-BID-0015
RC-KA-003836,Kiran Kulkarni,PHH,6,30,5,25,kn,FPS-KA-BID-0016
RC-KA-003837,Ananya Gowda,PHH,7,35,0,35,kn,FPS-KA-BID-0017
RC-KA-003838,Aarav Patil,PHH,3,15,15,0,hi,FPS-KA-BID-0018
RC-KA-003839,Chetan Hegde,PHH,4,20,0,20,kn,FPS-KA-BID-0019
RC-KA-003840,Akash Kumar,PHH,7,35,30,5,en,FPS-KA-BID-0020
RC-KA-003841,Manoj Gowda,PHH,1,5,5,0,kn,FPS-KA-CHA-0001
RC-KA-003842,Bhavana Rao,PHH,6,30,25,5,kn,FPS-KA-CHA-0002
RC-KA-003843,Kavya Patil,PHH,4,20,10,10,en,FPS-KA-CHA-0003
RC-KA-003844,Ananya Desai,PHH,7,35,10,25,kn,FPS-KA-CHA-0004
RC-KA-003845,Rahul Nayak,PHH,8,40,30,10,hi,FPS-KA-CHA-0005
RC-KA-003846,Sneha Naik,PHH,3,15,5,10,en,FPS-KA-CHA-0006
RC-KA-003847,Ananya Reddy,PHH,5,25,25,0,en,FPS-KA-CHA-0007
RC-KA-003848,Naveen Desai,PHH,5,25,20,5,kn,FPS-KA-CHA-0008
RC-KA-003849,Meena Kumar,PHH,4,20,10,10,kn,FPS-KA-CHA-0009
RC-KA-003850,Deepa Poojary,PHH,3,15,15,0,kn,FPS-KA-CHA-0010
RC-KA-003851,Aditi Gowda,PHH,6,30,20,10,hi,FPS-KA-CHA-0011
RC-KA-003852,Aarav Sharma,PHH,6,30,15,15,kn,FPS-KA-CHA-0012
RC-KA-003853,Prakash Bhat,PHH,1,5,5,0,en,FPS-KA-CHA-0013
RC-KA-003854,Bhavana Nayak,PHH,2,10,5,5,kn,FPS-KA-CHA-0014
RC-KA-003855,Prakash Rao,PHH,1,5,5,0,en,FPS-KA-CHA-0015
RC-KA-003856,Rekha Sharma,PHH,3,15,15,0,hi,FPS-KA-CHA-0016
RC-KA-003857,Ravi Naik,PHH,7,35,30,5,en,FPS-KA-CHA-0017
RC-KA-003858,Ganesh Shetty,PHH,8,40,5,35,en,FPS-KA-CHA-0018
RC-KA-003859,Prakash Reddy,PHH,6,30,20,10,kn,FPS-KA-CHA-0019
RC-KA-003860,Ganesh Patil,PHH,3,15,10,5,kn,FPS-KA-CHA-0020
RC-KA-003861,Suresh Reddy,PHH,5,25,20,5,kn,FPS-KA-CHB-0001
RC-KA-003862,Sneha Rao,PHH,3,15,5,10,kn,FPS-KA-CHB-0002
RC-KA-003863,Shalini Kulkarni,PHH,4,20,10,10,hi,FPS-KA-CHB-0003
RC-KA-003864,Rekha Patil,PHH,7,35,0,35,kn,FPS-KA-CHB-0004
RC-KA-003865,Ananya Desai,PHH,8,40,10,30,kn,FPS-KA-CHB-0005
RC-KA-003866,Bhavana Bhat,PHH,7,35,0,35,kn,FPS-KA-CHB-0006
RC-KA-003867,Sanjay Reddy,PHH,4,20,10,10,kn,FPS-KA-CHB-0007
RC-KA-003868,Priya Nayak,PHH,4,20,10,10,kn,FPS-KA-CHB-0008
RC-KA-003869,Naveen Shetty,PHH,6,30,25,5,kn,FPS-KA-CHB-0009
RC-KA-003870,Swathi Hegde,PHH,1,5,5,0,hi,FPS-KA-CHB-0010
RC-KA-003871,Swathi Bhat,PHH,7,35,5,30,en,FPS-KA-CHB-0011
RC-KA-003872,Shankar Kumar,PHH,7,35,25,10,kn,FPS-KA-CHB-0012
RC-KA-003873,Kavya Joshi,PHH,3,15,15,0,kn,FPS-KA-CHB-0013
RC-KA-003874,Akash Rao,PHH,3,15,15,0,kn,FPS-KA-CHB-0014
RC-KA-003875,Rahul Gowda,PHH,7,35,30,5,kn,FPS-KA-CHB-0015
RC-KA-003876,Shankar Kulkarni,PHH,4,20,0,20,kn,FPS-KA-CHB-0016
RC-KA-003877,Swathi Shetty,PHH,2,10,10,0,hi,FPS-KA-CHB-0017
RC-KA-003878,Harish Nayak,PHH,4,20,20,0,kn,FPS-KA-CHB-0018
RC-KA-003879,Shalini Naik,PHH,2,10,5,5,hi,FPS-KA-CHB-0019
RC-KA-003880,Shankar Rao,PHH,7,35,10,25,kn,FPS-KA-CHB-0020
RC-KA-003881,Swathi Patil,PHH,5,25,20,5,kn,FPS-KA-CHK-0001
RC-KA-003882,Deepa Patil,PHH,1,5,0,5,kn,FPS-KA-CHK-0002
RC-KA-003883,Vijay Nayak,PHH,1,5,5,0,kn,FPS-KA-CHK-0003
RC-KA-003884,Ananya Kumar,PHH,7,35,5,30,en,FPS-KA-CHK-0004
RC-KA-003885,Ravi Reddy,PHH,7,35,15,20,kn,FPS-KA-CHK-0005
RC-KA-003886,Suresh Patil,PHH,6,30,30,0,en,FPS-KA-CHK-0006
RC-KA-003887,Aditi Sharma,PHH,1,5,0,5,kn,FPS-KA-CHK-0007
RC-KA-003888,Priya Gowda,PHH,5,25,0,25,kn,FPS-KA-CHK-0008
RC-KA-003889,Shalini Shetty,PHH,6,30,0,30,kn,FPS-KA-CHK-0009
RC-KA-003890,Rahul Kulkarni,PHH,4,20,20,0,en,FPS-KA-CHK-0010
RC-KA-003891,Deepa Poojary,PHH,3,15,0,15,hi,FPS-KA-CHK-0011
RC-KA-003892,Meena Desai,PHH,5,25,10,15,kn,FPS-KA-CHK-0012
RC-KA-003893,Aditi Bhat,PHH,8,40,20,20,kn,FPS-KA-CHK-0013
RC-KA-003894,Shalini Kumar,PHH,8,40,10,30,hi,FPS-KA-CHK-0014
RC-KA-003895,Kavya Patil,PHH,7,35,10,25,kn,FPS-KA-CHK-0015
RC-KA-003896,Sanjay Poojary,PHH,2,10,10,0,en,FPS-KA-CHK-0016
RC-KA-003897,Bhavana Sharma,PHH,8,40,30,10,en,FPS-KA-CHK-0017
RC-KA-003898,Vijay Joshi,PHH,2,10,5,5,kn,FPS-KA-CHK-0018
RC-KA-003899,Chetan Reddy,PHH,5,25,0,25,en,FPS-KA-CHK-0019
RC-KA-003900,Arjun Nayak,PHH,8,40,15,25,kn,FPS-KA-CHK-0020
RC-KA-003901,Bhavana Reddy,PHH,6,30,10,20,hi,FPS-KA-CHI-0001
RC-KA-003902,Pooja Nayak,PHH,6,30,15,15,kn,FPS-KA-CHI-0002
RC-KA-003903,Suresh Nayak,PHH,2,10,5,5,kn,FPS-KA-CHI-0003
RC-KA-003904,Bhavana Patil,PHH,3,15,0,15,kn,FPS-KA-CHI-0004
RC-KA-003905,Lakshmi Reddy,PHH,7,35,5,30,kn,FPS-KA-CHI-0005
RC-KA-003906,Pooja Sharma,PHH,6,30,5,25,kn,FPS-KA-CHI-0006
RC-KA-003907,Chetan Desai,PHH,6,30,15,15,kn,FPS-KA-CHI-0007
RC-KA-003908,Ganesh Naik,PHH,2,10,10,0,kn,FPS-KA-CHI-0008
RC-KA-003909,Harish Patil,PHH,1,5,0,5,en,FPS-KA-CHI-0009
RC-KA-003910,Aditi Kumar,PHH,3,15,15,0,kn,FPS-KA-CHI-0010
RC-KA-003911,Aditi Reddy,PHH,2,10,5,5,kn,FPS-KA-CHI-0011
RC-KA-003912,Sneha Gowda,PHH,8,40,15,25,kn,FPS-KA-CHI-0012
RC-KA-003913,Vijay Shetty,PHH,7,35,35,0,kn,FPS-KA-CHI-0013
RC-KA-003914,Bhavana Nayak,PHH,8,40,35,5,kn,FPS-KA-CHI-0014
RC-KA-003915,Bhavana Poojary,PHH,3,15,0,15,kn,FPS-KA-CHI-0015
RC-KA-003916,Prakash Joshi,PHH,2,10,5,5,en,FPS-KA-CHI-0016
RC-KA-003917,Divya Joshi,PHH,3,15,0,15,kn,FPS-KA-CHI-0017
RC-KA-003918,Harish Bhat,PHH,7,35,10,25,kn,FPS-KA-CHI-0018
RC-KA-003919,Lakshmi Kumar,PHH,8,40,35,5,kn,FPS-KA-CHI-0019
RC-KA-003920,Ananya Kumar,PHH,4,20,20,0,kn,FPS-KA-CHI-0020
RC-KA-003921,Harish Reddy,PHH,3,15,10,5,kn,FPS-KA-DK-0001
RC-KA-003922,Rekha Sharma,PHH,8,40,0,40,kn,FPS-KA-DK-0002
RC-KA-003923,Ananya Desai,PHH,7,35,30,5,kn,FPS-KA-DK-0003
RC-KA-003924,Meena Reddy,PHH,8,40,0,40,kn,FPS-KA-DK-0004
RC-KA-003925,Aarav Hegde,PHH,7,35,10,25,en,FPS-KA-DK-0005
RC-KA-003926,Akash Poojary,PHH,1,5,5,0,kn,FPS-KA-DK-0006
RC-KA-003927,Kavya Hegde,PHH,3,15,5,10,kn,FPS-KA-DK-0007
RC-KA-003928,Ravi Kumar,PHH,3,15,0,15,en,FPS-KA-DK-0008
RC-KA-003929,Pooja Desai,PHH,6,30,0,30,hi,FPS-KA-DK-0009
RC-KA-003930,Prakash Shetty,PHH,2,10,10,0,kn,FPS-KA-DK-0010
RC-KA-003931,Vijay Shetty,PHH,2,10,10,0,kn,FPS-KA-DK-0011
RC-KA-003932,Prakash Kulkarni,PHH,2,10,10,0,kn,FPS-KA-DK-0012
RC-KA-003933,Pooja Rao,PHH,8,40,0,40,kn,FPS-KA-DK-0013
RC-KA-003934,Priya Joshi,PHH,5,25,5,20,kn,FPS-KA-DK-0014
RC-KA-003935,Bhavana Shetty,PHH,5,25,20,5,en,FPS-KA-DK-0015
RC-KA-003936,Priya Bhat,PHH,1,5,5,0,hi,FPS-KA-DK-0016
RC-KA-003937,Sanjay Sharma,PHH,4,20,20,0,kn,FPS-KA-DK-0017
RC-KA-003938,Rahul Shetty,PHH,5,25,20,5,en,FPS-KA-DK-0018
RC-KA-003939,Sanjay Sharma,PHH,5,25,20,5,kn,FPS-KA-DK-0019
RC-KA-003940,Kavya Desai,PHH,2,10,10,0,kn,FPS-KA-DK-0020
RC-KA-003941,Manoj Gowda,PHH,8,40,0,40,kn,FPS-KA-DAV-0001
RC-KA-003942,Pooja Kulkarni,PHH,6,30,5,25,kn,FPS-KA-DAV-0002
RC-KA-003943,Pooja Rao,PHH,8,40,30,10,kn,FPS-KA-DAV-0003
RC-KA-003944,Manoj Naik,PHH,3,15,0,15,en,FPS-KA-DAV-0004
RC-KA-003945,Akash Bhat,PHH,7,35,5,30,en,FPS-KA-DAV-0005
RC-KA-003946,Meena Kulkarni,PHH,8,40,35,5,kn,FPS-KA-DAV-0006
RC-KA-003947,Rekha Kumar,PHH,3,15,15,0,kn,FPS-KA-DAV-0007
RC-KA-003948,Prakash Reddy,PHH,3,15,5,10,kn,FPS-KA-DAV-0008
RC-KA-003949,Pooja Hegde,PHH,8,40,0,40,hi,FPS-KA-DAV-0009
RC-KA-003950,Ravi Poojary,PHH,1,5,5,0,kn,FPS-KA-DAV-0010
RC-KA-003951,Divya Nayak,PHH,4,20,10,10,kn,FPS-KA-DAV-0011
RC-KA-003952,Kiran Kulkarni,PHH,1,5,5,0,hi,FPS-KA-DAV-0012
RC-KA-003953,Aditi Patil,PHH,6,30,25,5,kn,FPS-KA-DAV-0013
RC-KA-003954,Pooja Shetty,PHH,2,10,0,10,kn,FPS-KA-DAV-0014
RC-KA-003955,Divya Shetty,PHH,6,30,30,0,kn,FPS-KA-DAV-0015
RC-KA-003956,Chetan Shetty,PHH,7,35,35,0,kn,FPS-KA-DAV-0016
RC-KA-003957,Ganesh Shetty,PHH,6,30,30,0,hi,FPS-KA-DAV-0017
RC-KA-003958,Sanjay Sharma,PHH,4,20,5,15,kn,FPS-KA-DAV-0018
RC-KA-003959,Deepa Kumar,PHH,5,25,15,10,hi,FPS-KA-DAV-0019
RC-KA-003960,Vijay Sharma,PHH,4,20,20,0,en,FPS-KA-DAV-0020
RC-KA-003961,Divya Gowda,PHH,2,10,5,5,kn,FPS-KA-DHA-0001
RC-KA-003962,Harish Bhat,PHH,6,30,5,25,kn,FPS-KA-DHA-0002
RC-KA-003963,Harish Kulkarni,PHH,8,40,10,30,en,FPS-KA-DHA-0003
RC-KA-003964,Prakash Reddy,PHH,3,15,5,10,kn,FPS-KA-DHA-0004
RC-KA-003965,Shankar Poojary,PHH,4,20,10,10,kn,FPS-KA-DHA-0005
RC-KA-003966,Naveen Gowda,PHH,6,30,0,30,kn,FPS-KA-DHA-0006
RC-KA-003967,Rahul Desai,PHH,7,35,25,10,kn,FPS-KA-DHA-0007
RC-KA-003968,Pooja Hegde,PHH,5,25,15,10,en,FPS-KA-DHA-0008
RC-KA-003969,Shalini Poojary,PHH,1,5,5,0,hi,FPS-KA-DHA-0009
RC-KA-003970,Chetan Naik,PHH,5,25,10,15,kn,FPS-KA-DHA-0010
RC-KA-003971,Sneha Sharma,PHH,2,10,10,0,en,FPS-KA-DHA-0011
RC-KA-003972,Priya Desai,PHH,2,10,0,10,en,FPS-KA-DHA-0012
RC-KA-003973,Sneha Bhat,PHH,3,15,0,15,kn,FPS-KA-DHA-0013
RC-KA-003974,Shankar Patil,PHH,6,30,20,10,kn,FPS-KA-DHA-0014
RC-KA-003975,Ganesh Gowda,PHH,2,10,5,5,kn,FPS-KA-DHA-0015
RC-KA-003976,Harish Kumar,PHH,6,30,10,20,kn,FPS-KA-DHA-0016
RC-KA-003977,Sanjay Shetty,PHH,6,30,5,25,kn,FPS-KA-DHA-0017
RC-KA-003978,Sneha Kulkarni,PHH,6,30,20,10,en,FPS-KA-DHA-0018
RC-KA-003979,Shankar Kulkarni,PHH,8,40,40,0,kn,FPS-KA-DHA-0019
RC-KA-003980,Priya Naik,PHH,8,40,25,15,kn,FPS-KA-DHA-0020
RC-KA-003981,Shalini Rao,PHH,3,15,0,15,kn,FPS-KA-GAD-0001
RC-KA-003982,Bhavana Desai,PHH,2,10,0,10,hi,FPS-KA-GAD-0002
RC-KA-003983,Naveen Desai,PHH,7,35,5,30,kn,FPS-KA-GAD-0003
RC-KA-003984,Aarav Naik,PHH,1,5,0,5,hi,FPS-KA-GAD-0004
RC-KA-003985,Naveen Joshi,PHH,6,30,5,25,kn,FPS-KA-GAD-0005
RC-KA-003986,Arjun Nayak,PHH,6,30,15,15,kn,FPS-KA-GAD-0006
RC-KA-003987,Shankar Rao,PHH,6,30,20,10,hi,FPS-KA-GAD-0007
RC-KA-003988,Harish Kumar,PHH,7,35,30,5,kn,FPS-KA-GAD-0008
RC-KA-003989,Divya Naik,PHH,7,35,35,0,kn,FPS-KA-GAD-0009
RC-KA-003990,Harish Joshi,PHH,3,15,5,10,kn,FPS-KA-GAD-0010
RC-KA-003991,Divya Joshi,PHH,6,30,25,5,en,FPS-KA-GAD-0011
RC-KA-003992,Kavya Rao,PHH,6,30,25,5,kn,FPS-KA-GAD-0012
RC-KA-003993,Priya Naik,PHH,6,30,30,0,hi,FPS-KA-GAD-0013
RC-KA-003994,Priya Nayak,PHH,3,15,5,10,kn,FPS-KA-GAD-0014
RC-KA-003995,Lakshmi Hegde,PHH,2,10,0,10,hi,FPS-KA-GAD-0015
RC-KA-003996,Aarav Nayak,PHH,1,5,0,5,en,FPS-KA-GAD-0016
RC-KA-003997,Ganesh Hegde,PHH,1,5,0,5,kn,FPS-KA-GAD-0017
RC-KA-003998,Deepa Gowda,PHH,4,20,20,0,kn,FPS-KA-GAD-0018
RC-KA-003999,Sneha Nayak,PHH,4,20,5,15,kn,FPS-KA-GAD-0019
RC-KA-004000,Akash Reddy,PHH,2,10,5,5,en,FPS-KA-GAD-0020
RC-KA-004001,Aditi Joshi,PHH,1,5,5,0,kn,FPS-KA-HAS-0001
RC-KA-004002,Bhavana Poojary,PHH,4,20,15,5,kn,FPS-KA-HAS-0002
RC-KA-004003,Suresh Joshi,PHH,2,10,5,5,kn,FPS-KA-HAS-0003
RC-KA-004004,Rekha Desai,PHH,7,35,30,5,kn,FPS-KA-HAS-0004
RC-KA-004005,Rekha Nayak,PHH,3,15,15,0,en,FPS-KA-HAS-0005
RC-KA-004006,Rahul Rao,PHH,4,20,15,5,kn,FPS-KA-HAS-0006
RC-KA-004007,Arjun Bhat,PHH,8,40,20,20,kn,FPS-KA-HAS-0007
RC-KA-004008,Naveen Bhat,PHH,1,5,0,5,kn,FPS-KA-HAS-0008
RC-KA-004009,Akash Joshi,PHH,3,15,10,5,kn,FPS-KA-HAS-0009
RC-KA-004010,Shankar Kumar,PHH,4,20,5,15,hi,FPS-KA-HAS-0010
RC-KA-004011,Sneha Gowda,PHH,2,10,10,0,kn,FPS-KA-HAS-0011
RC-KA-004012,Swathi Kumar,PHH,3,15,5,10,kn,FPS-KA-HAS-0012
RC-KA-004013,Aditi Kulkarni,PHH,1,5,5,0,kn,FPS-KA-HAS-0013
RC-KA-004014,Lakshmi Naik,PHH,1,5,0,5,kn,FPS-KA-HAS-0014
RC-KA-004015,Pooja Desai,PHH,8,40,10,30,kn,FPS-KA-HAS-0015
RC-KA-004016,Shalini Desai,PHH,6,30,0,30,kn,FPS-KA-HAS-0016
RC-KA-004017,Bhavana Rao,PHH,7,35,5,30,kn,FPS-KA-HAS-0017
RC-KA-004018,Harish Naik,PHH,3,15,10,5,kn,FPS-KA-HAS-0018
RC-KA-004019,Meena Shetty,PHH,6,30,20,10,kn,FPS-KA-HAS-0019
RC-KA-004020,Aditi Hegde,PHH,7,35,10,25,en,FPS-KA-HAS-0020
RC-KA-004021,Shalini Kumar,PHH,3,15,0,15,kn,FPS-KA-HAV-0001
RC-KA-004022,Pooja Reddy,PHH,8,40,30,10,en,FPS-KA-HAV-0002
RC-KA-004023,Suresh Shetty,PHH,2,10,5,5,kn,FPS-KA-HAV-0003
RC-KA-004024,Bhavana Gowda,PHH,8,40,5,35,kn,FPS-KA-HAV-0004
RC-KA-004025,Shankar Bhat,PHH,8,40,15,25,kn,FPS-KA-HAV-0005
RC-KA-004026,Bhavana Kumar,PHH,4,20,20,0,kn,FPS-KA-HAV-0006
RC-KA-004027,Arjun Sharma,PHH,1,5,5,0,kn,FPS-KA-HAV-0007
RC-KA-004028,Ananya Bhat,PHH,4,20,15,5,en,FPS-KA-HAV-0008
RC-KA-004029,Prakash Gowda,PHH,7,35,25,10,kn,FPS-KA-HAV-0009
RC-KA-004030,Arjun Reddy,PHH,5,25,5,20,kn,FPS-KA-HAV-0010
RC-KA-004031,Rekha Reddy,PHH,3,15,10,5,kn,FPS-KA-HAV-0011
RC-KA-004032,Ganesh Naik,PHH,4,20,10,10,kn,FPS-KA-HAV-0012
RC-KA-004033,Rahul Desai,PHH,7,35,5,30,kn,FPS-KA-HAV-0013
RC-KA-004034,Kiran Naik,PHH,8,40,15,25,kn,FPS-KA-HAV-0014
RC-KA-004035,Divya Kumar,PHH,4,20,0,20,kn,FPS-KA-HAV-0015
RC-KA-004036,Shalini Desai,PHH,5,25,20,5,hi,FPS-KA-HAV-0016
RC-KA-004037,Priya Kumar,PHH,2,10,0,10,en,FPS-KA-HAV-0017
RC-KA-004038,Bhavana Desai,PHH,8,40,0,40,kn,FPS-KA-HAV-0018
RC-KA-004039,Deepa Poojary,PHH,2,10,0,10,kn,FPS-KA-HAV-0019
RC-KA-004040,Sanjay Gowda,PHH,8,40,40,0,en,FPS-KA-HAV-0020
RC-KA-004041,Sneha Hegde,PHH,4,20,15,5,hi,FPS-KA-KAL-0001
RC-KA-004042,Aarav Rao,PHH,3,15,5,10,kn,FPS-KA-KAL-0002
RC-KA-004043,Kiran Bhat,PHH,2,10,0,10,hi,FPS-KA-KAL-0003
RC-KA-004044,Swathi Patil,PHH,1,5,0,5,kn,FPS-KA-KAL-0004
RC-KA-004045,Shankar Poojary,PHH,5,25,20,5,kn,FPS-KA-KAL-0005
RC-KA-004046,Suresh Sharma,PHH,8,40,40,0,kn,FPS-KA-KAL-0006
RC-KA-004047,Rekha Bhat,PHH,8,40,25,15,kn,FPS-KA-KAL-0007
RC-KA-004048,Bhavana Reddy,PHH,6,30,25,5,kn,FPS-KA-KAL-0008
RC-KA-004049,Vijay Rao,PHH,7,35,0,35,hi,FPS-KA-KAL-0009
RC-KA-004050,Ganesh Reddy,PHH,1,5,0,5,kn,FPS-KA-KAL-0010
RC-KA-004051,Suresh Rao,PHH,7,35,5,30,hi,FPS-KA-KAL-0011
RC-KA-004052,Kavya Kumar,PHH,6,30,0,30,kn,FPS-KA-KAL-0012
RC-KA-004053,Prakash Nayak,PHH,3,15,5,10,en,FPS-KA-KAL-0013
RC-KA-004054,Rahul Sharma,PHH,2,10,0,10,hi,FPS-KA-KAL-0014
RC-KA-004055,Akash Naik,PHH,3,15,10,5,kn,FPS-KA-KAL-0015
RC-KA-004056,Suresh Bhat,PHH,4,20,15,5,kn,FPS-KA-KAL-0016
RC-KA-004057,Chetan Nayak,PHH,4,20,0,20,kn,FPS-KA-KAL-0017
RC-KA-004058,Akash Reddy,PHH,1,5,5,0,en,FPS-KA-KAL-0018
RC-KA-004059,Ananya Shetty,PHH,8,40,5,35,kn,FPS-KA-KAL-0019
RC-KA-004060,Sanjay Shetty,PHH,7,35,0,35,kn,FPS-KA-KAL-0020
RC-KA-004061,Suresh Poojary,PHH,2,10,0,10,kn,FPS-KA-KOD-0001
RC-KA-004062,Ravi Shetty,PHH,8,40,30,10,kn,FPS-KA-KOD-0002
RC-KA-004063,Sanjay Poojary,PHH,1,5,0,5,kn,FPS-KA-KOD-0003
RC-KA-004064,Kiran Gowda,PHH,2,10,0,10,kn,FPS-KA-KOD-0004
RC-KA-004065,Priya Bhat,PHH,3,15,5,10,kn,FPS-KA-KOD-0005
RC-KA-004066,Harish Poojary,PHH,1,5,5,0,kn,FPS-KA-KOD-0006
RC-KA-004067,Priya Bhat,PHH,8,40,15,25,kn,FPS-KA-KOD-0007
RC-KA-004068,Chetan Kulkarni,PHH,4,20,0,20,kn,FPS-KA-KOD-0008
RC-KA-004069,Aarav Poojary,PHH,7,35,25,10,kn,FPS-KA-KOD-0009
RC-KA-004070,Ravi Rao,PHH,3,15,15,0,kn,FPS-KA-KOD-0010
RC-KA-004071,Shalini Rao,PHH,5,25,20,5,kn,FPS-KA-KOD-0011
RC-KA-004072,Ganesh Patil,PHH,5,25,5,20,kn,FPS-KA-KOD-0012
RC-KA-004073,Suresh Patil,PHH,7,35,10,25,en,FPS-KA-KOD-0013
RC-KA-004074,Ganesh Kulkarni,PHH,6,30,5,25,kn,FPS-KA-KOD-0014
RC-KA-004075,Prakash Reddy,PHH,3,15,0,15,hi,FPS-KA-KOD-0015
RC-KA-004076,Sneha Rao,PHH,6,30,10,20,hi,FPS-KA-KOD-0016
RC-KA-004077,Aarav Rao,PHH,2,10,10,0,hi,FPS-KA-KOD-0017
RC-KA-004078,Arjun Rao,PHH,4,20,20,0,kn,FPS-KA-KOD-0018
RC-KA-004079,Deepa Desai,PHH,8,40,0,40,hi,FPS-KA-KOD-0019
RC-KA-004080,Lakshmi Nayak,PHH,2,10,0,10,kn,FPS-KA-KOD-0020
RC-KA-004081,Kavya Kulkarni,PHH,6,30,20,10,kn,FPS-KA-KOL-0001
RC-KA-004082,Aarav Naik,PHH,5,25,5,20,kn,FPS-KA-KOL-0002
RC-KA-004083,Aarav Shetty,PHH,2,10,10,0,hi,FPS-KA-KOL-0003
RC-KA-004084,Kavya Sharma,PHH,8,40,0,40,kn,FPS-KA-KOL-0004
RC-KA-004085,Meena Naik,PHH,3,15,15,0,kn,FPS-KA-KOL-0005
RC-KA-004086,Aditi Desai,PHH,1,5,0,5,kn,FPS-KA-KOL-0006
RC-KA-004087,Prakash Patil,PHH,2,10,5,5,kn,FPS-KA-KOL-0007
RC-KA-004088,Suresh Naik,PHH,7,35,15,20,kn,FPS-KA-KOL-0008
RC-KA-004089,Suresh Shetty,PHH,2,10,5,5,kn,FPS-KA-KOL-0009
RC-KA-004090,Suresh Naik,PHH,1,5,0,5,hi,FPS-KA-KOL-0010
RC-KA-004091,Aarav Sharma,PHH,1,5,0,5,kn,FPS-KA-KOL-0011
RC-KA-004092,Prakash Nayak,PHH,6,30,15,15,en,FPS-KA-KOL-0012
RC-KA-004093,Shankar Naik,PHH,8,40,25,15,kn,FPS-KA-KOL-0013
RC-KA-004094,Ravi Rao,PHH,2,10,5,5,kn,FPS-KA-KOL-0014
RC-KA-004095,Sneha Shetty,PHH,6,30,10,20,kn,FPS-KA-KOL-0015
RC-KA-004096,Ananya Shetty,PHH,4,20,10,10,kn,FPS-KA-KOL-0016
RC-KA-004097,Ananya Patil,PHH,5,25,15,10,kn,FPS-KA-KOL-0017
RC-KA-004098,Naveen Gowda,PHH,1,5,0,5,hi,FPS-KA-KOL-0018
RC-KA-004099,Vijay Bhat,PHH,1,5,0,5,kn,FPS-KA-KOL-0019
RC-KA-004100,Kiran Naik,PHH,7,35,15,20,kn,FPS-KA-KOL-0020
RC-KA-004101,Naveen Patil,PHH,2,10,5,5,kn,FPS-KA-KOP-0001
RC-KA-004102,Ravi Hegde,PHH,1,5,0,5,hi,FPS-KA-KOP-0002
RC-KA-004103,Aarav Kumar,PHH,8,40,5,35,kn,FPS-KA-KOP-0003
RC-KA-004104,Manoj Gowda,PHH,2,10,5,5,hi,FPS-KA-KOP-0004
RC-KA-004105,Manoj Gowda,PHH,4,20,20,0,kn,FPS-KA-KOP-0005
RC-KA-004106,Deepa Hegde,PHH,4,20,0,20,kn,FPS-KA-KOP-0006
RC-KA-004107,Ganesh Hegde,PHH,2,10,0,10,hi,FPS-KA-KOP-0007
RC-KA-004108,Shankar Kulkarni,PHH,5,25,15,10,kn,FPS-KA-KOP-0008
RC-KA-004109,Aarav Patil,PHH,3,15,0,15,hi,FPS-KA-KOP-0009
RC-KA-004110,Suresh Joshi,PHH,7,35,10,25,kn,FPS-KA-KOP-0010
RC-KA-004111,Lakshmi Sharma,PHH,6,30,15,15,kn,FPS-KA-KOP-0011
RC-KA-004112,Ananya Joshi,PHH,5,25,15,10,kn,FPS-KA-KOP-0012
RC-KA-004113,Ravi Rao,PHH,1,5,5,0,kn,FPS-KA-KOP-0013
RC-KA-004114,Sneha Rao,PHH,4,20,20,0,kn,FPS-KA-KOP-0014
RC-KA-004115,Swathi Kulkarni,PHH,8,40,20,20,hi,FPS-KA-KOP-0015
RC-KA-004116,Prakash Gowda,PHH,7,35,10,25,kn,FPS-KA-KOP-0016
RC-KA-004117,Meena Patil,PHH,4,20,5,15,kn,FPS-KA-KOP-0017
RC-KA-004118,Kiran Kulkarni,PHH,1,5,0,5,en,FPS-KA-KOP-0018
RC-KA-004119,Harish Poojary,PHH,7,35,5,30,kn,FPS-KA-KOP-0019
RC-KA-004120,Aditi Desai,PHH,1,5,0,5,hi,FPS-KA-KOP-0020
RC-KA-004121,Divya Patil,PHH,8,40,35,5,kn,FPS-KA-MAN-0001
RC-KA-004122,Pooja Rao,PHH,1,5,5,0,kn,FPS-KA-MAN-0002
RC-KA-004123,Rekha Kumar,PHH,2,10,10,0,kn,FPS-KA-MAN-0003
RC-KA-004124,Deepa Poojary,PHH,5,25,20,5,kn,FPS-KA-MAN-0004
RC-KA-004125,Aditi Naik,PHH,2,10,5,5,hi,FPS-KA-MAN-0005
RC-KA-004126,Priya Kumar,PHH,1,5,5,0,kn,FPS-KA-MAN-0006
RC-KA-004127,Naveen Desai,PHH,8,40,30,10,hi,FPS-KA-MAN-0007
RC-KA-004128,Prakash Desai,PHH,4,20,0,20,kn,FPS-KA-MAN-0008
RC-KA-004129,Pooja Bhat,PHH,2,10,5,5,kn,FPS-KA-MAN-0009
RC-KA-004130,Kiran Gowda,PHH,5,25,0,25,kn,FPS-KA-MAN-0010
RC-KA-004131,Aditi Desai,PHH,3,15,5,10,kn,FPS-KA-MAN-0011
RC-KA-004132,Sneha Shetty,PHH,8,40,20,20,kn,FPS-KA-MAN-0012
RC-KA-004133,Sanjay Bhat,PHH,6,30,15,15,kn,FPS-KA-MAN-0013
RC-KA-004134,Ananya Sharma,PHH,5,25,20,5,kn,FPS-KA-MAN-0014
RC-KA-004135,Sneha Nayak,PHH,8,40,0,40,kn,FPS-KA-MAN-0015
RC-KA-004136,Suresh Poojary,PHH,5,25,5,20,en,FPS-KA-MAN-0016
RC-KA-004137,Aditi Joshi,PHH,3,15,0,15,kn,FPS-KA-MAN-0017
RC-KA-004138,Ananya Gowda,PHH,8,40,40,0,hi,FPS-KA-MAN-0018
RC-KA-004139,Ravi Poojary,PHH,7,35,0,35,hi,FPS-KA-MAN-0019
RC-KA-004140,Vijay Nayak,PHH,1,5,5,0,kn,FPS-KA-MAN-0020
RC-KA-004141,Rekha Rao,PHH,2,10,0,10,kn,FPS-KA-MYS-0001
RC-KA-004142,Akash Desai,PHH,8,40,10,30,en,FPS-KA-MYS-0002
RC-KA-004143,Naveen Patil,PHH,1,5,5,0,en,FPS-KA-MYS-0003
RC-KA-004144,Swathi Naik,PHH,2,10,10,0,en,FPS-KA-MYS-0004
RC-KA-004145,Shalini Gowda,PHH,5,25,20,5,kn,FPS-KA-MYS-0005
RC-KA-004146,Sanjay Nayak,PHH,8,40,25,15,kn,FPS-KA-MYS-0006
RC-KA-004147,Naveen Hegde,PHH,4,20,20,0,en,FPS-KA-MYS-0007
RC-KA-004148,Aditi Rao,PHH,8,40,0,40,kn,FPS-KA-MYS-0008
RC-KA-004149,Lakshmi Desai,PHH,1,5,5,0,kn,FPS-KA-MYS-0009
RC-KA-004150,Sneha Kumar,PHH,6,30,15,15,kn,FPS-KA-MYS-0010
RC-KA-004151,Akash Naik,PHH,3,15,5,10,kn,FPS-KA-MYS-0011
RC-KA-004152,Ravi Gowda,PHH,7,35,5,30,hi,FPS-KA-MYS-0012
RC-KA-004153,Prakash Naik,PHH,3,15,15,0,kn,FPS-KA-MYS-0013
RC-KA-004154,Naveen Shetty,PHH,3,15,15,0,kn,FPS-KA-MYS-0014
RC-KA-004155,Ravi Nayak,PHH,8,40,30,10,kn,FPS-KA-MYS-0015
RC-KA-004156,Prakash Hegde,PHH,8,40,0,40,kn,FPS-KA-MYS-0016
RC-KA-004157,Shankar Gowda,PHH,4,20,0,20,kn,FPS-KA-MYS-0017
RC-KA-004158,Aditi Desai,PHH,7,35,5,30,kn,FPS-KA-MYS-0018
RC-KA-004159,Ravi Nayak,PHH,4,20,5,15,kn,FPS-KA-MYS-0019
RC-KA-004160,Kavya Gowda,PHH,4,20,10,10,hi,FPS-KA-MYS-0020
RC-KA-004161,Rahul Patil,PHH,8,40,30,10,kn,FPS-KA-RAI-0001
RC-KA-004162,Kiran Kulkarni,PHH,7,35,20,15,hi,FPS-KA-RAI-0002
RC-KA-004163,Lakshmi Patil,PHH,4,20,10,10,en,FPS-KA-RAI-0003
RC-KA-004164,Arjun Gowda,PHH,5,25,15,10,kn,FPS-KA-RAI-0004
RC-KA-004165,Harish Gowda,PHH,8,40,0,40,kn,FPS-KA-RAI-0005
RC-KA-004166,Vijay Hegde,PHH,7,35,10,25,kn,FPS-KA-RAI-0006
RC-KA-004167,Pooja Shetty,PHH,4,20,15,5,kn,FPS-KA-RAI-0007
RC-KA-004168,Kiran Joshi,PHH,1,5,0,5,kn,FPS-KA-RAI-0008
RC-KA-004169,Lakshmi Shetty,PHH,4,20,20,0,kn,FPS-KA-RAI-0009
RC-KA-004170,Shalini Joshi,PHH,5,25,15,10,kn,FPS-KA-RAI-0010
RC-KA-004171,Priya Kumar,PHH,8,40,5,35,kn,FPS-KA-RAI-0011
RC-KA-004172,Chetan Kumar,PHH,2,10,0,10,kn,FPS-KA-RAI-0012
RC-KA-004173,Sanjay Reddy,PHH,2,10,10,0,en,FPS-KA-RAI-0013
RC-KA-004174,Priya Poojary,PHH,6,30,25,5,hi,FPS-KA-RAI-0014
RC-KA-004175,Ananya Reddy,PHH,3,15,5,10,hi,FPS-KA-RAI-0015
RC-KA-004176,Swathi Patil,PHH,4,20,15,5,hi,FPS-KA-RAI-0016
RC-KA-004177,Aditi Nayak,PHH,6,30,5,25,en,FPS-KA-RAI-0017
RC-KA-004178,Ananya Kulkarni,PHH,5,25,10,15,kn,FPS-KA-RAI-0018
RC-KA-004179,Aarav Nayak,PHH,6,30,30,0,hi,FPS-KA-RAI-0019
RC-KA-004180,Divya Rao,PHH,3,15,10,5,en,FPS-KA-RAI-0020
RC-KA-004181,Ananya Sharma,PHH,5,25,15,10,kn,FPS-KA-RAM-0001
RC-KA-004182,Aditi Kumar,PHH,2,10,5,5,kn,FPS-KA-RAM-0002
RC-KA-004183,Shankar Sharma,PHH,4,20,10,10,kn,FPS-KA-RAM-0003
RC-KA-004184,Meena Rao,PHH,7,35,30,5,hi,FPS-KA-RAM-0004
RC-KA-004185,Arjun Bhat,PHH,8,40,5,35,hi,FPS-KA-RAM-0005
RC-KA-004186,Shalini Joshi,PHH,5,25,20,5,kn,FPS-KA-RAM-0006
RC-KA-004187,Manoj Kumar,PHH,1,5,0,5,en,FPS-KA-RAM-0007
RC-KA-004188,Manoj Naik,PHH,3,15,0,15,kn,FPS-KA-RAM-0008
RC-KA-004189,Sneha Hegde,PHH,7,35,5,30,hi,FPS-KA-RAM-0009
RC-KA-004190,Divya Joshi,PHH,3,15,15,0,kn,FPS-KA-RAM-0010
RC-KA-004191,Prakash Kulkarni,PHH,7,35,15,20,kn,FPS-KA-RAM-0011
RC-KA-004192,Kiran Sharma,PHH,8,40,20,20,en,FPS-KA-RAM-0012
RC-KA-004193,Akash Hegde,PHH,5,25,25,0,en,FPS-KA-RAM-0013
RC-KA-004194,Harish Rao,PHH,6,30,20,10,kn,FPS-KA-RAM-0014
RC-KA-004195,Arjun Bhat,PHH,1,5,0,5,kn,FPS-KA-RAM-0015
RC-KA-004196,Shalini Desai,PHH,3,15,0,15,hi,FPS-KA-RAM-0016
RC-KA-004197,Kiran Nayak,PHH,6,30,5,25,kn,FPS-KA-RAM-0017
RC-KA-004198,Meena Gowda,PHH,1,5,5,0,kn,FPS-KA-RAM-0018
RC-KA-004199,Priya Joshi,PHH,7,35,0,35,kn,FPS-KA-RAM-0019
RC-KA-004200,Deepa Kulkarni,PHH,7,35,15,20,kn,FPS-KA-RAM-0020
RC-KA-004201,Divya Hegde,PHH,3,15,0,15,kn,FPS-KA-SHI-0001
RC-KA-004202,Meena Patil,PHH,6,30,20,10,kn,FPS-KA-SHI-0002
RC-KA-004203,Rahul Sharma,PHH,1,5,0,5,kn,FPS-KA-SHI-0003
RC-KA-004204,Prakash Naik,PHH,5,25,5,20,kn,FPS-KA-SHI-0004
RC-KA-004205,Kiran Kulkarni,PHH,3,15,0,15,kn,FPS-KA-SHI-0005
RC-KA-004206,Priya Kulkarni,PHH,5,25,25,0,en,FPS-KA-SHI-0006
RC-KA-004207,Harish Rao,PHH,7,35,35,0,kn,FPS-KA-SHI-0007
RC-KA-004208,Sneha Rao,PHH,7,35,20,15,kn,FPS-KA-SHI-0008
RC-KA-004209,Kavya Desai,PHH,5,25,10,15,kn,FPS-KA-SHI-0009
RC-KA-004210,Aarav Sharma,PHH,8,40,25,15,kn,FPS-KA-SHI-0010
RC-KA-004211,Deepa Reddy,PHH,8,40,20,20,hi,FPS-KA-SHI-0011
RC-KA-004212,Suresh Rao,PHH,1,5,5,0,kn,FPS-KA-SHI-0012
RC-KA-004213,Swathi Kulkarni,PHH,6,30,10,20,hi,FPS-KA-SHI-0013
RC-KA-004214,Harish Bhat,PHH,3,15,5,10,hi,FPS-KA-SHI-0014
RC-KA-004215,Rahul Hegde,PHH,5,25,0,25,kn,FPS-KA-SHI-0015
RC-KA-004216,Aarav Bhat,PHH,6,30,5,25,en,FPS-KA-SHI-0016
RC-KA-004217,Ananya Shetty,PHH,7,35,10,25,en,FPS-KA-SHI-0017
RC-KA-004218,Shalini Rao,PHH,3,15,10,5,kn,FPS-KA-SHI-0018
RC-KA-004219,Meena Bhat,PHH,8,40,30,10,en,FPS-KA-SHI-0019
RC-KA-004220,Shalini Hegde,PHH,8,40,20,20,kn,FPS-KA-SHI-0020
RC-KA-004221,Akash Shetty,PHH,2,10,5,5,kn,FPS-KA-TUM-0001
RC-KA-004222,Akash Hegde,PHH,5,25,25,0,en,FPS-KA-TUM-0002
RC-KA-004223,Rahul Kulkarni,PHH,5,25,20,5,hi,FPS-KA-TUM-0003
RC-KA-004224,Pooja Patil,PHH,1,5,0,5,hi,FPS-KA-TUM-0004
RC-KA-004225,Kiran Desai,PHH,2,10,5,5,kn,FPS-KA-TUM-0005
RC-KA-004226,Suresh Gowda,PHH,8,40,40,0,kn,FPS-KA-TUM-0006
RC-KA-004227,Shankar Nayak,PHH,3,15,10,5,kn,FPS-KA-TUM-0007
RC-KA-004228,Rekha Kulkarni,PHH,1,5,5,0,kn,FPS-KA-TUM-0008
RC-KA-004229,Lakshmi Gowda,PHH,5,25,5,20,kn,FPS-KA-TUM-0009
RC-KA-004230,Aditi Reddy,PHH,3,15,0,15,en,FPS-KA-TUM-0010
RC-KA-004231,Swathi Desai,PHH,5,25,5,20,hi,FPS-KA-TUM-0011
RC-KA-004232,Rekha Sharma,PHH,6,30,5,25,kn,FPS-KA-TUM-0012
RC-KA-004233,Kavya Kumar,PHH,7,35,0,35,kn,FPS-KA-TUM-0013
RC-KA-004234,Naveen Shetty,PHH,3,15,10,5,en,FPS-KA-TUM-0014
RC-KA-004235,Pooja Bhat,PHH,5,25,5,20,kn,FPS-KA-TUM-0015
RC-KA-004236,Divya Hegde,PHH,4,20,20,0,kn,FPS-KA-TUM-0016
RC-KA-004237,Lakshmi Naik,PHH,5,25,0,25,kn,FPS-KA-TUM-0017
RC-KA-004238,Rahul Desai,PHH,5,25,25,0,kn,FPS-KA-TUM-0018
RC-KA-004239,Chetan Kumar,PHH,6,30,25,5,kn,FPS-KA-TUM-0019
RC-KA-004240,Chetan Shetty,PHH,2,10,0,10,kn,FPS-KA-TUM-0020
RC-KA-004241,Priya Rao,PHH,8,40,20,20,hi,FPS-KA-UDP-0001
RC-KA-004242,Swathi Rao,PHH,8,40,5,35,kn,FPS-KA-UDP-0002
RC-KA-004243,Ganesh Poojary,PHH,7,35,15,20,kn,FPS-KA-UDP-0003
RC-KA-004244,Chetan Kumar,PHH,3,15,15,0,kn,FPS-KA-UDP-0004
RC-KA-004245,Swathi Desai,PHH,7,35,10,25,hi,FPS-KA-UDP-0005
RC-KA-004246,Pooja Patil,PHH,6,30,25,5,kn,FPS-KA-UDP-0006
RC-KA-004247,Deepa Kumar,PHH,2,10,10,0,hi,FPS-KA-UDP-0007
RC-KA-004248,Rahul Reddy,PHH,1,5,5,0,kn,FPS-KA-UDP-0008
RC-KA-004249,Shankar Reddy,PHH,1,5,5,0,kn,FPS-KA-UDP-0009
RC-KA-004250,Sneha Shetty,PHH,6,30,25,5,kn,FPS-KA-UDP-0010
RC-KA-004251,Harish Kumar,PHH,5,25,20,5,en,FPS-KA-UDP-0011
RC-KA-004252,Suresh Nayak,PHH,4,20,10,10,kn,FPS-KA-UDP-0012
RC-KA-004253,Suresh Kulkarni,PHH,2,10,10,0,kn,FPS-KA-UDP-0013
RC-KA-004254,Naveen Nayak,PHH,8,40,35,5,kn,FPS-KA-UDP-0014
RC-KA-004255,Bhavana Naik,PHH,2,10,5,5,kn,FPS-KA-UDP-0015
RC-KA-004256,Kavya Naik,PHH,5,25,10,15,en,FPS-KA-UDP-0016
RC-KA-004257,Pooja Reddy,PHH,5,25,15,10,kn,FPS-KA-UDP-0017
RC-KA-004258,Priya Sharma,PHH,6,30,25,5,kn,FPS-KA-UDP-0018
RC-KA-004259,Pooja Gowda,PHH,4,20,15,5,hi,FPS-KA-UDP-0019
RC-KA-004260,Priya Gowda,PHH,1,5,5,0,kn,FPS-KA-UDP-0020
RC-KA-004261,Naveen Poojary,PHH,3,15,15,0,en,FPS-KA-UK-0001
RC-KA-004262,Shankar Sharma,PHH,5,25,20,5,hi,FPS-KA-UK-0002
RC-KA-004263,Shalini Bhat,PHH,7,35,10,25,en,FPS-KA-UK-0003
RC-KA-004264,Harish Desai,PHH,1,5,5,0,en,FPS-KA-UK-0004
RC-KA-004265,Sneha Desai,PHH,3,15,15,0,kn,FPS-KA-UK-0005
RC-KA-004266,Aditi Rao,PHH,3,15,10,5,kn,FPS-KA-UK-0006
RC-KA-004267,Pooja Bhat,PHH,2,10,10,0,en,FPS-KA-UK-0007
RC-KA-004268,Arjun Nayak,PHH,7,35,20,15,kn,FPS-KA-UK-0008
RC-KA-004269,Prakash Desai,PHH,4,20,20,0,kn,FPS-KA-UK-0009
RC-KA-004270,Shankar Gowda,PHH,3,15,5,10,kn,FPS-KA-UK-0010
RC-KA-004271,Ravi Joshi,PHH,3,15,0,15,en,FPS-KA-UK-0011
RC-KA-004272,Sneha Shetty,PHH,8,40,0,40,kn,FPS-KA-UK-0012
RC-KA-004273,Naveen Nayak,PHH,4,20,5,15,kn,FPS-KA-UK-0013
RC-KA-004274,Ananya Patil,PHH,1,5,0,5,kn,FPS-KA-UK-0014
RC-KA-004275,Bhavana Nayak,PHH,2,10,0,10,kn,FPS-KA-UK-0015
RC-KA-004276,Naveen Kulkarni,PHH,1,5,0,5,kn,FPS-KA-UK-0016
RC-KA-004277,Aditi Nayak,PHH,8,40,30,10,kn,FPS-KA-UK-0017
RC-KA-004278,Ananya Patil,PHH,1,5,5,0,hi,FPS-KA-UK-0018
RC-KA-004279,Kiran Rao,PHH,2,10,5,5,kn,FPS-KA-UK-0019
RC-KA-004280,Sanjay Reddy,PHH,2,10,5,5,kn,FPS-KA-UK-0020
RC-KA-004281,Rahul Gowda,PHH,5,25,10,15,kn,FPS-KA-VIJ-0001
RC-KA-004282,Shankar Rao,PHH,1,5,5,0,kn,FPS-KA-VIJ-0002
RC-KA-004283,Lakshmi Kumar,PHH,3,15,5,10,kn,FPS-KA-VIJ-0003
RC-KA-004284,Ananya Patil,PHH,6,30,30,0,kn,FPS-KA-VIJ-0004
RC-KA-004285,Aarav Desai,PHH,1,5,0,5,hi,FPS-KA-VIJ-0005
RC-KA-004286,Sneha Kumar,PHH,7,35,10,25,kn,FPS-KA-VIJ-0006
RC-KA-004287,Prakash Kulkarni,PHH,5,25,10,15,en,FPS-KA-VIJ-0007
RC-KA-004288,Swathi Bhat,PHH,8,40,5,35,kn,FPS-KA-VIJ-0008
RC-KA-004289,Swathi Poojary,PHH,1,5,5,0,kn,FPS-KA-VIJ-0009
RC-KA-004290,Akash Patil,PHH,7,35,30,5,kn,FPS-KA-VIJ-0010
RC-KA-004291,Akash Bhat,PHH,7,35,25,10,kn,FPS-KA-VIJ-0011
RC-KA-004292,Deepa Naik,PHH,2,10,10,0,hi,FPS-KA-VIJ-0012
RC-KA-004293,Ananya Kulkarni,PHH,1,5,5,0,kn,FPS-KA-VIJ-0013
RC-KA-004294,Naveen Sharma,PHH,5,25,20,5,kn,FPS-KA-VIJ-0014
RC-KA-004295,Shalini Reddy,PHH,1,5,5,0,hi,FPS-KA-VIJ-0015
RC-KA-004296,Ganesh Joshi,PHH,7,35,30,5,kn,FPS-KA-VIJ-0016
RC-KA-004297,Prakash Sharma,PHH,3,15,15,0,kn,FPS-KA-VIJ-0017
RC-KA-004298,Manoj Rao,PHH,7,35,10,25,kn,FPS-KA-VIJ-0018
RC-KA-004299,Pooja Joshi,PHH,1,5,0,5,kn,FPS-KA-VIJ-0019
RC-KA-004300,Ravi Poojary,PHH,2,10,5,5,kn,FPS-KA-VIJ-0020
RC-KA-004301,Kavya Rao,PHH,8,40,5,35,kn,FPS-KA-VIG-0001
RC-KA-004302,Suresh Gowda,PHH,7,35,10,25,kn,FPS-KA-VIG-0002
RC-KA-004303,Priya Reddy,PHH,8,40,30,10,kn,FPS-KA-VIG-0003
RC-KA-004304,Arjun Kulkarni,PHH,3,15,0,15,en,FPS-KA-VIG-0004
RC-KA-004305,Rahul Joshi,PHH,6,30,15,15,hi,FPS-KA-VIG-0005
RC-KA-004306,Akash Joshi,PHH,3,15,15,0,kn,FPS-KA-VIG-0006
RC-KA-004307,Akash Rao,PHH,1,5,5,0,en,FPS-KA-VIG-0007
RC-KA-004308,Harish Gowda,PHH,8,40,25,15,kn,FPS-KA-VIG-0008
RC-KA-004309,Rekha Gowda,PHH,8,40,35,5,kn,FPS-KA-VIG-0009
RC-KA-004310,Priya Shetty,PHH,3,15,15,0,kn,FPS-KA-VIG-0010
RC-KA-004311,Shankar Kumar,PHH,2,10,0,10,kn,FPS-KA-VIG-0011
RC-KA-004312,Rekha Sharma,PHH,3,15,10,5,kn,FPS-KA-VIG-0012
RC-KA-004313,Bhavana Shetty,PHH,7,35,10,25,kn,FPS-KA-VIG-0013
RC-KA-004314,Prakash Gowda,PHH,3,15,15,0,kn,FPS-KA-VIG-0014
RC-KA-004315,Swathi Nayak,PHH,8,40,0,40,hi,FPS-KA-VIG-0015
RC-KA-004316,Divya Nayak,PHH,5,25,25,0,hi,FPS-KA-VIG-0016
RC-KA-004317,Kavya Poojary,PHH,3,15,0,15,hi,FPS-KA-VIG-0017
RC-KA-004318,Sneha Patil,PHH,5,25,10,15,kn,FPS-KA-VIG-0018
RC-KA-004319,Arjun Patil,PHH,6,30,15,15,hi,FPS-KA-VIG-0019
RC-KA-004320,Kavya Desai,PHH,3,15,5,10,hi,FPS-KA-VIG-0020
RC-KA-004321,Aditi Gowda,PHH,1,5,0,5,en,FPS-KA-YAD-0001
RC-KA-004322,Swathi Hegde,PHH,7,35,15,20,en,FPS-KA-YAD-0002
RC-KA-004323,Manoj Shetty,PHH,7,35,20,15,en,FPS-KA-YAD-0003
RC-KA-004324,Suresh Desai,PHH,4,20,5,15,kn,FPS-KA-YAD-0004
RC-KA-004325,Priya Hegde,PHH,3,15,5,10,en,FPS-KA-YAD-0005
RC-KA-004326,Meena Joshi,PHH,5,25,0,25,kn,FPS-KA-YAD-0006
RC-KA-004327,Rekha Desai,PHH,3,15,5,10,kn,FPS-KA-YAD-0007
RC-KA-004328,Lakshmi Gowda,PHH,4,20,0,20,kn,FPS-KA-YAD-0008
RC-KA-004329,Akash Patil,PHH,7,35,25,10,kn,FPS-KA-YAD-0009
RC-KA-004330,Shalini Patil,PHH,6,30,20,10,kn,FPS-KA-YAD-0010
RC-KA-004331,Aarav Sharma,PHH,2,10,0,10,kn,FPS-KA-YAD-0011
RC-KA-004332,Ananya Kumar,PHH,3,15,15,0,en,FPS-KA-YAD-0012
RC-KA-004333,Akash Bhat,PHH,2,10,5,5,kn,FPS-KA-YAD-0013
RC-KA-004334,Sneha Kumar,PHH,1,5,5,0,kn,FPS-KA-YAD-0014
RC-KA-004335,Arjun Reddy,PHH,8,40,0,40,hi,FPS-KA-YAD-0015
RC-KA-004336,Shankar Kulkarni,PHH,1,5,0,5,kn,FPS-KA-YAD-0016
RC-KA-004337,Meena Naik,PHH,6,30,25,5,kn,FPS-KA-YAD-0017
RC-KA-004338,Ganesh Joshi,PHH,2,10,10,0,kn,FPS-KA-YAD-0018
RC-KA-004339,Shankar Poojary,PHH,6,30,25,5,kn,FPS-KA-YAD-0019
RC-KA-004340,Pooja Sharma,PHH,3,15,15,0,kn,FPS-KA-YAD-0020
RC-KA-004341,Priya Naik,PHH,4,20,15,5,kn,FPS-KA-BAG-0001
RC-KA-004342,Lakshmi Kumar,PHH,5,25,15,10,hi,FPS-KA-BAG-0002
RC-KA-004343,Naveen Nayak,PHH,2,10,10,0,hi,FPS-KA-BAG-0003
RC-KA-004344,Ganesh Rao,PHH,3,15,15,0,kn,FPS-KA-BAG-0004
RC-KA-004345,Sanjay Rao,PHH,2,10,0,10,en,FPS-KA-BAG-0005
RC-KA-004346,Aditi Shetty,PHH,2,10,0,10,kn,FPS-KA-BAG-0006
RC-KA-004347,Priya Kulkarni,PHH,6,30,30,0,kn,FPS-KA-BAG-0007
RC-KA-004348,Swathi Naik,PHH,4,20,5,15,kn,FPS-KA-BAG-0008
RC-KA-004349,Naveen Rao,PHH,4,20,10,10,kn,FPS-KA-BAG-0009
RC-KA-004350,Arjun Kulkarni,PHH,4,20,10,10,en,FPS-KA-BAG-0010
RC-KA-004351,Pooja Kulkarni,PHH,1,5,5,0,en,FPS-KA-BAG-0011
RC-KA-004352,Prakash Joshi,PHH,1,5,5,0,kn,FPS-KA-BAG-0012
RC-KA-004353,Vijay Joshi,PHH,4,20,10,10,en,FPS-KA-BAG-0013
RC-KA-004354,Bhavana Hegde,PHH,4,20,20,0,kn,FPS-KA-BAG-0014
RC-KA-004355,Shankar Nayak,PHH,4,20,15,5,en,FPS-KA-BAG-0015
RC-KA-004356,Pooja Patil,PHH,5,25,15,10,en,FPS-KA-BAG-0016
RC-KA-004357,Sneha Desai,PHH,6,30,10,20,kn,FPS-KA-BAG-0017
RC-KA-004358,Kavya Desai,PHH,5,25,25,0,kn,FPS-KA-BAG-0018
RC-KA-004359,Kiran Shetty,PHH,6,30,10,20,kn,FPS-KA-BAG-0019
RC-KA-004360,Sneha Patil,PHH,4,20,20,0,kn,FPS-KA-BAG-0020
RC-KA-004361,Harish Gowda,PHH,1,5,5,0,en,FPS-KA-BAL-0001
RC-KA-004362,Ganesh Bhat,PHH,1,5,5,0,kn,FPS-KA-BAL-0002
RC-KA-004363,Ananya Gowda,PHH,1,5,0,5,en,FPS-KA-BAL-0003
RC-KA-004364,Kiran Gowda,PHH,2,10,5,5,hi,FPS-KA-BAL-0004
RC-KA-004365,Ganesh Bhat,PHH,1,5,0,5,kn,FPS-KA-BAL-0005
RC-KA-004366,Rekha Shetty,PHH,8,40,30,10,kn,FPS-KA-BAL-0006
RC-KA-004367,Priya Hegde,PHH,3,15,0,15,kn,FPS-KA-BAL-0007
RC-KA-004368,Vijay Naik,PHH,4,20,10,10,hi,FPS-KA-BAL-0008
RC-KA-004369,Aarav Nayak,PHH,2,10,10,0,kn,FPS-KA-BAL-0009
RC-KA-004370,Manoj Nayak,PHH,2,10,10,0,kn,FPS-KA-BAL-0010
RC-KA-004371,Prakash Hegde,PHH,6,30,30,0,hi,FPS-KA-BAL-0011
RC-KA-004372,Lakshmi Rao,PHH,1,5,0,5,kn,FPS-KA-BAL-0012
RC-KA-004373,Harish Reddy,PHH,1,5,0,5,kn,FPS-KA-BAL-0013
RC-KA-004374,Rahul Poojary,PHH,3,15,10,5,en,FPS-KA-BAL-0014
RC-KA-004375,Priya Hegde,PHH,5,25,15,10,kn,FPS-KA-BAL-0015
RC-KA-004376,Sneha Desai,PHH,1,5,5,0,kn,FPS-KA-BAL-0016
RC-KA-004377,Suresh Shetty,PHH,2,10,5,5,hi,FPS-KA-BAL-0017
RC-KA-004378,Kavya Bhat,PHH,8,40,40,0,kn,FPS-KA-BAL-0018
RC-KA-004379,Deepa Poojary,PHH,6,30,25,5,kn,FPS-KA-BAL-0019
RC-KA-004380,Kiran Naik,PHH,2,10,0,10,kn,FPS-KA-BAL-0020
RC-KA-004381,Aarav Reddy,PHH,4,20,10,10,hi,FPS-KA-BEL-0001
RC-KA-004382,Arjun Patil,PHH,2,10,0,10,kn,FPS-KA-BEL-0002
RC-KA-004383,Priya Bhat,PHH,4,20,15,5,kn,FPS-KA-BEL-0003
RC-KA-004384,Ganesh Poojary,PHH,5,25,0,25,kn,FPS-KA-BEL-0004
RC-KA-004385,Harish Nayak,PHH,2,10,0,10,en,FPS-KA-BEL-0005
RC-KA-004386,Shalini Reddy,PHH,3,15,10,5,kn,FPS-KA-BEL-0006
RC-KA-004387,Arjun Patil,PHH,6,30,25,5,kn,FPS-KA-BEL-0007
RC-KA-004388,Aditi Kulkarni,PHH,6,30,15,15,kn,FPS-KA-BEL-0008
RC-KA-004389,Kiran Sharma,PHH,8,40,0,40,kn,FPS-KA-BEL-0009
RC-KA-004390,Kiran Bhat,PHH,7,35,0,35,kn,FPS-KA-BEL-0010
RC-KA-004391,Shalini Bhat,PHH,8,40,35,5,kn,FPS-KA-BEL-0011
RC-KA-004392,Rekha Poojary,PHH,4,20,15,5,kn,FPS-KA-BEL-0012
RC-KA-004393,Prakash Kumar,PHH,3,15,5,10,kn,FPS-KA-BEL-0013
RC-KA-004394,Kavya Kumar,PHH,5,25,10,15,kn,FPS-KA-BEL-0014
RC-KA-004395,Meena Desai,PHH,4,20,0,20,kn,FPS-KA-BEL-0015
RC-KA-004396,Aarav Reddy,PHH,7,35,10,25,kn,FPS-KA-BEL-0016
RC-KA-004397,Akash Desai,PHH,3,15,10,5,hi,FPS-KA-BEL-0017
RC-KA-004398,Arjun Nayak,PHH,4,20,15,5,kn,FPS-KA-BEL-0018
RC-KA-004399,Manoj Joshi,PHH,7,35,10,25,kn,FPS-KA-BEL-0019
RC-KA-004400,Rahul Shetty,PHH,5,25,5,20,kn,FPS-KA-BEL-0020
RC-KA-004401,Ganesh Hegde,PHH,3,15,5,10,hi,FPS-KA-BLR-R-0001
RC-KA-004402,Shankar Patil,PHH,2,10,0,10,kn,FPS-KA-BLR-R-0002
RC-KA-004403,Aditi Hegde,PHH,1,5,5,0,hi,FPS-KA-BLR-R-0003
RC-KA-004404,Pooja Joshi,PHH,4,20,0,20,kn,FPS-KA-BLR-R-0004
RC-KA-004405,Arjun Nayak,PHH,7,35,20,15,kn,FPS-KA-BLR-R-0005
RC-KA-004406,Manoj Reddy,PHH,2,10,0,10,kn,FPS-KA-BLR-R-0006
RC-KA-004407,Ravi Hegde,PHH,3,15,0,15,kn,FPS-KA-BLR-R-0007
RC-KA-004408,Prakash Joshi,PHH,8,40,25,15,hi,FPS-KA-BLR-R-0008
RC-KA-004409,Suresh Shetty,PHH,8,40,25,15,en,FPS-KA-BLR-R-0009
RC-KA-004410,Prakash Rao,PHH,2,10,0,10,kn,FPS-KA-BLR-R-0010
RC-KA-004411,Aditi Reddy,PHH,7,35,20,15,kn,FPS-KA-BLR-R-0011
RC-KA-004412,Swathi Shetty,PHH,4,20,15,5,kn,FPS-KA-BLR-R-0012
RC-KA-004413,Kavya Joshi,PHH,1,5,0,5,kn,FPS-KA-BLR-R-0013
RC-KA-004414,Manoj Nayak,PHH,3,15,0,15,kn,FPS-KA-BLR-R-0014
RC-KA-004415,Manoj Gowda,PHH,1,5,0,5,kn,FPS-KA-BLR-R-0015
RC-KA-004416,Deepa Bhat,PHH,2,10,5,5,hi,FPS-KA-BLR-R-0016
RC-KA-004417,Rekha Shetty,PHH,1,5,0,5,kn,FPS-KA-BLR-R-0017
RC-KA-004418,Sanjay Poojary,PHH,2,10,10,0,hi,FPS-KA-BLR-R-0018
RC-KA-004419,Vijay Joshi,PHH,3,15,0,15,kn,FPS-KA-BLR-R-0019
RC-KA-004420,Meena Bhat,PHH,2,10,10,0,kn,FPS-KA-BLR-R-0020
RC-KA-004421,Lakshmi Gowda,PHH,1,5,5,0,kn,FPS-KA-BLR-U-0001
RC-KA-004422,Pooja Hegde,PHH,2,10,10,0,kn,FPS-KA-BLR-U-0002
RC-KA-004423,Sanjay Sharma,PHH,6,30,20,10,kn,FPS-KA-BLR-U-0003
RC-KA-004424,Rekha Desai,PHH,6,30,20,10,hi,FPS-KA-BLR-U-0004
RC-KA-004425,Naveen Patil,PHH,3,15,0,15,kn,FPS-KA-BLR-U-0005
RC-KA-004426,Meena Joshi,PHH,1,5,5,0,en,FPS-KA-BLR-U-0006
RC-KA-004427,Kiran Sharma,PHH,4,20,0,20,kn,FPS-KA-BLR-U-0007
RC-KA-004428,Shankar Joshi,PHH,3,15,15,0,en,FPS-KA-BLR-U-0008
RC-KA-004429,Ganesh Kumar,PHH,5,25,10,15,en,FPS-KA-BLR-U-0009
RC-KA-004430,Arjun Shetty,PHH,1,5,0,5,en,FPS-KA-BLR-U-0010
RC-KA-004431,Bhavana Joshi,PHH,8,40,10,30,kn,FPS-KA-BLR-U-0011
RC-KA-004432,Arjun Poojary,PHH,4,20,20,0,kn,FPS-KA-BLR-U-0012
RC-KA-004433,Arjun Patil,PHH,4,20,5,15,kn,FPS-KA-BLR-U-0013
RC-KA-004434,Meena Naik,PHH,5,25,0,25,kn,FPS-KA-BLR-U-0014
RC-KA-004435,Suresh Joshi,PHH,4,20,5,15,en,FPS-KA-BLR-U-0015
RC-KA-004436,Kavya Sharma,PHH,2,10,0,10,kn,FPS-KA-BLR-U-0016
RC-KA-004437,Sanjay Poojary,PHH,4,20,0,20,kn,FPS-KA-BLR-U-0017
RC-KA-004438,Chetan Patil,PHH,1,5,0,5,kn,FPS-KA-BLR-U-0018
RC-KA-004439,Deepa Kumar,PHH,5,25,25,0,kn,FPS-KA-BLR-U-0019
RC-KA-004440,Meena Hegde,PHH,3,15,5,10,hi,FPS-KA-BLR-U-0020
RC-KA-004441,Rekha Reddy,PHH,3,15,0,15,kn,FPS-KA-BID-0001
RC-KA-004442,Lakshmi Hegde,PHH,1,5,0,5,kn,FPS-KA-BID-0002
RC-KA-004443,Chetan Patil,PHH,1,5,5,0,kn,FPS-KA-BID-0003
RC-KA-004444,Priya Reddy,PHH,1,5,5,0,hi,FPS-KA-BID-0004
RC-KA-004445,Kiran Nayak,PHH,8,40,35,5,kn,FPS-KA-BID-0005
RC-KA-004446,Arjun Rao,PHH,2,10,10,0,kn,FPS-KA-BID-0006
RC-KA-004447,Bhavana Sharma,PHH,2,10,10,0,kn,FPS-KA-BID-0007
RC-KA-004448,Sneha Poojary,PHH,2,10,5,5,kn,FPS-KA-BID-0008
RC-KA-004449,Suresh Sharma,PHH,2,10,5,5,kn,FPS-KA-BID-0009
RC-KA-004450,Naveen Reddy,PHH,1,5,0,5,kn,FPS-KA-BID-0010
RC-KA-004451,Sneha Bhat,PHH,2,10,0,10,kn,FPS-KA-BID-0011
RC-KA-004452,Kiran Shetty,PHH,5,25,0,25,kn,FPS-KA-BID-0012
RC-KA-004453,Chetan Gowda,PHH,3,15,0,15,hi,FPS-KA-BID-0013
RC-KA-004454,Aditi Hegde,PHH,7,35,35,0,kn,FPS-KA-BID-0014
RC-KA-004455,Lakshmi Kumar,PHH,7,35,25,10,en,FPS-KA-BID-0015
RC-KA-004456,Swathi Nayak,PHH,7,35,35,0,en,FPS-KA-BID-0016
RC-KA-004457,Kiran Nayak,PHH,1,5,5,0,kn,FPS-KA-BID-0017
RC-KA-004458,Shankar Kulkarni,PHH,3,15,0,15,kn,FPS-KA-BID-0018
RC-KA-004459,Prakash Naik,PHH,6,30,10,20,kn,FPS-KA-BID-0019
RC-KA-004460,Manoj Kulkarni,PHH,5,25,10,15,kn,FPS-KA-BID-0020
RC-KA-004461,Priya Rao,PHH,7,35,15,20,kn,FPS-KA-CHA-0001
RC-KA-004462,Kavya Patil,PHH,4,20,5,15,kn,FPS-KA-CHA-0002
RC-KA-004463,Bhavana Desai,PHH,5,25,25,0,kn,FPS-KA-CHA-0003
RC-KA-004464,Kiran Shetty,PHH,4,20,5,15,hi,FPS-KA-CHA-0004
RC-KA-004465,Arjun Naik,PHH,7,35,5,30,kn,FPS-KA-CHA-0005
RC-KA-004466,Vijay Kumar,PHH,4,20,15,5,kn,FPS-KA-CHA-0006
RC-KA-004467,Harish Naik,PHH,6,30,25,5,kn,FPS-KA-CHA-0007
RC-KA-004468,Suresh Joshi,PHH,3,15,0,15,kn,FPS-KA-CHA-0008
RC-KA-004469,Priya Poojary,PHH,1,5,5,0,en,FPS-KA-CHA-0009
RC-KA-004470,Lakshmi Shetty,PHH,2,10,10,0,kn,FPS-KA-CHA-0010
RC-KA-004471,Rekha Gowda,PHH,4,20,10,10,en,FPS-KA-CHA-0011
RC-KA-004472,Pooja Hegde,PHH,7,35,20,15,kn,FPS-KA-CHA-0012
RC-KA-004473,Ganesh Desai,PHH,4,20,5,15,hi,FPS-KA-CHA-0013
RC-KA-004474,Kavya Joshi,PHH,3,15,10,5,kn,FPS-KA-CHA-0014
RC-KA-004475,Chetan Kumar,PHH,4,20,5,15,kn,FPS-KA-CHA-0015
RC-KA-004476,Rekha Kumar,PHH,1,5,0,5,kn,FPS-KA-CHA-0016
RC-KA-004477,Meena Kulkarni,PHH,6,30,30,0,kn,FPS-KA-CHA-0017
RC-KA-004478,Divya Hegde,PHH,1,5,5,0,en,FPS-KA-CHA-0018
RC-KA-004479,Prakash Poojary,PHH,8,40,30,10,en,FPS-KA-CHA-0019
RC-KA-004480,Manoj Kulkarni,PHH,5,25,15,10,kn,FPS-KA-CHA-0020
RC-KA-004481,Swathi Nayak,PHH,5,25,25,0,hi,FPS-KA-CHB-0001
RC-KA-004482,Deepa Kulkarni,PHH,6,30,5,25,kn,FPS-KA-CHB-0002
RC-KA-004483,Suresh Naik,PHH,6,30,20,10,kn,FPS-KA-CHB-0003
RC-KA-004484,Priya Rao,PHH,7,35,30,5,en,FPS-KA-CHB-0004
RC-KA-004485,Swathi Naik,PHH,7,35,5,30,kn,FPS-KA-CHB-0005
RC-KA-004486,Ganesh Hegde,PHH,3,15,0,15,kn,FPS-KA-CHB-0006
RC-KA-004487,Vijay Kumar,PHH,1,5,0,5,kn,FPS-KA-CHB-0007
RC-KA-004488,Harish Shetty,PHH,5,25,20,5,kn,FPS-KA-CHB-0008
RC-KA-004489,Kavya Sharma,PHH,7,35,10,25,kn,FPS-KA-CHB-0009
RC-KA-004490,Manoj Shetty,PHH,7,35,30,5,kn,FPS-KA-CHB-0010
RC-KA-004491,Suresh Naik,PHH,2,10,0,10,kn,FPS-KA-CHB-0011
RC-KA-004492,Rekha Sharma,PHH,3,15,5,10,kn,FPS-KA-CHB-0012
RC-KA-004493,Ananya Nayak,PHH,2,10,5,5,kn,FPS-KA-CHB-0013
RC-KA-004494,Divya Poojary,PHH,5,25,0,25,en,FPS-KA-CHB-0014
RC-KA-004495,Bhavana Kulkarni,PHH,4,20,5,15,hi,FPS-KA-CHB-0015
RC-KA-004496,Swathi Naik,PHH,2,10,5,5,hi,FPS-KA-CHB-0016
RC-KA-004497,Lakshmi Reddy,PHH,4,20,0,20,kn,FPS-KA-CHB-0017
RC-KA-004498,Vijay Poojary,PHH,8,40,15,25,kn,FPS-KA-CHB-0018
RC-KA-004499,Ravi Bhat,PHH,1,5,0,5,kn,FPS-KA-CHB-0019
RC-KA-004500,Sneha Hegde,PHH,2,10,5,5,en,FPS-KA-CHB-0020
RC-KA-004501,Akash Hegde,PHH,3,15,5,10,en,FPS-KA-CHK-0001
RC-KA-004502,Pooja Naik,PHH,8,40,5,35,en,FPS-KA-CHK-0002
RC-KA-004503,Sneha Poojary,PHH,6,30,5,25,kn,FPS-KA-CHK-0003
RC-KA-004504,Lakshmi Nayak,PHH,5,25,25,0,en,FPS-KA-CHK-0004
RC-KA-004505,Ravi Poojary,PHH,8,40,20,20,kn,FPS-KA-CHK-0005
RC-KA-004506,Chetan Poojary,PHH,8,40,0,40,kn,FPS-KA-CHK-0006
RC-KA-004507,Lakshmi Rao,PHH,3,15,0,15,kn,FPS-KA-CHK-0007
RC-KA-004508,Deepa Nayak,PHH,6,30,25,5,hi,FPS-KA-CHK-0008
RC-KA-004509,Prakash Kulkarni,PHH,8,40,35,5,kn,FPS-KA-CHK-0009
RC-KA-004510,Chetan Desai,PHH,7,35,25,10,kn,FPS-KA-CHK-0010
RC-KA-004511,Aditi Poojary,PHH,1,5,0,5,kn,FPS-KA-CHK-0011
RC-KA-004512,Sneha Desai,PHH,1,5,5,0,hi,FPS-KA-CHK-0012
RC-KA-004513,Kavya Hegde,PHH,2,10,0,10,en,FPS-KA-CHK-0013
RC-KA-004514,Arjun Desai,PHH,1,5,0,5,kn,FPS-KA-CHK-0014
RC-KA-004515,Bhavana Hegde,PHH,3,15,5,10,kn,FPS-KA-CHK-0015
RC-KA-004516,Aarav Sharma,PHH,8,40,15,25,kn,FPS-KA-CHK-0016
RC-KA-004517,Rekha Rao,PHH,5,25,5,20,en,FPS-KA-CHK-0017
RC-KA-004518,Naveen Rao,PHH,2,10,0,10,hi,FPS-KA-CHK-0018
RC-KA-004519,Vijay Patil,PHH,2,10,5,5,en,FPS-KA-CHK-0019
RC-KA-004520,Priya Hegde,PHH,4,20,0,20,kn,FPS-KA-CHK-0020
RC-KA-004521,Shalini Kulkarni,PHH,6,30,25,5,kn,FPS-KA-CHI-0001
RC-KA-004522,Bhavana Sharma,PHH,3,15,0,15,kn,FPS-KA-CHI-0002
RC-KA-004523,Sanjay Hegde,PHH,8,40,15,25,kn,FPS-KA-CHI-0003
RC-KA-004524,Ravi Poojary,PHH,6,30,30,0,en,FPS-KA-CHI-0004
RC-KA-004525,Arjun Poojary,PHH,4,20,5,15,kn,FPS-KA-CHI-0005
RC-KA-004526,Chetan Nayak,PHH,8,40,15,25,kn,FPS-KA-CHI-0006
RC-KA-004527,Suresh Desai,PHH,3,15,0,15,kn,FPS-KA-CHI-0007
RC-KA-004528,Deepa Kulkarni,PHH,4,20,10,10,kn,FPS-KA-CHI-0008
RC-KA-004529,Aditi Desai,PHH,7,35,5,30,kn,FPS-KA-CHI-0009
RC-KA-004530,Pooja Desai,PHH,7,35,5,30,en,FPS-KA-CHI-0010
RC-KA-004531,Meena Rao,PHH,1,5,0,5,kn,FPS-KA-CHI-0011
RC-KA-004532,Sneha Kumar,PHH,2,10,10,0,hi,FPS-KA-CHI-0012
RC-KA-004533,Aarav Desai,PHH,4,20,15,5,kn,FPS-KA-CHI-0013
RC-KA-004534,Kavya Poojary,PHH,2,10,0,10,kn,FPS-KA-CHI-0014
RC-KA-004535,Rahul Shetty,PHH,4,20,20,0,kn,FPS-KA-CHI-0015
RC-KA-004536,Sneha Poojary,PHH,2,10,5,5,kn,FPS-KA-CHI-0016
RC-KA-004537,Divya Rao,PHH,7,35,20,15,kn,FPS-KA-CHI-0017
RC-KA-004538,Manoj Rao,PHH,7,35,35,0,kn,FPS-KA-CHI-0018
RC-KA-004539,Chetan Bhat,PHH,5,25,5,20,kn,FPS-KA-CHI-0019
RC-KA-004540,Vijay Bhat,PHH,3,15,5,10,en,FPS-KA-CHI-0020
RC-KA-004541,Ganesh Naik,PHH,1,5,0,5,hi,FPS-KA-DK-0001
RC-KA-004542,Ravi Kumar,PHH,3,15,10,5,kn,FPS-KA-DK-0002
RC-KA-004543,Kavya Kulkarni,PHH,3,15,5,10,kn,FPS-KA-DK-0003
RC-KA-004544,Swathi Sharma,PHH,1,5,5,0,kn,FPS-KA-DK-0004
RC-KA-004545,Aditi Nayak,PHH,6,30,5,25,kn,FPS-KA-DK-0005
RC-KA-004546,Rahul Rao,PHH,7,35,15,20,hi,FPS-KA-DK-0006
RC-KA-004547,Rahul Gowda,PHH,8,40,15,25,kn,FPS-KA-DK-0007
RC-KA-004548,Shankar Desai,PHH,1,5,5,0,kn,FPS-KA-DK-0008
RC-KA-004549,Aarav Desai,PHH,5,25,0,25,hi,FPS-KA-DK-0009
RC-KA-004550,Ganesh Rao,PHH,6,30,5,25,en,FPS-KA-DK-0010
RC-KA-004551,Arjun Patil,PHH,2,10,10,0,kn,FPS-KA-DK-0011
RC-KA-004552,Bhavana Kulkarni,PHH,2,10,0,10,hi,FPS-KA-DK-0012
RC-KA-004553,Deepa Sharma,PHH,1,5,5,0,kn,FPS-KA-DK-0013
RC-KA-004554,Harish Bhat,PHH,8,40,25,15,kn,FPS-KA-DK-0014
RC-KA-004555,Harish Naik,PHH,5,25,15,10,kn,FPS-KA-DK-0015
RC-KA-004556,Ravi Gowda,PHH,2,10,0,10,en,FPS-KA-DK-0016
RC-KA-004557,Sanjay Naik,PHH,6,30,0,30,kn,FPS-KA-DK-0017
RC-KA-004558,Vijay Poojary,PHH,2,10,0,10,kn,FPS-KA-DK-0018
RC-KA-004559,Aarav Sharma,PHH,6,30,10,20,kn,FPS-KA-DK-0019
RC-KA-004560,Prakash Reddy,PHH,2,10,10,0,hi,FPS-KA-DK-0020
RC-KA-004561,Kavya Rao,PHH,6,30,15,15,kn,FPS-KA-DAV-0001
RC-KA-004562,Aarav Rao,PHH,3,15,0,15,kn,FPS-KA-DAV-0002
RC-KA-004563,Lakshmi Shetty,PHH,3,15,0,15,kn,FPS-KA-DAV-0003
RC-KA-004564,Rahul Desai,PHH,1,5,0,5,kn,FPS-KA-DAV-0004
RC-KA-004565,Akash Shetty,PHH,2,10,0,10,hi,FPS-KA-DAV-0005
RC-KA-004566,Prakash Reddy,PHH,5,25,0,25,en,FPS-KA-DAV-0006
RC-KA-004567,Prakash Poojary,PHH,7,35,30,5,kn,FPS-KA-DAV-0007
RC-KA-004568,Naveen Desai,PHH,8,40,30,10,kn,FPS-KA-DAV-0008
RC-KA-004569,Meena Nayak,PHH,4,20,0,20,kn,FPS-KA-DAV-0009
RC-KA-004570,Priya Rao,PHH,8,40,15,25,kn,FPS-KA-DAV-0010
RC-KA-004571,Kiran Poojary,PHH,3,15,5,10,kn,FPS-KA-DAV-0011
RC-KA-004572,Rekha Sharma,PHH,1,5,5,0,en,FPS-KA-DAV-0012
RC-KA-004573,Deepa Kumar,PHH,8,40,40,0,kn,FPS-KA-DAV-0013
RC-KA-004574,Rekha Bhat,PHH,4,20,20,0,en,FPS-KA-DAV-0014
RC-KA-004575,Akash Poojary,PHH,5,25,5,20,kn,FPS-KA-DAV-0015
RC-KA-004576,Aarav Joshi,PHH,7,35,25,10,kn,FPS-KA-DAV-0016
RC-KA-004577,Arjun Patil,PHH,6,30,5,25,kn,FPS-KA-DAV-0017
RC-KA-004578,Kavya Kumar,PHH,3,15,0,15,kn,FPS-KA-DAV-0018
RC-KA-004579,Kiran Naik,PHH,1,5,5,0,kn,FPS-KA-DAV-0019
RC-KA-004580,Shankar Nayak,PHH,5,25,20,5,kn,FPS-KA-DAV-0020
RC-KA-004581,Aditi Patil,PHH,5,25,15,10,kn,FPS-KA-DHA-0001
RC-KA-004582,Manoj Kulkarni,PHH,3,15,15,0,en,FPS-KA-DHA-0002
RC-KA-004583,Shalini Kulkarni,PHH,5,25,10,15,kn,FPS-KA-DHA-0003
RC-KA-004584,Manoj Sharma,PHH,8,40,30,10,kn,FPS-KA-DHA-0004
RC-KA-004585,Akash Kulkarni,PHH,8,40,20,20,en,FPS-KA-DHA-0005
RC-KA-004586,Lakshmi Bhat,PHH,4,20,15,5,en,FPS-KA-DHA-0006
RC-KA-004587,Aditi Patil,PHH,1,5,5,0,en,FPS-KA-DHA-0007
RC-KA-004588,Rekha Reddy,PHH,7,35,15,20,kn,FPS-KA-DHA-0008
RC-KA-004589,Sanjay Kulkarni,PHH,8,40,15,25,kn,FPS-KA-DHA-0009
RC-KA-004590,Bhavana Desai,PHH,5,25,20,5,kn,FPS-KA-DHA-0010
RC-KA-004591,Rahul Sharma,PHH,8,40,5,35,kn,FPS-KA-DHA-0011
RC-KA-004592,Kiran Reddy,PHH,6,30,5,25,kn,FPS-KA-DHA-0012
RC-KA-004593,Kavya Sharma,PHH,6,30,5,25,kn,FPS-KA-DHA-0013
RC-KA-004594,Kavya Gowda,PHH,8,40,0,40,kn,FPS-KA-DHA-0014
RC-KA-004595,Ravi Reddy,PHH,3,15,5,10,kn,FPS-KA-DHA-0015
RC-KA-004596,Akash Kumar,PHH,7,35,20,15,kn,FPS-KA-DHA-0016
RC-KA-004597,Naveen Sharma,PHH,6,30,20,10,kn,FPS-KA-DHA-0017
RC-KA-004598,Vijay Naik,PHH,6,30,20,10,kn,FPS-KA-DHA-0018
RC-KA-004599,Harish Rao,PHH,7,35,30,5,kn,FPS-KA-DHA-0019
RC-KA-004600,Ganesh Bhat,PHH,5,25,10,15,hi,FPS-KA-DHA-0020
RC-KA-004601,Ganesh Sharma,PHH,5,25,0,25,hi,FPS-KA-GAD-0001
RC-KA-004602,Priya Sharma,PHH,2,10,5,5,kn,FPS-KA-GAD-0002
RC-KA-004603,Rekha Kumar,PHH,4,20,20,0,kn,FPS-KA-GAD-0003
RC-KA-004604,Ganesh Reddy,PHH,5,25,10,15,kn,FPS-KA-GAD-0004
RC-KA-004605,Naveen Rao,PHH,5,25,15,10,kn,FPS-KA-GAD-0005
RC-KA-004606,Prakash Hegde,PHH,3,15,5,10,kn,FPS-KA-GAD-0006
RC-KA-004607,Meena Bhat,PHH,7,35,10,25,kn,FPS-KA-GAD-0007
RC-KA-004608,Pooja Poojary,PHH,4,20,20,0,kn,FPS-KA-GAD-0008
RC-KA-004609,Ananya Patil,PHH,5,25,0,25,kn,FPS-KA-GAD-0009
RC-KA-004610,Bhavana Gowda,PHH,8,40,10,30,kn,FPS-KA-GAD-0010
RC-KA-004611,Ganesh Nayak,PHH,8,40,0,40,kn,FPS-KA-GAD-0011
RC-KA-004612,Rekha Rao,PHH,6,30,5,25,kn,FPS-KA-GAD-0012
RC-KA-004613,Shankar Sharma,PHH,7,35,25,10,kn,FPS-KA-GAD-0013
RC-KA-004614,Aarav Patil,PHH,3,15,5,10,kn,FPS-KA-GAD-0014
RC-KA-004615,Suresh Naik,PHH,5,25,10,15,kn,FPS-KA-GAD-0015
RC-KA-004616,Priya Reddy,PHH,7,35,5,30,kn,FPS-KA-GAD-0016
RC-KA-004617,Sanjay Kumar,PHH,1,5,0,5,kn,FPS-KA-GAD-0017
RC-KA-004618,Ananya Reddy,PHH,6,30,0,30,kn,FPS-KA-GAD-0018
RC-KA-004619,Suresh Hegde,PHH,8,40,25,15,en,FPS-KA-GAD-0019
RC-KA-004620,Harish Poojary,PHH,7,35,15,20,kn,FPS-KA-GAD-0020
RC-KA-004621,Lakshmi Rao,PHH,8,40,0,40,kn,FPS-KA-HAS-0001
RC-KA-004622,Akash Naik,PHH,2,10,10,0,kn,FPS-KA-HAS-0002
RC-KA-004623,Divya Bhat,PHH,6,30,20,10,kn,FPS-KA-HAS-0003
RC-KA-004624,Akash Gowda,PHH,6,30,15,15,kn,FPS-KA-HAS-0004
RC-KA-004625,Aditi Nayak,PHH,4,20,20,0,kn,FPS-KA-HAS-0005
RC-KA-004626,Chetan Kumar,PHH,4,20,10,10,en,FPS-KA-HAS-0006
RC-KA-004627,Sanjay Shetty,PHH,7,35,10,25,en,FPS-KA-HAS-0007
RC-KA-004628,Manoj Naik,PHH,1,5,0,5,kn,FPS-KA-HAS-0008
RC-KA-004629,Rahul Gowda,PHH,3,15,10,5,kn,FPS-KA-HAS-0009
RC-KA-004630,Manoj Bhat,PHH,1,5,5,0,kn,FPS-KA-HAS-0010
RC-KA-004631,Pooja Kumar,PHH,7,35,30,5,hi,FPS-KA-HAS-0011
RC-KA-004632,Swathi Poojary,PHH,1,5,0,5,kn,FPS-KA-HAS-0012
RC-KA-004633,Arjun Sharma,PHH,6,30,25,5,hi,FPS-KA-HAS-0013
RC-KA-004634,Aditi Shetty,PHH,5,25,15,10,hi,FPS-KA-HAS-0014
RC-KA-004635,Meena Desai,PHH,2,10,10,0,kn,FPS-KA-HAS-0015
RC-KA-004636,Chetan Patil,PHH,5,25,0,25,kn,FPS-KA-HAS-0016
RC-KA-004637,Aditi Shetty,PHH,5,25,5,20,hi,FPS-KA-HAS-0017
RC-KA-004638,Sneha Hegde,PHH,4,20,20,0,hi,FPS-KA-HAS-0018
RC-KA-004639,Pooja Sharma,PHH,1,5,0,5,kn,FPS-KA-HAS-0019
RC-KA-004640,Bhavana Desai,PHH,5,25,15,10,kn,FPS-KA-HAS-0020
RC-KA-004641,Vijay Rao,PHH,6,30,25,5,en,FPS-KA-HAV-0001
RC-KA-004642,Naveen Shetty,PHH,3,15,5,10,kn,FPS-KA-HAV-0002
RC-KA-004643,Arjun Hegde,PHH,4,20,0,20,kn,FPS-KA-HAV-0003
RC-KA-004644,Swathi Patil,PHH,7,35,5,30,kn,FPS-KA-HAV-0004
RC-KA-004645,Divya Kulkarni,PHH,4,20,0,20,kn,FPS-KA-HAV-0005
RC-KA-004646,Rekha Gowda,PHH,8,40,35,5,kn,FPS-KA-HAV-0006
RC-KA-004647,Sneha Patil,PHH,7,35,35,0,kn,FPS-KA-HAV-0007
RC-KA-004648,Meena Sharma,PHH,8,40,30,10,kn,FPS-KA-HAV-0008
RC-KA-004649,Deepa Nayak,PHH,6,30,30,0,hi,FPS-KA-HAV-0009
RC-KA-004650,Kavya Reddy,PHH,1,5,0,5,kn,FPS-KA-HAV-0010
RC-KA-004651,Bhavana Nayak,PHH,1,5,0,5,en,FPS-KA-HAV-0011
RC-KA-004652,Divya Kumar,PHH,4,20,20,0,kn,FPS-KA-HAV-0012
RC-KA-004653,Chetan Naik,PHH,8,40,10,30,kn,FPS-KA-HAV-0013
RC-KA-004654,Ganesh Desai,PHH,3,15,0,15,kn,FPS-KA-HAV-0014
RC-KA-004655,Shankar Nayak,PHH,2,10,10,0,hi,FPS-KA-HAV-0015
RC-KA-004656,Bhavana Shetty,PHH,1,5,0,5,kn,FPS-KA-HAV-0016
RC-KA-004657,Kavya Patil,PHH,3,15,10,5,kn,FPS-KA-HAV-0017
RC-KA-004658,Divya Poojary,PHH,8,40,30,10,en,FPS-KA-HAV-0018
RC-KA-004659,Meena Poojary,PHH,8,40,5,35,hi,FPS-KA-HAV-0019
RC-KA-004660,Lakshmi Gowda,PHH,8,40,25,15,hi,FPS-KA-HAV-0020
RC-KA-004661,Kavya Poojary,PHH,3,15,10,5,kn,FPS-KA-KAL-0001
RC-KA-004662,Manoj Shetty,PHH,4,20,20,0,en,FPS-KA-KAL-0002
RC-KA-004663,Suresh Nayak,PHH,8,40,10,30,kn,FPS-KA-KAL-0003
RC-KA-004664,Priya Patil,PHH,2,10,0,10,kn,FPS-KA-KAL-0004
RC-KA-004665,Pooja Naik,PHH,6,30,15,15,kn,FPS-KA-KAL-0005
RC-KA-004666,Arjun Reddy,PHH,5,25,20,5,hi,FPS-KA-KAL-0006
RC-KA-004667,Manoj Sharma,PHH,8,40,15,25,kn,FPS-KA-KAL-0007
RC-KA-004668,Akash Gowda,PHH,2,10,0,10,kn,FPS-KA-KAL-0008
RC-KA-004669,Naveen Patil,PHH,1,5,0,5,kn,FPS-KA-KAL-0009
RC-KA-004670,Pooja Kulkarni,PHH,4,20,10,10,en,FPS-KA-KAL-0010
RC-KA-004671,Aditi Kumar,PHH,1,5,0,5,kn,FPS-KA-KAL-0011
RC-KA-004672,Shankar Poojary,PHH,8,40,20,20,kn,FPS-KA-KAL-0012
RC-KA-004673,Ananya Sharma,PHH,4,20,20,0,kn,FPS-KA-KAL-0013
RC-KA-004674,Priya Hegde,PHH,5,25,25,0,kn,FPS-KA-KAL-0014
RC-KA-004675,Bhavana Shetty,PHH,2,10,5,5,kn,FPS-KA-KAL-0015
RC-KA-004676,Deepa Reddy,PHH,8,40,30,10,hi,FPS-KA-KAL-0016
RC-KA-004677,Kavya Kumar,PHH,8,40,10,30,kn,FPS-KA-KAL-0017
RC-KA-004678,Kiran Shetty,PHH,5,25,5,20,kn,FPS-KA-KAL-0018
RC-KA-004679,Divya Sharma,PHH,7,35,25,10,kn,FPS-KA-KAL-0019
RC-KA-004680,Sanjay Bhat,PHH,7,35,15,20,en,FPS-KA-KAL-0020
RC-KA-004681,Ganesh Naik,PHH,1,5,0,5,kn,FPS-KA-KOD-0001
RC-KA-004682,Sneha Patil,PHH,5,25,15,10,en,FPS-KA-KOD-0002
RC-KA-004683,Meena Joshi,PHH,5,25,20,5,hi,FPS-KA-KOD-0003
RC-KA-004684,Aarav Rao,PHH,6,30,0,30,kn,FPS-KA-KOD-0004
RC-KA-004685,Priya Poojary,PHH,3,15,0,15,en,FPS-KA-KOD-0005
RC-KA-004686,Shalini Kumar,PHH,7,35,25,10,kn,FPS-KA-KOD-0006
RC-KA-004687,Manoj Desai,PHH,6,30,5,25,hi,FPS-KA-KOD-0007
RC-KA-004688,Bhavana Kulkarni,PHH,5,25,20,5,hi,FPS-KA-KOD-0008
RC-KA-004689,Swathi Sharma,PHH,7,35,15,20,kn,FPS-KA-KOD-0009
RC-KA-004690,Bhavana Desai,PHH,6,30,15,15,kn,FPS-KA-KOD-0010
RC-KA-004691,Bhavana Shetty,PHH,8,40,35,5,kn,FPS-KA-KOD-0011
RC-KA-004692,Lakshmi Gowda,PHH,6,30,20,10,kn,FPS-KA-KOD-0012
RC-KA-004693,Arjun Rao,PHH,7,35,25,10,kn,FPS-KA-KOD-0013
RC-KA-004694,Prakash Bhat,PHH,3,15,0,15,kn,FPS-KA-KOD-0014
RC-KA-004695,Ananya Gowda,PHH,3,15,5,10,kn,FPS-KA-KOD-0015
RC-KA-004696,Shalini Kulkarni,PHH,6,30,30,0,en,FPS-KA-KOD-0016
RC-KA-004697,Harish Hegde,PHH,4,20,0,20,kn,FPS-KA-KOD-0017
RC-KA-004698,Manoj Poojary,PHH,7,35,15,20,kn,FPS-KA-KOD-0018
RC-KA-004699,Priya Bhat,PHH,3,15,15,0,kn,FPS-KA-KOD-0019
RC-KA-004700,Bhavana Patil,PHH,5,25,25,0,hi,FPS-KA-KOD-0020
RC-KA-004701,Ravi Naik,PHH,7,35,30,5,kn,FPS-KA-KOL-0001
RC-KA-004702,Chetan Bhat,PHH,1,5,5,0,kn,FPS-KA-KOL-0002
RC-KA-004703,Shalini Kumar,PHH,2,10,0,10,kn,FPS-KA-KOL-0003
RC-KA-004704,Pooja Kumar,PHH,1,5,0,5,kn,FPS-KA-KOL-0004
RC-KA-004705,Rahul Gowda,PHH,4,20,5,15,kn,FPS-KA-KOL-0005
RC-KA-004706,Sneha Shetty,PHH,3,15,5,10,kn,FPS-KA-KOL-0006
RC-KA-004707,Naveen Poojary,PHH,2,10,5,5,hi,FPS-KA-KOL-0007
RC-KA-004708,Arjun Kumar,PHH,2,10,10,0,kn,FPS-KA-KOL-0008
RC-KA-004709,Kiran Naik,PHH,7,35,30,5,kn,FPS-KA-KOL-0009
RC-KA-004710,Ananya Joshi,PHH,1,5,0,5,hi,FPS-KA-KOL-0010
RC-KA-004711,Aditi Kulkarni,PHH,6,30,10,20,kn,FPS-KA-KOL-0011
RC-KA-004712,Sneha Kumar,PHH,5,25,10,15,hi,FPS-KA-KOL-0012
RC-KA-004713,Bhavana Sharma,PHH,1,5,0,5,hi,FPS-KA-KOL-0013
RC-KA-004714,Meena Reddy,PHH,8,40,35,5,kn,FPS-KA-KOL-0014
RC-KA-004715,Sanjay Kulkarni,PHH,6,30,20,10,kn,FPS-KA-KOL-0015
RC-KA-004716,Kiran Bhat,PHH,7,35,20,15,en,FPS-KA-KOL-0016
RC-KA-004717,Lakshmi Bhat,PHH,5,25,25,0,kn,FPS-KA-KOL-0017
RC-KA-004718,Bhavana Gowda,PHH,3,15,5,10,kn,FPS-KA-KOL-0018
RC-KA-004719,Bhavana Gowda,PHH,3,15,15,0,hi,FPS-KA-KOL-0019
RC-KA-004720,Rekha Gowda,PHH,4,20,5,15,kn,FPS-KA-KOL-0020
RC-KA-004721,Divya Joshi,PHH,1,5,5,0,kn,FPS-KA-KOP-0001
RC-KA-004722,Meena Joshi,PHH,4,20,0,20,kn,FPS-KA-KOP-0002
RC-KA-004723,Priya Desai,PHH,2,10,0,10,kn,FPS-KA-KOP-0003
RC-KA-004724,Priya Sharma,PHH,3,15,15,0,kn,FPS-KA-KOP-0004
RC-KA-004725,Ananya Poojary,PHH,5,25,20,5,kn,FPS-KA-KOP-0005
RC-KA-004726,Pooja Patil,PHH,3,15,5,10,kn,FPS-KA-KOP-0006
RC-KA-004727,Lakshmi Kulkarni,PHH,1,5,0,5,en,FPS-KA-KOP-0007
RC-KA-004728,Aditi Patil,PHH,1,5,0,5,hi,FPS-KA-KOP-0008
RC-KA-004729,Pooja Hegde,PHH,6,30,5,25,hi,FPS-KA-KOP-0009
RC-KA-004730,Suresh Gowda,PHH,4,20,20,0,kn,FPS-KA-KOP-0010
RC-KA-004731,Harish Rao,PHH,1,5,5,0,kn,FPS-KA-KOP-0011
RC-KA-004732,Naveen Nayak,PHH,3,15,10,5,kn,FPS-KA-KOP-0012
RC-KA-004733,Vijay Hegde,PHH,4,20,20,0,hi,FPS-KA-KOP-0013
RC-KA-004734,Priya Shetty,PHH,3,15,15,0,hi,FPS-KA-KOP-0014
RC-KA-004735,Pooja Bhat,PHH,1,5,0,5,kn,FPS-KA-KOP-0015
RC-KA-004736,Shalini Kulkarni,PHH,7,35,10,25,hi,FPS-KA-KOP-0016
RC-KA-004737,Pooja Nayak,PHH,4,20,5,15,kn,FPS-KA-KOP-0017
RC-KA-004738,Kiran Poojary,PHH,4,20,20,0,kn,FPS-KA-KOP-0018
RC-KA-004739,Lakshmi Nayak,PHH,4,20,5,15,hi,FPS-KA-KOP-0019
RC-KA-004740,Ananya Nayak,PHH,2,10,10,0,kn,FPS-KA-KOP-0020
RC-KA-004741,Ananya Reddy,PHH,7,35,10,25,kn,FPS-KA-MAN-0001
RC-KA-004742,Ananya Patil,PHH,7,35,20,15,en,FPS-KA-MAN-0002
RC-KA-004743,Naveen Rao,PHH,2,10,0,10,kn,FPS-KA-MAN-0003
RC-KA-004744,Rekha Sharma,PHH,3,15,5,10,en,FPS-KA-MAN-0004
RC-KA-004745,Suresh Joshi,PHH,3,15,0,15,kn,FPS-KA-MAN-0005
RC-KA-004746,Manoj Bhat,PHH,4,20,10,10,en,FPS-KA-MAN-0006
RC-KA-004747,Rekha Rao,PHH,2,10,10,0,kn,FPS-KA-MAN-0007
RC-KA-004748,Meena Desai,PHH,1,5,5,0,en,FPS-KA-MAN-0008
RC-KA-004749,Lakshmi Rao,PHH,7,35,5,30,kn,FPS-KA-MAN-0009
RC-KA-004750,Aarav Poojary,PHH,6,30,30,0,kn,FPS-KA-MAN-0010
RC-KA-004751,Deepa Rao,PHH,2,10,10,0,hi,FPS-KA-MAN-0011
RC-KA-004752,Priya Desai,PHH,2,10,10,0,kn,FPS-KA-MAN-0012
RC-KA-004753,Naveen Bhat,PHH,7,35,5,30,kn,FPS-KA-MAN-0013
RC-KA-004754,Lakshmi Sharma,PHH,2,10,5,5,en,FPS-KA-MAN-0014
RC-KA-004755,Kavya Poojary,PHH,4,20,20,0,kn,FPS-KA-MAN-0015
RC-KA-004756,Aarav Bhat,PHH,8,40,10,30,hi,FPS-KA-MAN-0016
RC-KA-004757,Rekha Kumar,PHH,3,15,15,0,kn,FPS-KA-MAN-0017
RC-KA-004758,Priya Kumar,PHH,7,35,30,5,hi,FPS-KA-MAN-0018
RC-KA-004759,Arjun Hegde,PHH,6,30,20,10,hi,FPS-KA-MAN-0019
RC-KA-004760,Naveen Sharma,PHH,8,40,15,25,kn,FPS-KA-MAN-0020
RC-KA-004761,Priya Naik,PHH,3,15,10,5,kn,FPS-KA-MYS-0001
RC-KA-004762,Sanjay Naik,PHH,7,35,0,35,hi,FPS-KA-MYS-0002
RC-KA-004763,Rahul Desai,PHH,3,15,0,15,kn,FPS-KA-MYS-0003
RC-KA-004764,Ganesh Gowda,PHH,3,15,15,0,kn,FPS-KA-MYS-0004
RC-KA-004765,Pooja Patil,PHH,8,40,30,10,kn,FPS-KA-MYS-0005
RC-KA-004766,Meena Naik,PHH,8,40,20,20,kn,FPS-KA-MYS-0006
RC-KA-004767,Prakash Naik,PHH,6,30,25,5,kn,FPS-KA-MYS-0007
RC-KA-004768,Naveen Reddy,PHH,7,35,20,15,kn,FPS-KA-MYS-0008
RC-KA-004769,Deepa Naik,PHH,5,25,0,25,kn,FPS-KA-MYS-0009
RC-KA-004770,Harish Reddy,PHH,8,40,40,0,en,FPS-KA-MYS-0010
RC-KA-004771,Ganesh Rao,PHH,7,35,5,30,en,FPS-KA-MYS-0011
RC-KA-004772,Aarav Rao,PHH,1,5,5,0,kn,FPS-KA-MYS-0012
RC-KA-004773,Harish Shetty,PHH,3,15,15,0,en,FPS-KA-MYS-0013
RC-KA-004774,Arjun Desai,PHH,2,10,0,10,kn,FPS-KA-MYS-0014
RC-KA-004775,Pooja Sharma,PHH,1,5,5,0,kn,FPS-KA-MYS-0015
RC-KA-004776,Bhavana Naik,PHH,1,5,0,5,hi,FPS-KA-MYS-0016
RC-KA-004777,Shalini Reddy,PHH,5,25,10,15,kn,FPS-KA-MYS-0017
RC-KA-004778,Shankar Patil,PHH,1,5,0,5,en,FPS-KA-MYS-0018
RC-KA-004779,Sneha Joshi,PHH,6,30,15,15,kn,FPS-KA-MYS-0019
RC-KA-004780,Meena Naik,PHH,4,20,20,0,kn,FPS-KA-MYS-0020
RC-KA-004781,Suresh Reddy,PHH,2,10,10,0,kn,FPS-KA-RAI-0001
RC-KA-004782,Manoj Rao,PHH,1,5,0,5,en,FPS-KA-RAI-0002
RC-KA-004783,Chetan Patil,PHH,6,30,0,30,kn,FPS-KA-RAI-0003
RC-KA-004784,Ravi Kulkarni,PHH,6,30,25,5,kn,FPS-KA-RAI-0004
RC-KA-004785,Shalini Sharma,PHH,2,10,10,0,en,FPS-KA-RAI-0005
RC-KA-004786,Vijay Hegde,PHH,6,30,25,5,kn,FPS-KA-RAI-0006
RC-KA-004787,Divya Rao,PHH,7,35,20,15,kn,FPS-KA-RAI-0007
RC-KA-004788,Ravi Kumar,PHH,4,20,15,5,en,FPS-KA-RAI-0008
RC-KA-004789,Aditi Joshi,PHH,5,25,15,10,kn,FPS-KA-RAI-0009
RC-KA-004790,Naveen Desai,PHH,8,40,0,40,kn,FPS-KA-RAI-0010
RC-KA-004791,Shankar Patil,PHH,3,15,15,0,en,FPS-KA-RAI-0011
RC-KA-004792,Chetan Kulkarni,PHH,1,5,0,5,kn,FPS-KA-RAI-0012
RC-KA-004793,Deepa Naik,PHH,6,30,25,5,kn,FPS-KA-RAI-0013
RC-KA-004794,Divya Shetty,PHH,5,25,10,15,en,FPS-KA-RAI-0014
RC-KA-004795,Ravi Hegde,PHH,1,5,5,0,kn,FPS-KA-RAI-0015
RC-KA-004796,Kavya Shetty,PHH,7,35,30,5,hi,FPS-KA-RAI-0016
RC-KA-004797,Shankar Rao,PHH,5,25,0,25,kn,FPS-KA-RAI-0017
RC-KA-004798,Kavya Sharma,PHH,3,15,0,15,kn,FPS-KA-RAI-0018
RC-KA-004799,Vijay Kulkarni,PHH,7,35,35,0,kn,FPS-KA-RAI-0019
RC-KA-004800,Bhavana Gowda,PHH,3,15,5,10,en,FPS-KA-RAI-0020
RC-KA-004801,Vijay Poojary,PHH,1,5,5,0,kn,FPS-KA-RAM-0001
RC-KA-004802,Divya Desai,PHH,5,25,15,10,hi,FPS-KA-RAM-0002
RC-KA-004803,Ganesh Joshi,PHH,5,25,15,10,en,FPS-KA-RAM-0003
RC-KA-004804,Kavya Sharma,PHH,5,25,25,0,hi,FPS-KA-RAM-0004
RC-KA-004805,Bhavana Gowda,PHH,4,20,20,0,kn,FPS-KA-RAM-0005
RC-KA-004806,Aarav Desai,PHH,4,20,20,0,kn,FPS-KA-RAM-0006
RC-KA-004807,Sanjay Hegde,PHH,2,10,0,10,kn,FPS-KA-RAM-0007
RC-KA-004808,Sneha Kumar,PHH,4,20,0,20,kn,FPS-KA-RAM-0008
RC-KA-004809,Kiran Shetty,PHH,1,5,0,5,hi,FPS-KA-RAM-0009
RC-KA-004810,Akash Nayak,PHH,3,15,0,15,en,FPS-KA-RAM-0010
RC-KA-004811,Rahul Shetty,PHH,8,40,15,25,en,FPS-KA-RAM-0011
RC-KA-004812,Shalini Naik,PHH,8,40,35,5,kn,FPS-KA-RAM-0012
RC-KA-004813,Harish Bhat,PHH,4,20,20,0,kn,FPS-KA-RAM-0013
RC-KA-004814,Bhavana Sharma,PHH,6,30,20,10,kn,FPS-KA-RAM-0014
RC-KA-004815,Kavya Shetty,PHH,5,25,5,20,kn,FPS-KA-RAM-0015
RC-KA-004816,Naveen Hegde,PHH,6,30,0,30,kn,FPS-KA-RAM-0016
RC-KA-004817,Manoj Gowda,PHH,8,40,25,15,kn,FPS-KA-RAM-0017
RC-KA-004818,Naveen Kumar,PHH,1,5,5,0,en,FPS-KA-RAM-0018
RC-KA-004819,Akash Naik,PHH,1,5,5,0,kn,FPS-KA-RAM-0019
RC-KA-004820,Meena Reddy,PHH,8,40,35,5,kn,FPS-KA-RAM-0020
RC-KA-004821,Shalini Shetty,PHH,6,30,25,5,kn,FPS-KA-SHI-0001
RC-KA-004822,Sanjay Bhat,PHH,5,25,15,10,en,FPS-KA-SHI-0002
RC-KA-004823,Suresh Desai,PHH,5,25,0,25,hi,FPS-KA-SHI-0003
RC-KA-004824,Rekha Rao,PHH,2,10,5,5,kn,FPS-KA-SHI-0004
RC-KA-004825,Suresh Nayak,PHH,8,40,15,25,kn,FPS-KA-SHI-0005
RC-KA-004826,Meena Joshi,PHH,4,20,0,20,kn,FPS-KA-SHI-0006
RC-KA-004827,Naveen Reddy,PHH,1,5,0,5,kn,FPS-KA-SHI-0007
RC-KA-004828,Akash Bhat,PHH,7,35,5,30,en,FPS-KA-SHI-0008
RC-KA-004829,Naveen Nayak,PHH,4,20,5,15,hi,FPS-KA-SHI-0009
RC-KA-004830,Naveen Desai,PHH,3,15,15,0,en,FPS-KA-SHI-0010
RC-KA-004831,Bhavana Desai,PHH,3,15,0,15,kn,FPS-KA-SHI-0011
RC-KA-004832,Sneha Joshi,PHH,8,40,15,25,kn,FPS-KA-SHI-0012
RC-KA-004833,Akash Hegde,PHH,7,35,10,25,kn,FPS-KA-SHI-0013
RC-KA-004834,Ganesh Kulkarni,PHH,3,15,0,15,kn,FPS-KA-SHI-0014
RC-KA-004835,Vijay Hegde,PHH,6,30,30,0,kn,FPS-KA-SHI-0015
RC-KA-004836,Shankar Joshi,PHH,4,20,15,5,hi,FPS-KA-SHI-0016
RC-KA-004837,Suresh Gowda,PHH,1,5,0,5,kn,FPS-KA-SHI-0017
RC-KA-004838,Chetan Naik,PHH,6,30,15,15,kn,FPS-KA-SHI-0018
RC-KA-004839,Sanjay Desai,PHH,5,25,15,10,kn,FPS-KA-SHI-0019
RC-KA-004840,Prakash Rao,PHH,8,40,30,10,en,FPS-KA-SHI-0020
RC-KA-004841,Deepa Reddy,PHH,7,35,5,30,en,FPS-KA-TUM-0001
RC-KA-004842,Prakash Naik,PHH,7,35,10,25,kn,FPS-KA-TUM-0002
RC-KA-004843,Swathi Hegde,PHH,7,35,30,5,kn,FPS-KA-TUM-0003
RC-KA-004844,Ananya Patil,PHH,1,5,0,5,kn,FPS-KA-TUM-0004
RC-KA-004845,Aarav Joshi,PHH,6,30,15,15,kn,FPS-KA-TUM-0005
RC-KA-004846,Rekha Gowda,PHH,4,20,10,10,kn,FPS-KA-TUM-0006
RC-KA-004847,Bhavana Poojary,PHH,7,35,20,15,en,FPS-KA-TUM-0007
RC-KA-004848,Naveen Rao,PHH,5,25,15,10,kn,FPS-KA-TUM-0008
RC-KA-004849,Swathi Kumar,PHH,5,25,20,5,hi,FPS-KA-TUM-0009
RC-KA-004850,Pooja Nayak,PHH,8,40,25,15,kn,FPS-KA-TUM-0010
RC-KA-004851,Meena Hegde,PHH,6,30,30,0,hi,FPS-KA-TUM-0011
RC-KA-004852,Naveen Bhat,PHH,6,30,30,0,kn,FPS-KA-TUM-0012
RC-KA-004853,Arjun Gowda,PHH,2,10,10,0,kn,FPS-KA-TUM-0013
RC-KA-004854,Priya Poojary,PHH,8,40,35,5,hi,FPS-KA-TUM-0014
RC-KA-004855,Pooja Reddy,PHH,2,10,0,10,kn,FPS-KA-TUM-0015
RC-KA-004856,Vijay Hegde,PHH,8,40,5,35,kn,FPS-KA-TUM-0016
RC-KA-004857,Shankar Gowda,PHH,5,25,10,15,en,FPS-KA-TUM-0017
RC-KA-004858,Shalini Kumar,PHH,5,25,5,20,kn,FPS-KA-TUM-0018
RC-KA-004859,Ananya Gowda,PHH,3,15,15,0,en,FPS-KA-TUM-0019
RC-KA-004860,Chetan Joshi,PHH,3,15,5,10,kn,FPS-KA-TUM-0020
RC-KA-004861,Pooja Gowda,PHH,6,30,30,0,kn,FPS-KA-UDP-0001
RC-KA-004862,Meena Kumar,PHH,2,10,10,0,kn,FPS-KA-UDP-0002
RC-KA-004863,Harish Sharma,PHH,2,10,5,5,en,FPS-KA-UDP-0003
RC-KA-004864,Priya Poojary,PHH,1,5,0,5,hi,FPS-KA-UDP-0004
RC-KA-004865,Prakash Patil,PHH,3,15,0,15,kn,FPS-KA-UDP-0005
RC-KA-004866,Suresh Kulkarni,PHH,6,30,10,20,kn,FPS-KA-UDP-0006
RC-KA-004867,Shankar Hegde,PHH,7,35,15,20,kn,FPS-KA-UDP-0007
RC-KA-004868,Harish Bhat,PHH,2,10,10,0,hi,FPS-KA-UDP-0008
RC-KA-004869,Aarav Rao,PHH,1,5,5,0,en,FPS-KA-UDP-0009
RC-KA-004870,Kiran Patil,PHH,6,30,5,25,kn,FPS-KA-UDP-0010
RC-KA-004871,Shankar Sharma,PHH,2,10,0,10,kn,FPS-KA-UDP-0011
RC-KA-004872,Suresh Joshi,PHH,2,10,0,10,kn,FPS-KA-UDP-0012
RC-KA-004873,Rahul Kumar,PHH,3,15,15,0,kn,FPS-KA-UDP-0013
RC-KA-004874,Sanjay Kulkarni,PHH,6,30,10,20,kn,FPS-KA-UDP-0014
RC-KA-004875,Harish Kumar,PHH,1,5,0,5,kn,FPS-KA-UDP-0015
RC-KA-004876,Aditi Naik,PHH,2,10,10,0,hi,FPS-KA-UDP-0016
RC-KA-004877,Ganesh Reddy,PHH,6,30,0,30,en,FPS-KA-UDP-0017
RC-KA-004878,Swathi Hegde,PHH,8,40,15,25,kn,FPS-KA-UDP-0018
RC-KA-004879,Kiran Shetty,PHH,8,40,15,25,kn,FPS-KA-UDP-0019
RC-KA-004880,Kavya Joshi,PHH,8,40,5,35,kn,FPS-KA-UDP-0020
RC-KA-004881,Deepa Rao,PHH,7,35,15,20,kn,FPS-KA-UK-0001
RC-KA-004882,Pooja Hegde,PHH,1,5,0,5,kn,FPS-KA-UK-0002
RC-KA-004883,Ganesh Desai,PHH,7,35,5,30,kn,FPS-KA-UK-0003
RC-KA-004884,Suresh Kulkarni,PHH,4,20,0,20,kn,FPS-KA-UK-0004
RC-KA-004885,Prakash Shetty,PHH,7,35,15,20,kn,FPS-KA-UK-0005
RC-KA-004886,Ananya Gowda,PHH,6,30,10,20,hi,FPS-KA-UK-0006
RC-KA-004887,Ravi Sharma,PHH,7,35,20,15,kn,FPS-KA-UK-0007
RC-KA-004888,Vijay Reddy,PHH,1,5,0,5,hi,FPS-KA-UK-0008
RC-KA-004889,Aarav Kumar,PHH,8,40,35,5,kn,FPS-KA-UK-0009
RC-KA-004890,Rahul Kulkarni,PHH,3,15,15,0,en,FPS-KA-UK-0010
RC-KA-004891,Deepa Naik,PHH,7,35,0,35,kn,FPS-KA-UK-0011
RC-KA-004892,Divya Naik,PHH,3,15,0,15,kn,FPS-KA-UK-0012
RC-KA-004893,Akash Patil,PHH,2,10,10,0,kn,FPS-KA-UK-0013
RC-KA-004894,Manoj Hegde,PHH,2,10,10,0,en,FPS-KA-UK-0014
RC-KA-004895,Sneha Poojary,PHH,4,20,10,10,kn,FPS-KA-UK-0015
RC-KA-004896,Aditi Hegde,PHH,5,25,15,10,hi,FPS-KA-UK-0016
RC-KA-004897,Pooja Joshi,PHH,2,10,0,10,kn,FPS-KA-UK-0017
RC-KA-004898,Chetan Patil,PHH,1,5,0,5,kn,FPS-KA-UK-0018
RC-KA-004899,Chetan Kulkarni,PHH,5,25,5,20,kn,FPS-KA-UK-0019
RC-KA-004900,Divya Poojary,PHH,3,15,0,15,kn,FPS-KA-UK-0020
RC-KA-004901,Shalini Sharma,PHH,5,25,15,10,kn,FPS-KA-VIJ-0001
RC-KA-004902,Chetan Nayak,PHH,4,20,20,0,kn,FPS-KA-VIJ-0002
RC-KA-004903,Aditi Kulkarni,PHH,1,5,5,0,kn,FPS-KA-VIJ-0003
RC-KA-004904,Shalini Kumar,PHH,8,40,30,10,kn,FPS-KA-VIJ-0004
RC-KA-004905,Pooja Rao,PHH,1,5,0,5,kn,FPS-KA-VIJ-0005
RC-KA-004906,Shalini Naik,PHH,5,25,20,5,kn,FPS-KA-VIJ-0006
RC-KA-004907,Ananya Kumar,PHH,6,30,30,0,en,FPS-KA-VIJ-0007
RC-KA-004908,Swathi Desai,PHH,4,20,10,10,kn,FPS-KA-VIJ-0008
RC-KA-004909,Divya Nayak,PHH,3,15,15,0,kn,FPS-KA-VIJ-0009
RC-KA-004910,Lakshmi Rao,PHH,4,20,0,20,kn,FPS-KA-VIJ-0010
RC-KA-004911,Sneha Kumar,PHH,2,10,0,10,hi,FPS-KA-VIJ-0011
RC-KA-004912,Aditi Reddy,PHH,5,25,25,0,hi,FPS-KA-VIJ-0012
RC-KA-004913,Shalini Joshi,PHH,5,25,5,20,kn,FPS-KA-VIJ-0013
RC-KA-004914,Pooja Desai,PHH,2,10,10,0,kn,FPS-KA-VIJ-0014
RC-KA-004915,Deepa Bhat,PHH,8,40,25,15,en,FPS-KA-VIJ-0015
RC-KA-004916,Shalini Desai,PHH,4,20,5,15,kn,FPS-KA-VIJ-0016
RC-KA-004917,Ananya Reddy,PHH,8,40,0,40,hi,FPS-KA-VIJ-0017
RC-KA-004918,Ananya Hegde,PHH,1,5,0,5,kn,FPS-KA-VIJ-0018
RC-KA-004919,Suresh Kulkarni,PHH,4,20,20,0,hi,FPS-KA-VIJ-0019
RC-KA-004920,Kiran Shetty,PHH,1,5,0,5,kn,FPS-KA-VIJ-0020
RC-KA-004921,Aditi Nayak,PHH,6,30,10,20,hi,FPS-KA-VIG-0001
RC-KA-004922,Bhavana Kumar,PHH,5,25,0,25,kn,FPS-KA-VIG-0002
RC-KA-004923,Sanjay Poojary,PHH,4,20,0,20,kn,FPS-KA-VIG-0003
RC-KA-004924,Aarav Naik,PHH,6,30,15,15,kn,FPS-KA-VIG-0004
RC-KA-004925,Rekha Bhat,PHH,5,25,0,25,kn,FPS-KA-VIG-0005
RC-KA-004926,Chetan Shetty,PHH,8,40,20,20,kn,FPS-KA-VIG-0006
RC-KA-004927,Deepa Kumar,PHH,5,25,10,15,en,FPS-KA-VIG-0007
RC-KA-004928,Rekha Sharma,PHH,2,10,0,10,kn,FPS-KA-VIG-0008
RC-KA-004929,Vijay Shetty,PHH,5,25,0,25,en,FPS-KA-VIG-0009
RC-KA-004930,Manoj Patil,PHH,3,15,10,5,kn,FPS-KA-VIG-0010
RC-KA-004931,Divya Kumar,PHH,8,40,10,30,hi,FPS-KA-VIG-0011
RC-KA-004932,Kavya Gowda,PHH,7,35,15,20,kn,FPS-KA-VIG-0012
RC-KA-004933,Bhavana Naik,PHH,8,40,20,20,hi,FPS-KA-VIG-0013
RC-KA-004934,Rekha Poojary,PHH,1,5,5,0,hi,FPS-KA-VIG-0014
RC-KA-004935,Ananya Joshi,PHH,4,20,5,15,kn,FPS-KA-VIG-0015
RC-KA-004936,Kiran Joshi,PHH,1,5,0,5,kn,FPS-KA-VIG-0016
RC-KA-004937,Chetan Patil,PHH,7,35,5,30,kn,FPS-KA-VIG-0017
RC-KA-004938,Kiran Desai,PHH,8,40,0,40,kn,FPS-KA-VIG-0018
RC-KA-004939,Arjun Rao,PHH,3,15,0,15,en,FPS-KA-VIG-0019
RC-KA-004940,Shalini Rao,PHH,1,5,0,5,kn,FPS-KA-VIG-0020
RC-KA-004941,Lakshmi Bhat,PHH,4,20,15,5,en,FPS-KA-YAD-0001
RC-KA-004942,Chetan Kulkarni,PHH,3,15,0,15,kn,FPS-KA-YAD-0002
RC-KA-004943,Meena Sharma,PHH,1,5,0,5,kn,FPS-KA-YAD-0003
RC-KA-004944,Meena Reddy,PHH,6,30,0,30,kn,FPS-KA-YAD-0004
RC-KA-004945,Prakash Patil,PHH,3,15,10,5,en,FPS-KA-YAD-0005
RC-KA-004946,Manoj Gowda,PHH,1,5,5,0,kn,FPS-KA-YAD-0006
RC-KA-004947,Bhavana Shetty,PHH,4,20,0,20,kn,FPS-KA-YAD-0007
RC-KA-004948,Sneha Kulkarni,PHH,2,10,0,10,kn,FPS-KA-YAD-0008
RC-KA-004949,Rahul Kulkarni,PHH,1,5,5,0,en,FPS-KA-YAD-0009
RC-KA-004950,Aarav Rao,PHH,8,40,10,30,kn,FPS-KA-YAD-0010
RC-KA-004951,Rekha Rao,PHH,5,25,10,15,en,FPS-KA-YAD-0011
RC-KA-004952,Ananya Desai,PHH,5,25,25,0,kn,FPS-KA-YAD-0012
RC-KA-004953,Shankar Gowda,PHH,2,10,10,0,kn,FPS-KA-YAD-0013
RC-KA-004954,Ganesh Reddy,PHH,8,40,0,40,kn,FPS-KA-YAD-0014
RC-KA-004955,Arjun Kumar,PHH,7,35,0,35,en,FPS-KA-YAD-0015
RC-KA-004956,Shankar Nayak,PHH,4,20,10,10,kn,FPS-KA-YAD-0016
RC-KA-004957,Akash Poojary,PHH,3,15,5,10,kn,FPS-KA-YAD-0017
RC-KA-004958,Bhavana Reddy,PHH,7,35,0,35,kn,FPS-KA-YAD-0018
RC-KA-004959,Sanjay Nayak,PHH,5,25,0,25,kn,FPS-KA-YAD-0019
RC-KA-004960,Sneha Desai,PHH,1,5,5,0,kn,FPS-KA-YAD-0020
RC-KA-004961,Aarav Reddy,PHH,8,40,10,30,kn,FPS-KA-BAG-0001
RC-KA-004962,Kavya Hegde,PHH,3,15,15,0,kn,FPS-KA-BAG-0002
RC-KA-004963,Meena Kulkarni,PHH,2,10,0,10,en,FPS-KA-BAG-0003
RC-KA-004964,Sneha Naik,PHH,2,10,10,0,kn,FPS-KA-BAG-0004
RC-KA-004965,Kavya Kumar,PHH,1,5,0,5,kn,FPS-KA-BAG-0005
RC-KA-004966,Ananya Kulkarni,PHH,6,30,20,10,kn,FPS-KA-BAG-0006
RC-KA-004967,Prakash Poojary,PHH,1,5,0,5,kn,FPS-KA-BAG-0007
RC-KA-004968,Pooja Sharma,PHH,2,10,5,5,en,FPS-KA-BAG-0008
RC-KA-004969,Pooja Nayak,PHH,2,10,0,10,hi,FPS-KA-BAG-0009
RC-KA-004970,Shankar Joshi,PHH,7,35,20,15,hi,FPS-KA-BAG-0010
RC-KA-004971,Lakshmi Rao,PHH,7,35,20,15,kn,FPS-KA-BAG-0011
RC-KA-004972,Kiran Patil,PHH,7,35,10,25,kn,FPS-KA-BAG-0012
RC-KA-004973,Divya Patil,PHH,1,5,5,0,kn,FPS-KA-BAG-0013
RC-KA-004974,Pooja Gowda,PHH,4,20,15,5,hi,FPS-KA-BAG-0014
RC-KA-004975,Ganesh Sharma,PHH,2,10,10,0,kn,FPS-KA-BAG-0015
RC-KA-004976,Aditi Patil,PHH,3,15,0,15,kn,FPS-KA-BAG-0016
RC-KA-004977,Sanjay Poojary,PHH,7,35,15,20,kn,FPS-KA-BAG-0017
RC-KA-004978,Deepa Naik,PHH,3,15,5,10,hi,FPS-KA-BAG-0018
RC-KA-004979,Manoj Patil,PHH,5,25,20,5,kn,FPS-KA-BAG-0019
RC-KA-004980,Naveen Kulkarni,PHH,3,15,0,15,kn,FPS-KA-BAG-0020
RC-KA-004981,Arjun Bhat,PHH,6,30,10,20,kn,FPS-KA-BAL-0001
RC-KA-004982,Bhavana Reddy,PHH,1,5,0,5,kn,FPS-KA-BAL-0002
RC-KA-004983,Kavya Nayak,PHH,8,40,10,30,en,FPS-KA-BAL-0003
RC-KA-004984,Shalini Reddy,PHH,6,30,0,30,en,FPS-KA-BAL-0004
RC-KA-004985,Pooja Joshi,PHH,1,5,0,5,kn,FPS-KA-BAL-0005
RC-KA-004986,Sanjay Bhat,PHH,7,35,15,20,hi,FPS-KA-BAL-0006
RC-KA-004987,Ananya Sharma,PHH,7,35,35,0,kn,FPS-KA-BAL-0007
RC-KA-004988,Prakash Rao,PHH,1,5,0,5,kn,FPS-KA-BAL-0008
RC-KA-004989,Kiran Rao,PHH,2,10,0,10,kn,FPS-KA-BAL-0009
RC-KA-004990,Suresh Kumar,PHH,1,5,0,5,kn,FPS-KA-BAL-0010
RC-KA-004991,Sanjay Poojary,PHH,2,10,5,5,kn,FPS-KA-BAL-0011
RC-KA-004992,Meena Reddy,PHH,3,15,5,10,kn,FPS-KA-BAL-0012
RC-KA-004993,Prakash Bhat,PHH,8,40,40,0,en,FPS-KA-BAL-0013
RC-KA-004994,Pooja Rao,PHH,8,40,0,40,kn,FPS-KA-BAL-0014
RC-KA-004995,Sneha Gowda,PHH,6,30,10,20,kn,FPS-KA-BAL-0015
RC-KA-004996,Kiran Reddy,PHH,7,35,35,0,en,FPS-KA-BAL-0016
RC-KA-004997,Priya Kumar,PHH,1,5,0,5,kn,FPS-KA-BAL-0017
RC-KA-004998,Lakshmi Gowda,PHH,5,25,25,0,kn,FPS-KA-BAL-0018
RC-KA-004999,Manoj Gowda,PHH,2,10,10,0,hi,FPS-KA-BAL-0019
RC-KA-005000,Harish Gowda,PHH,2,10,10,0,en,FPS-KA-BAL-0020
RC-KA-005001,Naveen Shetty,PHH,6,30,25,5,kn,FPS-KA-BEL-0001
RC-KA-005002,Chetan Poojary,PHH,5,25,5,20,en,FPS-KA-BEL-0002
RC-KA-005003,Kavya Reddy,PHH,5,25,25,0,kn,FPS-KA-BEL-0003
RC-KA-005004,Lakshmi Kulkarni,PHH,6,30,30,0,kn,FPS-KA-BEL-0004
RC-KA-005005,Prakash Sharma,PHH,1,5,5,0,kn,FPS-KA-BEL-0005
RC-KA-005006,Rekha Naik,PHH,5,25,10,15,kn,FPS-KA-BEL-0006
RC-KA-005007,Rekha Patil,PHH,7,35,30,5,kn,FPS-KA-BEL-0007
RC-KA-005008,Divya Nayak,PHH,2,10,0,10,kn,FPS-KA-BEL-0008
RC-KA-005009,Pooja Nayak,PHH,1,5,0,5,hi,FPS-KA-BEL-0009
RC-KA-005010,Vijay Shetty,PHH,2,10,10,0,kn,FPS-KA-BEL-0010
RC-KA-005011,Vijay Rao,PHH,4,20,20,0,kn,FPS-KA-BEL-0011
RC-KA-005012,Swathi Kulkarni,PHH,5,25,0,25,kn,FPS-KA-BEL-0012
RC-KA-005013,Naveen Nayak,PHH,3,15,0,15,kn,FPS-KA-BEL-0013
RC-KA-005014,Harish Nayak,PHH,2,10,5,5,kn,FPS-KA-BEL-0014
RC-KA-005015,Vijay Hegde,PHH,3,15,15,0,kn,FPS-KA-BEL-0015
RC-KA-005016,Vijay Reddy,PHH,4,20,15,5,kn,FPS-KA-BEL-0016
RC-KA-005017,Ganesh Gowda,PHH,6,30,15,15,kn,FPS-KA-BEL-0017
RC-KA-005018,Pooja Shetty,PHH,3,15,0,15,en,FPS-KA-BEL-0018
RC-KA-005019,Ravi Kulkarni,PHH,6,30,0,30,kn,FPS-KA-BEL-0019
RC-KA-005020,Rahul Hegde,PHH,2,10,10,0,kn,FPS-KA-BEL-0020
RC-KA-005021,Ravi Kumar,PHH,6,30,20,10,kn,FPS-KA-BLR-R-0001
RC-KA-005022,Aditi Desai,PHH,7,35,5,30,en,FPS-KA-BLR-R-0002
RC-KA-005023,Lakshmi Kulkarni,PHH,3,15,5,10,kn,FPS-KA-BLR-R-0003
RC-KA-005024,Pooja Reddy,PHH,1,5,0,5,kn,FPS-KA-BLR-R-0004
RC-KA-005025,Akash Bhat,PHH,3,15,15,0,kn,FPS-KA-BLR-R-0005
RC-KA-005026,Arjun Sharma,PHH,3,15,5,10,en,FPS-KA-BLR-R-0006
RC-KA-005027,Arjun Patil,PHH,7,35,5,30,kn,FPS-KA-BLR-R-0007
RC-KA-005028,Aarav Desai,PHH,5,25,20,5,hi,FPS-KA-BLR-R-0008
RC-KA-005029,Deepa Kumar,PHH,7,35,30,5,hi,FPS-KA-BLR-R-0009
RC-KA-005030,Aditi Nayak,PHH,5,25,10,15,kn,FPS-KA-BLR-R-0010
RC-KA-005031,Arjun Desai,PHH,5,25,25,0,kn,FPS-KA-BLR-R-0011
RC-KA-005032,Ganesh Kulkarni,PHH,7,35,15,20,en,FPS-KA-BLR-R-0012
RC-KA-005033,Harish Reddy,PHH,1,5,0,5,kn,FPS-KA-BLR-R-0013
RC-KA-005034,Sanjay Rao,PHH,1,5,5,0,kn,FPS-KA-BLR-R-0014
RC-KA-005035,Arjun Naik,PHH,4,20,10,10,kn,FPS-KA-BLR-R-0015
RC-KA-005036,Lakshmi Gowda,PHH,4,20,10,10,kn,FPS-KA-BLR-R-0016
RC-KA-005037,Bhavana Hegde,PHH,8,40,30,10,kn,FPS-KA-BLR-R-0017
RC-KA-005038,Sneha Desai,PHH,2,10,10,0,kn,FPS-KA-BLR-R-0018
RC-KA-005039,Aarav Joshi,PHH,3,15,15,0,kn,FPS-KA-BLR-R-0019
RC-KA-005040,Kiran Nayak,PHH,7,35,30,5,hi,FPS-KA-BLR-R-0020
RC-KA-005041,Arjun Kumar,PHH,6,30,25,5,hi,FPS-KA-BLR-U-0001
RC-KA-005042,Vijay Sharma,PHH,3,15,10,5,en,FPS-KA-BLR-U-0002
RC-KA-005043,Manoj Joshi,PHH,8,40,30,10,en,FPS-KA-BLR-U-0003
RC-KA-005044,Manoj Kumar,PHH,5,25,20,5,kn,FPS-KA-BLR-U-0004
RC-KA-005045,Aditi Poojary,PHH,2,10,10,0,kn,FPS-KA-BLR-U-0005
RC-KA-005046,Lakshmi Nayak,PHH,4,20,10,10,kn,FPS-KA-BLR-U-0006
RC-KA-005047,Prakash Desai,PHH,2,10,10,0,kn,FPS-KA-BLR-U-0007
RC-KA-005048,Harish Kumar,PHH,5,25,5,20,kn,FPS-KA-BLR-U-0008
RC-KA-005049,Ganesh Bhat,PHH,5,25,5,20,kn,FPS-KA-BLR-U-0009
RC-KA-005050,Ananya Shetty,PHH,7,35,30,5,kn,FPS-KA-BLR-U-0010
RC-KA-005051,Lakshmi Kumar,PHH,2,10,5,5,hi,FPS-KA-BLR-U-0011
RC-KA-005052,Kavya Shetty,PHH,5,25,20,5,hi,FPS-KA-BLR-U-0012
RC-KA-005053,Bhavana Patil,PHH,6,30,10,20,kn,FPS-KA-BLR-U-0013
RC-KA-005054,Rahul Kumar,PHH,7,35,20,15,hi,FPS-KA-BLR-U-0014
RC-KA-005055,Rekha Sharma,PHH,2,10,0,10,kn,FPS-KA-BLR-U-0015
RC-KA-005056,Akash Joshi,PHH,8,40,15,25,kn,FPS-KA-BLR-U-0016
RC-KA-005057,Suresh Poojary,PHH,3,15,15,0,kn,FPS-KA-BLR-U-0017
RC-KA-005058,Harish Poojary,PHH,7,35,15,20,kn,FPS-KA-BLR-U-0018
RC-KA-005059,Naveen Rao,PHH,5,25,20,5,en,FPS-KA-BLR-U-0019
RC-KA-005060,Divya Sharma,PHH,3,15,0,15,kn,FPS-KA-BLR-U-0020
RC-KA-005061,Kiran Naik,PHH,7,35,0,35,en,FPS-KA-BID-0001
RC-KA-005062,Sneha Gowda,PHH,1,5,5,0,hi,FPS-KA-BID-0002
RC-KA-005063,Sneha Nayak,PHH,1,5,0,5,kn,FPS-KA-BID-0003
RC-KA-005064,Sanjay Naik,PHH,6,30,10,20,kn,FPS-KA-BID-0004
RC-KA-005065,Suresh Patil,PHH,2,10,10,0,kn,FPS-KA-BID-0005
RC-KA-005066,Ganesh Sharma,PHH,2,10,10,0,kn,FPS-KA-BID-0006
RC-KA-005067,Deepa Desai,PHH,7,35,0,35,hi,FPS-KA-BID-0007
RC-KA-005068,Rahul Kumar,PHH,3,15,0,15,hi,FPS-KA-BID-0008
RC-KA-005069,Chetan Shetty,PHH,7,35,0,35,en,FPS-KA-BID-0009
RC-KA-005070,Manoj Joshi,PHH,1,5,0,5,kn,FPS-KA-BID-0010
RC-KA-005071,Divya Patil,PHH,1,5,0,5,kn,FPS-KA-BID-0011
RC-KA-005072,Vijay Desai,PHH,1,5,0,5,kn,FPS-KA-BID-0012
RC-KA-005073,Rekha Desai,PHH,2,10,0,10,kn,FPS-KA-BID-0013
RC-KA-005074,Shalini Poojary,PHH,2,10,10,0,hi,FPS-KA-BID-0014
RC-KA-005075,Ananya Nayak,PHH,7,35,0,35,hi,FPS-KA-BID-0015
RC-KA-005076,Kavya Poojary,PHH,7,35,10,25,hi,FPS-KA-BID-0016
RC-KA-005077,Rahul Naik,PHH,1,5,5,0,kn,FPS-KA-BID-0017
RC-KA-005078,Kavya Nayak,PHH,8,40,40,0,kn,FPS-KA-BID-0018
RC-KA-005079,Manoj Hegde,PHH,1,5,0,5,kn,FPS-KA-BID-0019
RC-KA-005080,Rekha Gowda,PHH,4,20,10,10,kn,FPS-KA-BID-0020
RC-KA-005081,Pooja Joshi,PHH,1,5,5,0,en,FPS-KA-CHA-0001
RC-KA-005082,Meena Shetty,PHH,8,40,40,0,hi,FPS-KA-CHA-0002
RC-KA-005083,Manoj Gowda,PHH,8,40,0,40,hi,FPS-KA-CHA-0003
RC-KA-005084,Pooja Bhat,PHH,7,35,5,30,kn,FPS-KA-CHA-0004
RC-KA-005085,Sneha Shetty,PHH,2,10,10,0,kn,FPS-KA-CHA-0005
RC-KA-005086,Swathi Rao,PHH,3,15,5,10,kn,FPS-KA-CHA-0006
RC-KA-005087,Shalini Gowda,PHH,7,35,20,15,kn,FPS-KA-CHA-0007
RC-KA-005088,Deepa Patil,PHH,4,20,15,5,kn,FPS-KA-CHA-0008
RC-KA-005089,Ananya Nayak,PHH,8,40,30,10,kn,FPS-KA-CHA-0009
RC-KA-005090,Pooja Patil,PHH,1,5,0,5,hi,FPS-KA-CHA-0010
RC-KA-005091,Suresh Joshi,PHH,6,30,30,0,kn,FPS-KA-CHA-0011
RC-KA-005092,Divya Poojary,PHH,1,5,0,5,kn,FPS-KA-CHA-0012
RC-KA-005093,Arjun Reddy,PHH,5,25,5,20,hi,FPS-KA-CHA-0013
RC-KA-005094,Sneha Gowda,PHH,7,35,10,25,kn,FPS-KA-CHA-0014
RC-KA-005095,Kiran Sharma,PHH,7,35,0,35,hi,FPS-KA-CHA-0015
RC-KA-005096,Divya Kulkarni,PHH,7,35,25,10,hi,FPS-KA-CHA-0016
RC-KA-005097,Manoj Poojary,PHH,8,40,0,40,kn,FPS-KA-CHA-0017
RC-KA-005098,Rekha Gowda,PHH,6,30,0,30,kn,FPS-KA-CHA-0018
RC-KA-005099,Vijay Nayak,PHH,4,20,20,0,hi,FPS-KA-CHA-0019
RC-KA-005100,Swathi Shetty,PHH,6,30,25,5,hi,FPS-KA-CHA-0020
RC-KA-005101,Ananya Kumar,PHH,2,10,5,5,kn,FPS-KA-CHB-0001
RC-KA-005102,Kiran Gowda,PHH,7,35,20,15,hi,FPS-KA-CHB-0002
RC-KA-005103,Chetan Reddy,PHH,1,5,5,0,en,FPS-KA-CHB-0003
RC-KA-005104,Sneha Poojary,PHH,6,30,0,30,en,FPS-KA-CHB-0004
RC-KA-005105,Chetan Bhat,PHH,5,25,5,20,kn,FPS-KA-CHB-0005
RC-KA-005106,Deepa Sharma,PHH,2,10,10,0,kn,FPS-KA-CHB-0006
RC-KA-005107,Ganesh Joshi,PHH,3,15,10,5,kn,FPS-KA-CHB-0007
RC-KA-005108,Ganesh Nayak,PHH,2,10,0,10,kn,FPS-KA-CHB-0008
RC-KA-005109,Shankar Rao,PHH,2,10,10,0,kn,FPS-KA-CHB-0009
RC-KA-005110,Deepa Patil,PHH,2,10,0,10,kn,FPS-KA-CHB-0010
RC-KA-005111,Akash Kulkarni,PHH,3,15,0,15,kn,FPS-KA-CHB-0011
RC-KA-005112,Rekha Joshi,PHH,8,40,25,15,hi,FPS-KA-CHB-0012
RC-KA-005113,Shankar Reddy,PHH,7,35,20,15,kn,FPS-KA-CHB-0013
RC-KA-005114,Deepa Naik,PHH,4,20,20,0,en,FPS-KA-CHB-0014
RC-KA-005115,Aarav Kumar,PHH,2,10,0,10,kn,FPS-KA-CHB-0015
RC-KA-005116,Lakshmi Naik,PHH,2,10,5,5,en,FPS-KA-CHB-0016
RC-KA-005117,Shankar Sharma,PHH,3,15,15,0,kn,FPS-KA-CHB-0017
RC-KA-005118,Deepa Joshi,PHH,7,35,5,30,kn,FPS-KA-CHB-0018
RC-KA-005119,Vijay Kumar,PHH,6,30,10,20,hi,FPS-KA-CHB-0019
RC-KA-005120,Akash Nayak,PHH,2,10,0,10,kn,FPS-KA-CHB-0020
RC-KA-005121,Ananya Shetty,PHH,8,40,35,5,kn,FPS-KA-CHK-0001
RC-KA-005122,Prakash Desai,PHH,4,20,20,0,kn,FPS-KA-CHK-0002
RC-KA-005123,Arjun Kulkarni,PHH,2,10,5,5,kn,FPS-KA-CHK-0003
RC-KA-005124,Sanjay Kulkarni,PHH,1,5,5,0,kn,FPS-KA-CHK-0004
RC-KA-005125,Ganesh Kulkarni,PHH,1,5,0,5,kn,FPS-KA-CHK-0005
RC-KA-005126,Shalini Desai,PHH,6,30,30,0,kn,FPS-KA-CHK-0006
RC-KA-005127,Akash Desai,PHH,8,40,10,30,kn,FPS-KA-CHK-0007
RC-KA-005128,Aditi Kumar,PHH,2,10,0,10,kn,FPS-KA-CHK-0008
RC-KA-005129,Shankar Naik,PHH,8,40,5,35,kn,FPS-KA-CHK-0009
RC-KA-005130,Shalini Reddy,PHH,8,40,40,0,en,FPS-KA-CHK-0010
RC-KA-005131,Meena Hegde,PHH,8,40,0,40,kn,FPS-KA-CHK-0011
RC-KA-005132,Shalini Shetty,PHH,5,25,5,20,kn,FPS-KA-CHK-0012
RC-KA-005133,Sneha Naik,PHH,8,40,20,20,hi,FPS-KA-CHK-0013
RC-KA-005134,Bhavana Kulkarni,PHH,6,30,25,5,kn,FPS-KA-CHK-0014
RC-KA-005135,Harish Naik,PHH,1,5,0,5,kn,FPS-KA-CHK-0015
RC-KA-005136,Swathi Desai,PHH,7,35,30,5,en,FPS-KA-CHK-0016
RC-KA-005137,Manoj Kulkarni,PHH,3,15,10,5,en,FPS-KA-CHK-0017
RC-KA-005138,Manoj Poojary,PHH,7,35,20,15,kn,FPS-KA-CHK-0018
RC-KA-005139,Akash Kumar,PHH,7,35,15,20,kn,FPS-KA-CHK-0019
RC-KA-005140,Pooja Nayak,PHH,4,20,10,10,kn,FPS-KA-CHK-0020
RC-KA-005141,Arjun Hegde,PHH,7,35,35,0,kn,FPS-KA-CHI-0001
RC-KA-005142,Lakshmi Bhat,PHH,3,15,5,10,en,FPS-KA-CHI-0002
RC-KA-005143,Ravi Bhat,PHH,8,40,0,40,kn,FPS-KA-CHI-0003
RC-KA-005144,Vijay Joshi,PHH,1,5,5,0,kn,FPS-KA-CHI-0004
RC-KA-005145,Rekha Hegde,PHH,7,35,15,20,kn,FPS-KA-CHI-0005
RC-KA-005146,Aarav Hegde,PHH,6,30,30,0,kn,FPS-KA-CHI-0006
RC-KA-005147,Prakash Kulkarni,PHH,1,5,0,5,kn,FPS-KA-CHI-0007
RC-KA-005148,Manoj Kulkarni,PHH,2,10,5,5,kn,FPS-KA-CHI-0008
RC-KA-005149,Ravi Poojary,PHH,5,25,0,25,kn,FPS-KA-CHI-0009
RC-KA-005150,Sanjay Desai,PHH,6,30,15,15,kn,FPS-KA-CHI-0010
RC-KA-005151,Kavya Naik,PHH,8,40,35,5,hi,FPS-KA-CHI-0011
RC-KA-005152,Prakash Bhat,PHH,3,15,15,0,en,FPS-KA-CHI-0012
RC-KA-005153,Naveen Naik,PHH,1,5,0,5,hi,FPS-KA-CHI-0013
RC-KA-005154,Suresh Kulkarni,PHH,3,15,5,10,kn,FPS-KA-CHI-0014
RC-KA-005155,Bhavana Patil,PHH,3,15,15,0,hi,FPS-KA-CHI-0015
RC-KA-005156,Arjun Desai,PHH,3,15,5,10,en,FPS-KA-CHI-0016
RC-KA-005157,Sneha Desai,PHH,2,10,0,10,hi,FPS-KA-CHI-0017
RC-KA-005158,Lakshmi Sharma,PHH,6,30,25,5,en,FPS-KA-CHI-0018
RC-KA-005159,Bhavana Patil,PHH,2,10,5,5,kn,FPS-KA-CHI-0019
RC-KA-005160,Pooja Hegde,PHH,5,25,5,20,kn,FPS-KA-CHI-0020
RC-KA-005161,Pooja Kulkarni,PHH,2,10,5,5,kn,FPS-KA-DK-0001
RC-KA-005162,Ananya Kumar,PHH,4,20,0,20,kn,FPS-KA-DK-0002
RC-KA-005163,Suresh Rao,PHH,7,35,0,35,kn,FPS-KA-DK-0003
RC-KA-005164,Bhavana Bhat,PHH,3,15,5,10,kn,FPS-KA-DK-0004
RC-KA-005165,Swathi Naik,PHH,7,35,0,35,kn,FPS-KA-DK-0005
RC-KA-005166,Sneha Gowda,PHH,3,15,15,0,kn,FPS-KA-DK-0006
RC-KA-005167,Suresh Gowda,PHH,1,5,5,0,kn,FPS-KA-DK-0007
RC-KA-005168,Shalini Patil,PHH,8,40,35,5,en,FPS-KA-DK-0008
RC-KA-005169,Chetan Desai,PHH,4,20,0,20,kn,FPS-KA-DK-0009
RC-KA-005170,Aditi Naik,PHH,1,5,5,0,kn,FPS-KA-DK-0010
RC-KA-005171,Sneha Desai,PHH,4,20,5,15,kn,FPS-KA-DK-0011
RC-KA-005172,Kiran Sharma,PHH,3,15,10,5,en,FPS-KA-DK-0012
RC-KA-005173,Manoj Shetty,PHH,4,20,0,20,en,FPS-KA-DK-0013
RC-KA-005174,Deepa Nayak,PHH,5,25,15,10,kn,FPS-KA-DK-0014
RC-KA-005175,Aditi Bhat,PHH,1,5,0,5,en,FPS-KA-DK-0015
RC-KA-005176,Bhavana Nayak,PHH,7,35,25,10,kn,FPS-KA-DK-0016
RC-KA-005177,Sneha Joshi,PHH,6,30,20,10,hi,FPS-KA-DK-0017
RC-KA-005178,Deepa Bhat,PHH,6,30,0,30,kn,FPS-KA-DK-0018
RC-KA-005179,Bhavana Rao,PHH,4,20,5,15,kn,FPS-KA-DK-0019
RC-KA-005180,Akash Shetty,PHH,8,40,10,30,kn,FPS-KA-DK-0020
RC-KA-005181,Rahul Patil,PHH,2,10,5,5,kn,FPS-KA-DAV-0001
RC-KA-005182,Aditi Shetty,PHH,5,25,20,5,hi,FPS-KA-DAV-0002
RC-KA-005183,Rahul Hegde,PHH,7,35,30,5,kn,FPS-KA-DAV-0003
RC-KA-005184,Pooja Poojary,PHH,3,15,15,0,en,FPS-KA-DAV-0004
RC-KA-005185,Prakash Desai,PHH,5,25,10,15,en,FPS-KA-DAV-0005
RC-KA-005186,Prakash Hegde,PHH,5,25,20,5,hi,FPS-KA-DAV-0006
RC-KA-005187,Naveen Kumar,PHH,1,5,5,0,hi,FPS-KA-DAV-0007
RC-KA-005188,Lakshmi Bhat,PHH,7,35,20,15,hi,FPS-KA-DAV-0008
RC-KA-005189,Suresh Kumar,PHH,8,40,25,15,hi,FPS-KA-DAV-0009
RC-KA-005190,Aarav Poojary,PHH,1,5,0,5,kn,FPS-KA-DAV-0010
RC-KA-005191,Suresh Shetty,PHH,2,10,10,0,en,FPS-KA-DAV-0011
RC-KA-005192,Akash Nayak,PHH,1,5,0,5,kn,FPS-KA-DAV-0012
RC-KA-005193,Ganesh Nayak,PHH,6,30,30,0,hi,FPS-KA-DAV-0013
RC-KA-005194,Divya Joshi,PHH,4,20,20,0,kn,FPS-KA-DAV-0014
RC-KA-005195,Bhavana Hegde,PHH,1,5,0,5,kn,FPS-KA-DAV-0015
RC-KA-005196,Aarav Shetty,PHH,4,20,5,15,kn,FPS-KA-DAV-0016
RC-KA-005197,Arjun Rao,PHH,4,20,10,10,kn,FPS-KA-DAV-0017
RC-KA-005198,Kavya Kumar,PHH,6,30,25,5,hi,FPS-KA-DAV-0018
RC-KA-005199,Sanjay Reddy,PHH,1,5,0,5,kn,FPS-KA-DAV-0019
RC-KA-005200,Rekha Poojary,PHH,6,30,10,20,kn,FPS-KA-DAV-0020
RC-KA-005201,Prakash Joshi,PHH,1,5,0,5,en,FPS-KA-DHA-0001
RC-KA-005202,Priya Reddy,PHH,5,25,25,0,hi,FPS-KA-DHA-0002
RC-KA-005203,Ganesh Kumar,PHH,4,20,5,15,en,FPS-KA-DHA-0003
RC-KA-005204,Prakash Kulkarni,PHH,4,20,15,5,en,FPS-KA-DHA-0004
RC-KA-005205,Aarav Hegde,PHH,3,15,0,15,hi,FPS-KA-DHA-0005
RC-KA-005206,Shankar Naik,PHH,4,20,0,20,kn,FPS-KA-DHA-0006
RC-KA-005207,Prakash Patil,PHH,5,25,0,25,kn,FPS-KA-DHA-0007
RC-KA-005208,Kiran Hegde,PHH,8,40,25,15,hi,FPS-KA-DHA-0008
RC-KA-005209,Deepa Desai,PHH,3,15,0,15,kn,FPS-KA-DHA-0009
RC-KA-005210,Manoj Naik,PHH,7,35,15,20,kn,FPS-KA-DHA-0010
RC-KA-005211,Vijay Patil,PHH,6,30,10,20,kn,FPS-KA-DHA-0011
RC-KA-005212,Suresh Naik,PHH,7,35,10,25,kn,FPS-KA-DHA-0012
RC-KA-005213,Manoj Hegde,PHH,2,10,10,0,kn,FPS-KA-DHA-0013
RC-KA-005214,Kiran Desai,PHH,2,10,10,0,kn,FPS-KA-DHA-0014
RC-KA-005215,Meena Hegde,PHH,2,10,10,0,kn,FPS-KA-DHA-0015
RC-KA-005216,Lakshmi Kumar,PHH,4,20,15,5,kn,FPS-KA-DHA-0016
RC-KA-005217,Ravi Kumar,PHH,5,25,15,10,kn,FPS-KA-DHA-0017
RC-KA-005218,Swathi Nayak,PHH,7,35,20,15,kn,FPS-KA-DHA-0018
RC-KA-005219,Lakshmi Gowda,PHH,3,15,0,15,en,FPS-KA-DHA-0019
RC-KA-005220,Prakash Sharma,PHH,8,40,15,25,kn,FPS-KA-DHA-0020
RC-KA-005221,Arjun Naik,PHH,3,15,10,5,kn,FPS-KA-GAD-0001
RC-KA-005222,Ananya Gowda,PHH,1,5,0,5,kn,FPS-KA-GAD-0002
RC-KA-005223,Harish Hegde,PHH,6,30,25,5,kn,FPS-KA-GAD-0003
RC-KA-005224,Chetan Bhat,PHH,1,5,5,0,kn,FPS-KA-GAD-0004
RC-KA-005225,Ananya Naik,PHH,3,15,0,15,kn,FPS-KA-GAD-0005
RC-KA-005226,Manoj Desai,PHH,4,20,0,20,kn,FPS-KA-GAD-0006
RC-KA-005227,Priya Shetty,PHH,8,40,10,30,kn,FPS-KA-GAD-0007
RC-KA-005228,Suresh Shetty,PHH,6,30,25,5,hi,FPS-KA-GAD-0008
RC-KA-005229,Deepa Bhat,PHH,3,15,0,15,kn,FPS-KA-GAD-0009
RC-KA-005230,Harish Bhat,PHH,5,25,25,0,hi,FPS-KA-GAD-0010
RC-KA-005231,Vijay Patil,PHH,2,10,10,0,kn,FPS-KA-GAD-0011
RC-KA-005232,Aditi Kulkarni,PHH,5,25,20,5,kn,FPS-KA-GAD-0012
RC-KA-005233,Chetan Reddy,PHH,8,40,30,10,hi,FPS-KA-GAD-0013
RC-KA-005234,Pooja Kulkarni,PHH,4,20,5,15,kn,FPS-KA-GAD-0014
RC-KA-005235,Priya Patil,PHH,6,30,0,30,kn,FPS-KA-GAD-0015
RC-KA-005236,Pooja Poojary,PHH,3,15,10,5,kn,FPS-KA-GAD-0016
RC-KA-005237,Swathi Joshi,PHH,5,25,15,10,kn,FPS-KA-GAD-0017
RC-KA-005238,Shankar Hegde,PHH,6,30,25,5,kn,FPS-KA-GAD-0018
RC-KA-005239,Shalini Hegde,PHH,4,20,20,0,kn,FPS-KA-GAD-0019
RC-KA-005240,Shankar Shetty,PHH,7,35,35,0,kn,FPS-KA-GAD-0020
RC-KA-005241,Arjun Poojary,PHH,1,5,5,0,kn,FPS-KA-HAS-0001
RC-KA-005242,Chetan Kumar,PHH,3,15,10,5,kn,FPS-KA-HAS-0002
RC-KA-005243,Shankar Sharma,PHH,6,30,25,5,kn,FPS-KA-HAS-0003
RC-KA-005244,Bhavana Shetty,PHH,7,35,10,25,kn,FPS-KA-HAS-0004
RC-KA-005245,Pooja Shetty,PHH,6,30,0,30,hi,FPS-KA-HAS-0005
RC-KA-005246,Vijay Poojary,PHH,6,30,25,5,hi,FPS-KA-HAS-0006
RC-KA-005247,Ganesh Desai,PHH,7,35,10,25,hi,FPS-KA-HAS-0007
RC-KA-005248,Shalini Naik,PHH,3,15,15,0,kn,FPS-KA-HAS-0008
RC-KA-005249,Bhavana Rao,PHH,3,15,0,15,kn,FPS-KA-HAS-0009
RC-KA-005250,Akash Naik,PHH,3,15,5,10,en,FPS-KA-HAS-0010
RC-KA-005251,Priya Bhat,PHH,3,15,0,15,hi,FPS-KA-HAS-0011
RC-KA-005252,Rekha Desai,PHH,7,35,30,5,kn,FPS-KA-HAS-0012
RC-KA-005253,Aarav Naik,PHH,1,5,0,5,kn,FPS-KA-HAS-0013
RC-KA-005254,Prakash Hegde,PHH,6,30,30,0,hi,FPS-KA-HAS-0014
RC-KA-005255,Meena Kumar,PHH,7,35,15,20,kn,FPS-KA-HAS-0015
RC-KA-005256,Rekha Reddy,PHH,5,25,25,0,kn,FPS-KA-HAS-0016
RC-KA-005257,Akash Sharma,PHH,2,10,0,10,hi,FPS-KA-HAS-0017
RC-KA-005258,Chetan Joshi,PHH,4,20,5,15,kn,FPS-KA-HAS-0018
RC-KA-005259,Sneha Desai,PHH,3,15,5,10,kn,FPS-KA-HAS-0019
RC-KA-005260,Deepa Kulkarni,PHH,2,10,0,10,en,FPS-KA-HAS-0020
RC-KA-005261,Aarav Nayak,PHH,1,5,0,5,kn,FPS-KA-HAV-0001
RC-KA-005262,Aditi Hegde,PHH,3,15,15,0,kn,FPS-KA-HAV-0002
RC-KA-005263,Vijay Poojary,PHH,7,35,20,15,kn,FPS-KA-HAV-0003
RC-KA-005264,Lakshmi Kumar,PHH,7,35,0,35,kn,FPS-KA-HAV-0004
RC-KA-005265,Rekha Joshi,PHH,3,15,15,0,kn,FPS-KA-HAV-0005
RC-KA-005266,Harish Reddy,PHH,6,30,0,30,kn,FPS-KA-HAV-0006
RC-KA-005267,Lakshmi Gowda,PHH,8,40,10,30,kn,FPS-KA-HAV-0007
RC-KA-005268,Suresh Reddy,PHH,8,40,30,10,kn,FPS-KA-HAV-0008
RC-KA-005269,Swathi Reddy,PHH,2,10,0,10,en,FPS-KA-HAV-0009
RC-KA-005270,Vijay Rao,PHH,7,35,5,30,kn,FPS-KA-HAV-0010
RC-KA-005271,Lakshmi Naik,PHH,5,25,10,15,hi,FPS-KA-HAV-0011
RC-KA-005272,Kiran Hegde,PHH,3,15,5,10,hi,FPS-KA-HAV-0012
RC-KA-005273,Sanjay Reddy,PHH,5,25,10,15,kn,FPS-KA-HAV-0013
RC-KA-005274,Ravi Nayak,PHH,8,40,10,30,kn,FPS-KA-HAV-0014
RC-KA-005275,Lakshmi Nayak,PHH,7,35,25,10,kn,FPS-KA-HAV-0015
RC-KA-005276,Chetan Rao,PHH,1,5,5,0,en,FPS-KA-HAV-0016
RC-KA-005277,Priya Patil,PHH,5,25,20,5,kn,FPS-KA-HAV-0017
RC-KA-005278,Meena Hegde,PHH,5,25,15,10,hi,FPS-KA-HAV-0018
RC-KA-005279,Manoj Patil,PHH,6,30,0,30,kn,FPS-KA-HAV-0019
RC-KA-005280,Prakash Reddy,PHH,2,10,5,5,kn,FPS-KA-HAV-0020
RC-KA-005281,Aditi Nayak,PHH,3,15,10,5,kn,FPS-KA-KAL-0001
RC-KA-005282,Manoj Naik,PHH,3,15,10,5,kn,FPS-KA-KAL-0002
RC-KA-005283,Meena Shetty,PHH,5,25,10,15,kn,FPS-KA-KAL-0003
RC-KA-005284,Shalini Hegde,PHH,4,20,10,10,kn,FPS-KA-KAL-0004
RC-KA-005285,Prakash Naik,PHH,4,20,20,0,hi,FPS-KA-KAL-0005
RC-KA-005286,Suresh Naik,PHH,8,40,0,40,kn,FPS-KA-KAL-0006
RC-KA-005287,Sneha Rao,PHH,6,30,25,5,kn,FPS-KA-KAL-0007
RC-KA-005288,Aditi Naik,PHH,3,15,15,0,kn,FPS-KA-KAL-0008
RC-KA-005289,Lakshmi Bhat,PHH,8,40,10,30,kn,FPS-KA-KAL-0009
RC-KA-005290,Aarav Sharma,PHH,5,25,0,25,kn,FPS-KA-KAL-0010
RC-KA-005291,Harish Poojary,PHH,6,30,5,25,kn,FPS-KA-KAL-0011
RC-KA-005292,Divya Shetty,PHH,6,30,15,15,hi,FPS-KA-KAL-0012
RC-KA-005293,Deepa Hegde,PHH,2,10,5,5,hi,FPS-KA-KAL-0013
RC-KA-005294,Deepa Desai,PHH,1,5,0,5,kn,FPS-KA-KAL-0014
RC-KA-005295,Aditi Naik,PHH,2,10,5,5,kn,FPS-KA-KAL-0015
RC-KA-005296,Ganesh Reddy,PHH,8,40,30,10,hi,FPS-KA-KAL-0016
RC-KA-005297,Naveen Naik,PHH,8,40,40,0,en,FPS-KA-KAL-0017
RC-KA-005298,Kiran Bhat,PHH,5,25,5,20,kn,FPS-KA-KAL-0018
RC-KA-005299,Manoj Kumar,PHH,7,35,5,30,kn,FPS-KA-KAL-0019
RC-KA-005300,Lakshmi Kumar,PHH,6,30,15,15,kn,FPS-KA-KAL-0020
RC-KA-005301,Kiran Rao,PHH,8,40,10,30,kn,FPS-KA-KOD-0001
RC-KA-005302,Shankar Nayak,PHH,4,20,15,5,kn,FPS-KA-KOD-0002
RC-KA-005303,Swathi Bhat,PHH,2,10,5,5,kn,FPS-KA-KOD-0003
RC-KA-005304,Naveen Bhat,PHH,2,10,10,0,kn,FPS-KA-KOD-0004
RC-KA-005305,Meena Nayak,PHH,1,5,0,5,kn,FPS-KA-KOD-0005
RC-KA-005306,Naveen Naik,PHH,3,15,0,15,kn,FPS-KA-KOD-0006
RC-KA-005307,Rahul Kumar,PHH,6,30,0,30,kn,FPS-KA-KOD-0007
RC-KA-005308,Deepa Hegde,PHH,7,35,0,35,kn,FPS-KA-KOD-0008
RC-KA-005309,Swathi Patil,PHH,7,35,30,5,kn,FPS-KA-KOD-0009
RC-KA-005310,Vijay Kulkarni,PHH,4,20,5,15,kn,FPS-KA-KOD-0010
RC-KA-005311,Meena Poojary,PHH,4,20,5,15,kn,FPS-KA-KOD-0011
RC-KA-005312,Kiran Desai,PHH,8,40,15,25,kn,FPS-KA-KOD-0012
RC-KA-005313,Bhavana Bhat,PHH,2,10,10,0,en,FPS-KA-KOD-0013
RC-KA-005314,Suresh Desai,PHH,3,15,15,0,kn,FPS-KA-KOD-0014
RC-KA-005315,Shalini Joshi,PHH,5,25,0,25,kn,FPS-KA-KOD-0015
RC-KA-005316,Lakshmi Hegde,PHH,8,40,40,0,kn,FPS-KA-KOD-0016
RC-KA-005317,Ravi Sharma,PHH,4,20,20,0,hi,FPS-KA-KOD-0017
RC-KA-005318,Chetan Sharma,PHH,1,5,5,0,kn,FPS-KA-KOD-0018
RC-KA-005319,Sneha Shetty,PHH,7,35,15,20,kn,FPS-KA-KOD-0019
RC-KA-005320,Suresh Hegde,PHH,8,40,30,10,kn,FPS-KA-KOD-0020
RC-KA-005321,Ravi Poojary,PHH,6,30,30,0,kn,FPS-KA-KOL-0001
RC-KA-005322,Sneha Gowda,PHH,5,25,20,5,kn,FPS-KA-KOL-0002
RC-KA-005323,Suresh Joshi,PHH,8,40,0,40,kn,FPS-KA-KOL-0003
RC-KA-005324,Kiran Poojary,PHH,7,35,5,30,kn,FPS-KA-KOL-0004
RC-KA-005325,Chetan Shetty,PHH,8,40,0,40,kn,FPS-KA-KOL-0005
RC-KA-005326,Bhavana Sharma,PHH,1,5,0,5,kn,FPS-KA-KOL-0006
RC-KA-005327,Shankar Sharma,PHH,1,5,5,0,kn,FPS-KA-KOL-0007
RC-KA-005328,Prakash Kumar,PHH,3,15,0,15,kn,FPS-KA-KOL-0008
RC-KA-005329,Arjun Kulkarni,PHH,3,15,15,0,kn,FPS-KA-KOL-0009
RC-KA-005330,Shankar Reddy,PHH,6,30,30,0,kn,FPS-KA-KOL-0010
RC-KA-005331,Vijay Nayak,PHH,8,40,5,35,kn,FPS-KA-KOL-0011
RC-KA-005332,Ganesh Sharma,PHH,1,5,5,0,hi,FPS-KA-KOL-0012
RC-KA-005333,Ganesh Shetty,PHH,5,25,5,20,kn,FPS-KA-KOL-0013
RC-KA-005334,Prakash Joshi,PHH,1,5,0,5,hi,FPS-KA-KOL-0014
RC-KA-005335,Deepa Hegde,PHH,4,20,0,20,kn,FPS-KA-KOL-0015
RC-KA-005336,Priya Bhat,PHH,5,25,25,0,en,FPS-KA-KOL-0016
RC-KA-005337,Shalini Sharma,PHH,1,5,0,5,kn,FPS-KA-KOL-0017
RC-KA-005338,Kiran Sharma,PHH,7,35,35,0,kn,FPS-KA-KOL-0018
RC-KA-005339,Sneha Joshi,PHH,3,15,0,15,kn,FPS-KA-KOL-0019
RC-KA-005340,Divya Sharma,PHH,8,40,15,25,kn,FPS-KA-KOL-0020
RC-KA-005341,Vijay Joshi,PHH,3,15,10,5,kn,FPS-KA-KOP-0001
RC-KA-005342,Shankar Patil,PHH,5,25,25,0,hi,FPS-KA-KOP-0002
RC-KA-005343,Pooja Gowda,PHH,3,15,0,15,kn,FPS-KA-KOP-0003
RC-KA-005344,Vijay Patil,PHH,7,35,35,0,kn,FPS-KA-KOP-0004
RC-KA-005345,Divya Poojary,PHH,7,35,30,5,en,FPS-KA-KOP-0005
RC-KA-005346,Rahul Joshi,PHH,4,20,0,20,kn,FPS-KA-KOP-0006
RC-KA-005347,Suresh Naik,PHH,1,5,0,5,kn,FPS-KA-KOP-0007
RC-KA-005348,Chetan Desai,PHH,3,15,0,15,kn,FPS-KA-KOP-0008
RC-KA-005349,Vijay Sharma,PHH,1,5,0,5,kn,FPS-KA-KOP-0009
RC-KA-005350,Aditi Desai,PHH,3,15,15,0,kn,FPS-KA-KOP-0010
RC-KA-005351,Rahul Joshi,PHH,1,5,0,5,kn,FPS-KA-KOP-0011
RC-KA-005352,Kiran Shetty,PHH,1,5,0,5,kn,FPS-KA-KOP-0012
RC-KA-005353,Rahul Kumar,PHH,3,15,15,0,kn,FPS-KA-KOP-0013
RC-KA-005354,Harish Rao,PHH,5,25,10,15,hi,FPS-KA-KOP-0014
RC-KA-005355,Naveen Joshi,PHH,1,5,0,5,kn,FPS-KA-KOP-0015
RC-KA-005356,Rahul Desai,PHH,6,30,20,10,kn,FPS-KA-KOP-0016
RC-KA-005357,Pooja Patil,PHH,5,25,0,25,kn,FPS-KA-KOP-0017
RC-KA-005358,Swathi Nayak,PHH,7,35,5,30,hi,FPS-KA-KOP-0018
RC-KA-005359,Meena Kulkarni,PHH,7,35,5,30,kn,FPS-KA-KOP-0019
RC-KA-005360,Aditi Joshi,PHH,7,35,10,25,kn,FPS-KA-KOP-0020
RC-KA-005361,Ananya Desai,PHH,3,15,0,15,kn,FPS-KA-MAN-0001
RC-KA-005362,Lakshmi Reddy,PHH,1,5,0,5,en,FPS-KA-MAN-0002
RC-KA-005363,Harish Rao,PHH,5,25,10,15,kn,FPS-KA-MAN-0003
RC-KA-005364,Harish Joshi,PHH,7,35,10,25,kn,FPS-KA-MAN-0004
RC-KA-005365,Aarav Bhat,PHH,8,40,0,40,kn,FPS-KA-MAN-0005
RC-KA-005366,Arjun Naik,PHH,5,25,25,0,en,FPS-KA-MAN-0006
RC-KA-005367,Priya Patil,PHH,3,15,10,5,kn,FPS-KA-MAN-0007
RC-KA-005368,Manoj Hegde,PHH,2,10,0,10,en,FPS-KA-MAN-0008
RC-KA-005369,Vijay Naik,PHH,4,20,0,20,kn,FPS-KA-MAN-0009
RC-KA-005370,Vijay Bhat,PHH,8,40,30,10,hi,FPS-KA-MAN-0010
RC-KA-005371,Rahul Rao,PHH,1,5,0,5,kn,FPS-KA-MAN-0011
RC-KA-005372,Shalini Naik,PHH,8,40,0,40,kn,FPS-KA-MAN-0012
RC-KA-005373,Suresh Rao,PHH,4,20,15,5,kn,FPS-KA-MAN-0013
RC-KA-005374,Deepa Bhat,PHH,5,25,0,25,kn,FPS-KA-MAN-0014
RC-KA-005375,Akash Bhat,PHH,7,35,20,15,kn,FPS-KA-MAN-0015
RC-KA-005376,Divya Poojary,PHH,8,40,25,15,hi,FPS-KA-MAN-0016
RC-KA-005377,Sneha Bhat,PHH,1,5,0,5,en,FPS-KA-MAN-0017
RC-KA-005378,Ananya Hegde,PHH,5,25,20,5,kn,FPS-KA-MAN-0018
RC-KA-005379,Kavya Naik,PHH,8,40,35,5,kn,FPS-KA-MAN-0019
RC-KA-005380,Chetan Shetty,PHH,7,35,30,5,kn,FPS-KA-MAN-0020
RC-KA-005381,Kiran Rao,PHH,4,20,15,5,kn,FPS-KA-MYS-0001
RC-KA-005382,Prakash Gowda,PHH,8,40,40,0,kn,FPS-KA-MYS-0002
RC-KA-005383,Prakash Kumar,PHH,3,15,10,5,kn,FPS-KA-MYS-0003
RC-KA-005384,Aditi Naik,PHH,8,40,10,30,kn,FPS-KA-MYS-0004
RC-KA-005385,Lakshmi Sharma,PHH,3,15,15,0,kn,FPS-KA-MYS-0005
RC-KA-005386,Kiran Gowda,PHH,3,15,0,15,kn,FPS-KA-MYS-0006
RC-KA-005387,Swathi Hegde,PHH,8,40,30,10,kn,FPS-KA-MYS-0007
RC-KA-005388,Sanjay Sharma,PHH,7,35,10,25,kn,FPS-KA-MYS-0008
RC-KA-005389,Pooja Bhat,PHH,4,20,5,15,kn,FPS-KA-MYS-0009
RC-KA-005390,Manoj Bhat,PHH,8,40,30,10,kn,FPS-KA-MYS-0010
RC-KA-005391,Kavya Nayak,PHH,8,40,35,5,kn,FPS-KA-MYS-0011
RC-KA-005392,Deepa Naik,PHH,7,35,0,35,kn,FPS-KA-MYS-0012
RC-KA-005393,Suresh Rao,PHH,3,15,0,15,kn,FPS-KA-MYS-0013
RC-KA-005394,Ananya Hegde,PHH,5,25,20,5,hi,FPS-KA-MYS-0014
RC-KA-005395,Chetan Rao,PHH,4,20,20,0,kn,FPS-KA-MYS-0015
RC-KA-005396,Kiran Patil,PHH,2,10,0,10,en,FPS-KA-MYS-0016
RC-KA-005397,Ganesh Naik,PHH,1,5,0,5,en,FPS-KA-MYS-0017
RC-KA-005398,Arjun Kumar,PHH,1,5,5,0,en,FPS-KA-MYS-0018
RC-KA-005399,Ravi Reddy,PHH,2,10,5,5,hi,FPS-KA-MYS-0019
RC-KA-005400,Prakash Gowda,PHH,1,5,5,0,hi,FPS-KA-MYS-0020
RC-KA-005401,Chetan Joshi,PHH,4,20,10,10,kn,FPS-KA-RAI-0001
RC-KA-005402,Rahul Kumar,PHH,8,40,25,15,kn,FPS-KA-RAI-0002
RC-KA-005403,Priya Joshi,PHH,8,40,10,30,kn,FPS-KA-RAI-0003
RC-KA-005404,Kiran Naik,PHH,7,35,25,10,hi,FPS-KA-RAI-0004
RC-KA-005405,Aarav Hegde,PHH,3,15,5,10,kn,FPS-KA-RAI-0005
RC-KA-005406,Deepa Hegde,PHH,3,15,0,15,kn,FPS-KA-RAI-0006
RC-KA-005407,Meena Kulkarni,PHH,4,20,0,20,kn,FPS-KA-RAI-0007
RC-KA-005408,Divya Joshi,PHH,7,35,5,30,kn,FPS-KA-RAI-0008
RC-KA-005409,Prakash Kumar,PHH,7,35,10,25,en,FPS-KA-RAI-0009
RC-KA-005410,Arjun Nayak,PHH,1,5,5,0,kn,FPS-KA-RAI-0010
RC-KA-005411,Kavya Reddy,PHH,1,5,0,5,kn,FPS-KA-RAI-0011
RC-KA-005412,Lakshmi Gowda,PHH,1,5,5,0,kn,FPS-KA-RAI-0012
RC-KA-005413,Arjun Rao,PHH,7,35,25,10,en,FPS-KA-RAI-0013
RC-KA-005414,Shankar Naik,PHH,5,25,0,25,kn,FPS-KA-RAI-0014
RC-KA-005415,Bhavana Hegde,PHH,8,40,20,20,kn,FPS-KA-RAI-0015
RC-KA-005416,Meena Poojary,PHH,4,20,0,20,kn,FPS-KA-RAI-0016
RC-KA-005417,Aarav Patil,PHH,6,30,30,0,kn,FPS-KA-RAI-0017
RC-KA-005418,Rahul Shetty,PHH,8,40,35,5,kn,FPS-KA-RAI-0018
RC-KA-005419,Kavya Patil,PHH,2,10,5,5,en,FPS-KA-RAI-0019
RC-KA-005420,Prakash Rao,PHH,4,20,15,5,kn,FPS-KA-RAI-0020
RC-KA-005421,Harish Kumar,PHH,3,15,0,15,kn,FPS-KA-RAM-0001
RC-KA-005422,Meena Reddy,PHH,2,10,10,0,kn,FPS-KA-RAM-0002
RC-KA-005423,Ganesh Bhat,PHH,4,20,15,5,kn,FPS-KA-RAM-0003
RC-KA-005424,Ganesh Naik,PHH,3,15,10,5,en,FPS-KA-RAM-0004
RC-KA-005425,Aarav Rao,PHH,8,40,20,20,kn,FPS-KA-RAM-0005
RC-KA-005426,Manoj Bhat,PHH,5,25,15,10,kn,FPS-KA-RAM-0006
RC-KA-005427,Harish Gowda,PHH,7,35,10,25,hi,FPS-KA-RAM-0007
RC-KA-005428,Akash Rao,PHH,1,5,5,0,kn,FPS-KA-RAM-0008
RC-KA-005429,Vijay Bhat,PHH,2,10,5,5,kn,FPS-KA-RAM-0009
RC-KA-005430,Deepa Poojary,PHH,6,30,0,30,kn,FPS-KA-RAM-0010
RC-KA-005431,Kavya Kulkarni,PHH,3,15,10,5,kn,FPS-KA-RAM-0011
RC-KA-005432,Sneha Gowda,PHH,4,20,10,10,kn,FPS-KA-RAM-0012
RC-KA-005433,Kavya Joshi,PHH,6,30,20,10,kn,FPS-KA-RAM-0013
RC-KA-005434,Ananya Hegde,PHH,2,10,10,0,hi,FPS-KA-RAM-0014
RC-KA-005435,Shankar Sharma,PHH,8,40,20,20,kn,FPS-KA-RAM-0015
RC-KA-005436,Ravi Gowda,PHH,7,35,25,10,kn,FPS-KA-RAM-0016
RC-KA-005437,Sneha Desai,PHH,7,35,0,35,kn,FPS-KA-RAM-0017
RC-KA-005438,Prakash Reddy,PHH,1,5,0,5,kn,FPS-KA-RAM-0018
RC-KA-005439,Ganesh Gowda,PHH,1,5,5,0,kn,FPS-KA-RAM-0019
RC-KA-005440,Deepa Sharma,PHH,5,25,0,25,en,FPS-KA-RAM-0020
RC-KA-005441,Pooja Patil,PHH,3,15,5,10,kn,FPS-KA-SHI-0001
RC-KA-005442,Shalini Shetty,PHH,4,20,20,0,kn,FPS-KA-SHI-0002
RC-KA-005443,Vijay Kumar,PHH,1,5,0,5,kn,FPS-KA-SHI-0003
RC-KA-005444,Rekha Bhat,PHH,7,35,20,15,kn,FPS-KA-SHI-0004
RC-KA-005445,Aarav Shetty,PHH,1,5,5,0,kn,FPS-KA-SHI-0005
RC-KA-005446,Rekha Hegde,PHH,7,35,25,10,kn,FPS-KA-SHI-0006
RC-KA-005447,Lakshmi Bhat,PHH,2,10,5,5,kn,FPS-KA-SHI-0007
RC-KA-005448,Harish Bhat,PHH,4,20,5,15,hi,FPS-KA-SHI-0008
RC-KA-005449,Vijay Reddy,PHH,7,35,10,25,kn,FPS-KA-SHI-0009
RC-KA-005450,Aarav Joshi,PHH,8,40,20,20,kn,FPS-KA-SHI-0010
RC-KA-005451,Naveen Bhat,PHH,1,5,5,0,kn,FPS-KA-SHI-0011
RC-KA-005452,Aditi Poojary,PHH,8,40,0,40,kn,FPS-KA-SHI-0012
RC-KA-005453,Akash Joshi,PHH,2,10,10,0,kn,FPS-KA-SHI-0013
RC-KA-005454,Chetan Poojary,PHH,5,25,5,20,kn,FPS-KA-SHI-0014
RC-KA-005455,Ananya Hegde,PHH,3,15,15,0,kn,FPS-KA-SHI-0015
RC-KA-005456,Aditi Hegde,PHH,5,25,20,5,kn,FPS-KA-SHI-0016
RC-KA-005457,Ravi Gowda,PHH,3,15,15,0,kn,FPS-KA-SHI-0017
RC-KA-005458,Aditi Naik,PHH,2,10,10,0,kn,FPS-KA-SHI-0018
RC-KA-005459,Harish Reddy,PHH,8,40,10,30,kn,FPS-KA-SHI-0019
RC-KA-005460,Divya Hegde,PHH,8,40,0,40,kn,FPS-KA-SHI-0020
RC-KA-005461,Rekha Rao,PHH,5,25,10,15,kn,FPS-KA-TUM-0001
RC-KA-005462,Swathi Reddy,PHH,1,5,0,5,en,FPS-KA-TUM-0002
RC-KA-005463,Ganesh Kulkarni,PHH,2,10,5,5,hi,FPS-KA-TUM-0003
RC-KA-005464,Sanjay Reddy,PHH,2,10,10,0,kn,FPS-KA-TUM-0004
RC-KA-005465,Meena Rao,PHH,5,25,15,10,en,FPS-KA-TUM-0005
RC-KA-005466,Lakshmi Shetty,PHH,7,35,30,5,kn,FPS-KA-TUM-0006
RC-KA-005467,Prakash Kulkarni,PHH,4,20,10,10,hi,FPS-KA-TUM-0007
RC-KA-005468,Aarav Shetty,PHH,1,5,5,0,kn,FPS-KA-TUM-0008
RC-KA-005469,Ganesh Patil,PHH,7,35,5,30,hi,FPS-KA-TUM-0009
RC-KA-005470,Pooja Nayak,PHH,3,15,10,5,kn,FPS-KA-TUM-0010
RC-KA-005471,Kiran Joshi,PHH,8,40,0,40,kn,FPS-KA-TUM-0011
RC-KA-005472,Sneha Patil,PHH,7,35,0,35,kn,FPS-KA-TUM-0012
RC-KA-005473,Kiran Reddy,PHH,7,35,15,20,kn,FPS-KA-TUM-0013
RC-KA-005474,Arjun Bhat,PHH,7,35,0,35,kn,FPS-KA-TUM-0014
RC-KA-005475,Divya Kumar,PHH,2,10,10,0,kn,FPS-KA-TUM-0015
RC-KA-005476,Chetan Sharma,PHH,1,5,0,5,kn,FPS-KA-TUM-0016
RC-KA-005477,Aditi Rao,PHH,1,5,0,5,en,FPS-KA-TUM-0017
RC-KA-005478,Arjun Patil,PHH,4,20,0,20,kn,FPS-KA-TUM-0018
RC-KA-005479,Chetan Rao,PHH,5,25,10,15,kn,FPS-KA-TUM-0019
RC-KA-005480,Rekha Sharma,PHH,8,40,25,15,kn,FPS-KA-TUM-0020
RC-KA-005481,Prakash Poojary,PHH,6,30,5,25,en,FPS-KA-UDP-0001
RC-KA-005482,Priya Bhat,PHH,3,15,15,0,kn,FPS-KA-UDP-0002
RC-KA-005483,Manoj Hegde,PHH,7,35,0,35,kn,FPS-KA-UDP-0003
RC-KA-005484,Divya Rao,PHH,8,40,20,20,kn,FPS-KA-UDP-0004
RC-KA-005485,Arjun Patil,PHH,5,25,25,0,kn,FPS-KA-UDP-0005
RC-KA-005486,Priya Naik,PHH,6,30,10,20,hi,FPS-KA-UDP-0006
RC-KA-005487,Akash Gowda,PHH,5,25,10,15,kn,FPS-KA-UDP-0007
RC-KA-005488,Priya Kulkarni,PHH,1,5,0,5,hi,FPS-KA-UDP-0008
RC-KA-005489,Chetan Naik,PHH,6,30,25,5,kn,FPS-KA-UDP-0009
RC-KA-005490,Kiran Shetty,PHH,5,25,10,15,kn,FPS-KA-UDP-0010
RC-KA-005491,Meena Sharma,PHH,3,15,10,5,kn,FPS-KA-UDP-0011
RC-KA-005492,Lakshmi Kulkarni,PHH,8,40,0,40,kn,FPS-KA-UDP-0012
RC-KA-005493,Lakshmi Gowda,PHH,1,5,0,5,en,FPS-KA-UDP-0013
RC-KA-005494,Lakshmi Patil,PHH,7,35,10,25,kn,FPS-KA-UDP-0014
RC-KA-005495,Suresh Poojary,PHH,8,40,0,40,kn,FPS-KA-UDP-0015
RC-KA-005496,Kiran Patil,PHH,3,15,15,0,en,FPS-KA-UDP-0016
RC-KA-005497,Akash Hegde,PHH,3,15,5,10,kn,FPS-KA-UDP-0017
RC-KA-005498,Chetan Poojary,PHH,6,30,0,30,kn,FPS-KA-UDP-0018
RC-KA-005499,Ravi Bhat,PHH,1,5,0,5,kn,FPS-KA-UDP-0019
RC-KA-005500,Ananya Hegde,PHH,2,10,5,5,kn,FPS-KA-UDP-0020
RC-KA-005501,Manoj Sharma,PHH,7,35,0,35,kn,FPS-KA-UK-0001
RC-KA-005502,Divya Naik,PHH,1,5,5,0,kn,FPS-KA-UK-0002
RC-KA-005503,Harish Naik,PHH,2,10,0,10,kn,FPS-KA-UK-0003
RC-KA-005504,Kiran Naik,PHH,8,40,20,20,kn,FPS-KA-UK-0004
RC-KA-005505,Shankar Hegde,PHH,6,30,5,25,kn,FPS-KA-UK-0005
RC-KA-005506,Manoj Gowda,PHH,8,40,0,40,kn,FPS-KA-UK-0006
RC-KA-005507,Rahul Sharma,PHH,2,10,10,0,en,FPS-KA-UK-0007
RC-KA-005508,Vijay Naik,PHH,7,35,30,5,en,FPS-KA-UK-0008
RC-KA-005509,Kiran Nayak,PHH,7,35,15,20,kn,FPS-KA-UK-0009
RC-KA-005510,Swathi Hegde,PHH,2,10,10,0,kn,FPS-KA-UK-0010
RC-KA-005511,Pooja Desai,PHH,8,40,20,20,kn,FPS-KA-UK-0011
RC-KA-005512,Manoj Patil,PHH,7,35,0,35,kn,FPS-KA-UK-0012
RC-KA-005513,Rekha Desai,PHH,3,15,5,10,en,FPS-KA-UK-0013
RC-KA-005514,Deepa Kumar,PHH,8,40,5,35,kn,FPS-KA-UK-0014
RC-KA-005515,Bhavana Patil,PHH,1,5,0,5,kn,FPS-KA-UK-0015
RC-KA-005516,Chetan Reddy,PHH,6,30,15,15,kn,FPS-KA-UK-0016
RC-KA-005517,Ravi Shetty,PHH,3,15,15,0,kn,FPS-KA-UK-0017
RC-KA-005518,Kiran Naik,PHH,4,20,20,0,en,FPS-KA-UK-0018
RC-KA-005519,Pooja Nayak,PHH,5,25,0,25,kn,FPS-KA-UK-0019
RC-KA-005520,Bhavana Kumar,PHH,3,15,10,5,kn,FPS-KA-UK-0020
RC-KA-005521,Suresh Sharma,PHH,7,35,35,0,kn,FPS-KA-VIJ-0001
RC-KA-005522,Meena Nayak,PHH,3,15,10,5,kn,FPS-KA-VIJ-0002
RC-KA-005523,Bhavana Reddy,PHH,4,20,20,0,en,FPS-KA-VIJ-0003
RC-KA-005524,Arjun Reddy,PHH,6,30,25,5,kn,FPS-KA-VIJ-0004
RC-KA-005525,Divya Bhat,PHH,3,15,0,15,kn,FPS-KA-VIJ-0005
RC-KA-005526,Chetan Reddy,PHH,1,5,0,5,kn,FPS-KA-VIJ-0006
RC-KA-005527,Chetan Naik,PHH,3,15,10,5,kn,FPS-KA-VIJ-0007
RC-KA-005528,Naveen Shetty,PHH,8,40,5,35,kn,FPS-KA-VIJ-0008
RC-KA-005529,Harish Kumar,PHH,1,5,5,0,kn,FPS-KA-VIJ-0009
RC-KA-005530,Rekha Hegde,PHH,2,10,5,5,hi,FPS-KA-VIJ-0010
RC-KA-005531,Vijay Desai,PHH,3,15,15,0,kn,FPS-KA-VIJ-0011
RC-KA-005532,Priya Sharma,PHH,6,30,15,15,kn,FPS-KA-VIJ-0012
RC-KA-005533,Deepa Gowda,PHH,2,10,0,10,kn,FPS-KA-VIJ-0013
RC-KA-005534,Kiran Rao,PHH,1,5,0,5,hi,FPS-KA-VIJ-0014
RC-KA-005535,Arjun Shetty,PHH,5,25,5,20,kn,FPS-KA-VIJ-0015
RC-KA-005536,Meena Desai,PHH,7,35,10,25,en,FPS-KA-VIJ-0016
RC-KA-005537,Akash Kulkarni,PHH,8,40,35,5,kn,FPS-KA-VIJ-0017
RC-KA-005538,Ganesh Bhat,PHH,1,5,5,0,kn,FPS-KA-VIJ-0018
RC-KA-005539,Manoj Patil,PHH,8,40,0,40,en,FPS-KA-VIJ-0019
RC-KA-005540,Deepa Kulkarni,PHH,4,20,20,0,kn,FPS-KA-VIJ-0020
RC-KA-005541,Bhavana Sharma,PHH,1,5,5,0,kn,FPS-KA-VIG-0001
RC-KA-005542,Akash Bhat,PHH,5,25,5,20,kn,FPS-KA-VIG-0002
RC-KA-005543,Ganesh Bhat,PHH,1,5,5,0,hi,FPS-KA-VIG-0003
RC-KA-005544,Divya Patil,PHH,1,5,0,5,en,FPS-KA-VIG-0004
RC-KA-005545,Kavya Joshi,PHH,7,35,35,0,hi,FPS-KA-VIG-0005
RC-KA-005546,Arjun Hegde,PHH,3,15,15,0,kn,FPS-KA-VIG-0006
RC-KA-005547,Aarav Kumar,PHH,1,5,5,0,hi,FPS-KA-VIG-0007
RC-KA-005548,Chetan Rao,PHH,1,5,0,5,hi,FPS-KA-VIG-0008
RC-KA-005549,Shankar Kulkarni,PHH,6,30,25,5,hi,FPS-KA-VIG-0009
RC-KA-005550,Ganesh Sharma,PHH,5,25,15,10,hi,FPS-KA-VIG-0010
RC-KA-005551,Meena Poojary,PHH,8,40,20,20,kn,FPS-KA-VIG-0011
RC-KA-005552,Chetan Sharma,PHH,4,20,0,20,kn,FPS-KA-VIG-0012
RC-KA-005553,Sneha Sharma,PHH,8,40,40,0,hi,FPS-KA-VIG-0013
RC-KA-005554,Rekha Joshi,PHH,2,10,5,5,kn,FPS-KA-VIG-0014
RC-KA-005555,Priya Nayak,PHH,7,35,0,35,kn,FPS-KA-VIG-0015
RC-KA-005556,Suresh Naik,PHH,6,30,30,0,kn,FPS-KA-VIG-0016
RC-KA-005557,Shalini Kumar,PHH,4,20,5,15,hi,FPS-KA-VIG-0017
RC-KA-005558,Arjun Bhat,PHH,7,35,20,15,kn,FPS-KA-VIG-0018
RC-KA-005559,Kiran Gowda,PHH,4,20,20,0,kn,FPS-KA-VIG-0019
RC-KA-005560,Pooja Sharma,PHH,3,15,0,15,kn,FPS-KA-VIG-0020
RC-KA-005561,Ananya Hegde,PHH,2,10,10,0,en,FPS-KA-YAD-0001
RC-KA-005562,Deepa Naik,PHH,5,25,20,5,en,FPS-KA-YAD-0002
RC-KA-005563,Bhavana Poojary,PHH,1,5,0,5,kn,FPS-KA-YAD-0003
RC-KA-005564,Vijay Nayak,PHH,8,40,30,10,hi,FPS-KA-YAD-0004
RC-KA-005565,Sneha Sharma,PHH,3,15,5,10,en,FPS-KA-YAD-0005
RC-KA-005566,Sneha Nayak,PHH,5,25,15,10,kn,FPS-KA-YAD-0006
RC-KA-005567,Manoj Bhat,PHH,3,15,10,5,kn,FPS-KA-YAD-0007
RC-KA-005568,Shalini Joshi,PHH,8,40,5,35,hi,FPS-KA-YAD-0008
RC-KA-005569,Naveen Poojary,PHH,3,15,5,10,kn,FPS-KA-YAD-0009
RC-KA-005570,Pooja Kumar,PHH,8,40,0,40,kn,FPS-KA-YAD-0010
RC-KA-005571,Aditi Kulkarni,PHH,5,25,0,25,kn,FPS-KA-YAD-0011
RC-KA-005572,Sanjay Naik,PHH,2,10,10,0,kn,FPS-KA-YAD-0012
RC-KA-005573,Sanjay Sharma,PHH,6,30,15,15,kn,FPS-KA-YAD-0013
RC-KA-005574,Ravi Hegde,PHH,5,25,15,10,kn,FPS-KA-YAD-0014
RC-KA-005575,Prakash Rao,PHH,7,35,35,0,kn,FPS-KA-YAD-0015
RC-KA-005576,Pooja Reddy,PHH,7,35,15,20,en,FPS-KA-YAD-0016
RC-KA-005577,Kiran Rao,PHH,1,5,5,0,kn,FPS-KA-YAD-0017
RC-KA-005578,Aditi Sharma,PHH,2,10,0,10,hi,FPS-KA-YAD-0018
RC-KA-005579,Kiran Shetty,PHH,3,15,15,0,kn,FPS-KA-YAD-0019
RC-KA-005580,Kavya Nayak,PHH,1,5,0,5,kn,FPS-KA-YAD-0020
RC-KA-005581,Naveen Kulkarni,PHH,6,30,25,5,kn,FPS-KA-BAG-0001
RC-KA-005582,Vijay Joshi,PHH,5,25,10,15,kn,FPS-KA-BAG-0002
RC-KA-005583,Shalini Hegde,PHH,7,35,25,10,kn,FPS-KA-BAG-0003
RC-KA-005584,Bhavana Naik,PHH,8,40,25,15,kn,FPS-KA-BAG-0004
RC-KA-005585,Aarav Patil,PHH,8,40,30,10,kn,FPS-KA-BAG-0005
RC-KA-005586,Shankar Rao,PHH,7,35,35,0,kn,FPS-KA-BAG-0006
RC-KA-005587,Aditi Hegde,PHH,7,35,10,25,kn,FPS-KA-BAG-0007
RC-KA-005588,Divya Hegde,PHH,2,10,5,5,kn,FPS-KA-BAG-0008
RC-KA-005589,Divya Kumar,PHH,2,10,0,10,kn,FPS-KA-BAG-0009
RC-KA-005590,Naveen Sharma,PHH,5,25,10,15,kn,FPS-KA-BAG-0010
RC-KA-005591,Shankar Kumar,PHH,8,40,20,20,kn,FPS-KA-BAG-0011
RC-KA-005592,Vijay Joshi,PHH,4,20,5,15,kn,FPS-KA-BAG-0012
RC-KA-005593,Deepa Kumar,PHH,7,35,0,35,kn,FPS-KA-BAG-0013
RC-KA-005594,Aditi Bhat,PHH,6,30,30,0,kn,FPS-KA-BAG-0014
RC-KA-005595,Deepa Kulkarni,PHH,2,10,5,5,kn,FPS-KA-BAG-0015
RC-KA-005596,Ganesh Rao,PHH,4,20,0,20,en,FPS-KA-BAG-0016
RC-KA-005597,Naveen Poojary,PHH,5,25,5,20,en,FPS-KA-BAG-0017
RC-KA-005598,Shankar Bhat,PHH,7,35,0,35,kn,FPS-KA-BAG-0018
RC-KA-005599,Priya Bhat,PHH,6,30,25,5,kn,FPS-KA-BAG-0019
RC-KA-005600,Shalini Kumar,PHH,4,20,0,20,en,FPS-KA-BAG-0020
RC-KA-005601,Divya Poojary,PHH,5,25,25,0,kn,FPS-KA-BAL-0001
RC-KA-005602,Sneha Sharma,PHH,1,5,5,0,kn,FPS-KA-BAL-0002
RC-KA-005603,Vijay Kumar,PHH,8,40,35,5,en,FPS-KA-BAL-0003
RC-KA-005604,Harish Shetty,PHH,8,40,10,30,hi,FPS-KA-BAL-0004
RC-KA-005605,Kiran Sharma,PHH,5,25,0,25,kn,FPS-KA-BAL-0005
RC-KA-005606,Harish Nayak,PHH,5,25,20,5,kn,FPS-KA-BAL-0006
RC-KA-005607,Shalini Rao,PHH,1,5,5,0,kn,FPS-KA-BAL-0007
RC-KA-005608,Naveen Patil,PHH,7,35,35,0,kn,FPS-KA-BAL-0008
RC-KA-005609,Deepa Sharma,PHH,6,30,15,15,kn,FPS-KA-BAL-0009
RC-KA-005610,Harish Sharma,PHH,5,25,25,0,kn,FPS-KA-BAL-0010
RC-KA-005611,Lakshmi Patil,PHH,1,5,0,5,kn,FPS-KA-BAL-0011
RC-KA-005612,Rahul Kumar,PHH,3,15,10,5,kn,FPS-KA-BAL-0012
RC-KA-005613,Kavya Nayak,PHH,1,5,0,5,en,FPS-KA-BAL-0013
RC-KA-005614,Priya Kumar,PHH,3,15,10,5,kn,FPS-KA-BAL-0014
RC-KA-005615,Ganesh Shetty,PHH,1,5,5,0,kn,FPS-KA-BAL-0015
RC-KA-005616,Sanjay Desai,PHH,1,5,0,5,kn,FPS-KA-BAL-0016
RC-KA-005617,Lakshmi Desai,PHH,8,40,35,5,kn,FPS-KA-BAL-0017
RC-KA-005618,Ananya Poojary,PHH,6,30,20,10,kn,FPS-KA-BAL-0018
RC-KA-005619,Lakshmi Bhat,PHH,5,25,0,25,kn,FPS-KA-BAL-0019
RC-KA-005620,Bhavana Reddy,PHH,5,25,25,0,kn,FPS-KA-BAL-0020
RC-KA-005621,Harish Rao,PHH,1,5,0,5,hi,FPS-KA-BEL-0001
RC-KA-005622,Lakshmi Shetty,PHH,7,35,20,15,kn,FPS-KA-BEL-0002
RC-KA-005623,Swathi Kulkarni,PHH,4,20,5,15,kn,FPS-KA-BEL-0003
RC-KA-005624,Kiran Bhat,PHH,1,5,5,0,hi,FPS-KA-BEL-0004
RC-KA-005625,Sneha Desai,PHH,5,25,5,20,kn,FPS-KA-BEL-0005
RC-KA-005626,Suresh Desai,PHH,5,25,20,5,kn,FPS-KA-BEL-0006
RC-KA-005627,Bhavana Kumar,PHH,4,20,0,20,kn,FPS-KA-BEL-0007
RC-KA-005628,Shankar Joshi,PHH,4,20,0,20,kn,FPS-KA-BEL-0008
RC-KA-005629,Arjun Naik,PHH,2,10,5,5,kn,FPS-KA-BEL-0009
RC-KA-005630,Sneha Hegde,PHH,3,15,15,0,hi,FPS-KA-BEL-0010
RC-KA-005631,Prakash Kumar,PHH,5,25,15,10,kn,FPS-KA-BEL-0011
RC-KA-005632,Deepa Shetty,PHH,1,5,5,0,en,FPS-KA-BEL-0012
RC-KA-005633,Meena Gowda,PHH,8,40,10,30,kn,FPS-KA-BEL-0013
RC-KA-005634,Aarav Shetty,PHH,8,40,40,0,en,FPS-KA-BEL-0014
RC-KA-005635,Sneha Sharma,PHH,3,15,5,10,kn,FPS-KA-BEL-0015
RC-KA-005636,Shankar Rao,PHH,1,5,0,5,hi,FPS-KA-BEL-0016
RC-KA-005637,Suresh Rao,PHH,7,35,25,10,hi,FPS-KA-BEL-0017
RC-KA-005638,Pooja Naik,PHH,8,40,0,40,kn,FPS-KA-BEL-0018
RC-KA-005639,Rekha Naik,PHH,8,40,35,5,kn,FPS-KA-BEL-0019
RC-KA-005640,Lakshmi Desai,PHH,2,10,10,0,hi,FPS-KA-BEL-0020
RC-KA-005641,Naveen Gowda,PHH,6,30,10,20,kn,FPS-KA-BLR-R-0001
RC-KA-005642,Manoj Joshi,PHH,1,5,5,0,hi,FPS-KA-BLR-R-0002
RC-KA-005643,Harish Desai,PHH,2,10,5,5,kn,FPS-KA-BLR-R-0003
RC-KA-005644,Priya Rao,PHH,1,5,5,0,kn,FPS-KA-BLR-R-0004
RC-KA-005645,Pooja Reddy,PHH,7,35,10,25,kn,FPS-KA-BLR-R-0005
RC-KA-005646,Lakshmi Reddy,PHH,5,25,20,5,kn,FPS-KA-BLR-R-0006
RC-KA-005647,Ravi Desai,PHH,1,5,0,5,en,FPS-KA-BLR-R-0007
RC-KA-005648,Prakash Kulkarni,PHH,7,35,5,30,kn,FPS-KA-BLR-R-0008
RC-KA-005649,Rahul Rao,PHH,2,10,0,10,kn,FPS-KA-BLR-R-0009
RC-KA-005650,Pooja Nayak,PHH,1,5,5,0,hi,FPS-KA-BLR-R-0010
RC-KA-005651,Rahul Rao,PHH,2,10,0,10,en,FPS-KA-BLR-R-0011
RC-KA-005652,Arjun Kumar,PHH,7,35,5,30,kn,FPS-KA-BLR-R-0012
RC-KA-005653,Kiran Kulkarni,PHH,1,5,5,0,kn,FPS-KA-BLR-R-0013
RC-KA-005654,Prakash Shetty,PHH,1,5,0,5,kn,FPS-KA-BLR-R-0014
RC-KA-005655,Prakash Joshi,PHH,4,20,15,5,hi,FPS-KA-BLR-R-0015
RC-KA-005656,Swathi Reddy,PHH,3,15,15,0,kn,FPS-KA-BLR-R-0016
RC-KA-005657,Naveen Poojary,PHH,4,20,10,10,en,FPS-KA-BLR-R-0017
RC-KA-005658,Manoj Nayak,PHH,7,35,20,15,kn,FPS-KA-BLR-R-0018
RC-KA-005659,Aditi Kulkarni,PHH,1,5,0,5,hi,FPS-KA-BLR-R-0019
RC-KA-005660,Priya Kulkarni,PHH,8,40,25,15,kn,FPS-KA-BLR-R-0020
RC-KA-005661,Rekha Desai,PHH,4,20,5,15,kn,FPS-KA-BLR-U-0001
RC-KA-005662,Sanjay Gowda,PHH,1,5,5,0,kn,FPS-KA-BLR-U-0002
RC-KA-005663,Harish Hegde,PHH,3,15,5,10,kn,FPS-KA-BLR-U-0003
RC-KA-005664,Swathi Patil,PHH,1,5,5,0,kn,FPS-KA-BLR-U-0004
RC-KA-005665,Naveen Desai,PHH,6,30,5,25,kn,FPS-KA-BLR-U-0005
RC-KA-005666,Sneha Naik,PHH,4,20,20,0,kn,FPS-KA-BLR-U-0006
RC-KA-005667,Naveen Joshi,PHH,5,25,0,25,kn,FPS-KA-BLR-U-0007
RC-KA-005668,Ganesh Gowda,PHH,4,20,0,20,en,FPS-KA-BLR-U-0008
RC-KA-005669,Rahul Nayak,PHH,5,25,15,10,en,FPS-KA-BLR-U-0009
RC-KA-005670,Rahul Rao,PHH,2,10,0,10,en,FPS-KA-BLR-U-0010
RC-KA-005671,Kiran Joshi,PHH,6,30,30,0,kn,FPS-KA-BLR-U-0011
RC-KA-005672,Shalini Kulkarni,PHH,8,40,5,35,kn,FPS-KA-BLR-U-0012
RC-KA-005673,Rahul Desai,PHH,2,10,10,0,kn,FPS-KA-BLR-U-0013
RC-KA-005674,Suresh Nayak,PHH,8,40,35,5,kn,FPS-KA-BLR-U-0014
RC-KA-005675,Ganesh Rao,PHH,3,15,5,10,kn,FPS-KA-BLR-U-0015
RC-KA-005676,Ganesh Naik,PHH,5,25,10,15,kn,FPS-KA-BLR-U-0016
RC-KA-005677,Ganesh Patil,PHH,7,35,35,0,kn,FPS-KA-BLR-U-0017
RC-KA-005678,Lakshmi Naik,PHH,4,20,15,5,hi,FPS-KA-BLR-U-0018
RC-KA-005679,Arjun Sharma,PHH,1,5,0,5,kn,FPS-KA-BLR-U-0019
RC-KA-005680,Meena Joshi,PHH,6,30,15,15,kn,FPS-KA-BLR-U-0020
RC-KA-005681,Meena Hegde,PHH,4,20,0,20,kn,FPS-KA-BID-0001
RC-KA-005682,Rekha Poojary,PHH,8,40,10,30,kn,FPS-KA-BID-0002
RC-KA-005683,Naveen Kulkarni,PHH,3,15,15,0,kn,FPS-KA-BID-0003
RC-KA-005684,Sneha Gowda,PHH,4,20,0,20,kn,FPS-KA-BID-0004
RC-KA-005685,Rekha Poojary,PHH,6,30,20,10,kn,FPS-KA-BID-0005
RC-KA-005686,Sneha Reddy,PHH,5,25,25,0,kn,FPS-KA-BID-0006
RC-KA-005687,Kiran Kumar,PHH,4,20,5,15,kn,FPS-KA-BID-0007
RC-KA-005688,Rahul Bhat,PHH,6,30,0,30,kn,FPS-KA-BID-0008
RC-KA-005689,Lakshmi Rao,PHH,5,25,20,5,kn,FPS-KA-BID-0009
RC-KA-005690,Vijay Reddy,PHH,7,35,0,35,en,FPS-KA-BID-0010
RC-KA-005691,Suresh Desai,PHH,5,25,10,15,hi,FPS-KA-BID-0011
RC-KA-005692,Ananya Hegde,PHH,5,25,15,10,kn,FPS-KA-BID-0012
RC-KA-005693,Akash Nayak,PHH,6,30,20,10,kn,FPS-KA-BID-0013
RC-KA-005694,Vijay Nayak,PHH,8,40,20,20,hi,FPS-KA-BID-0014
RC-KA-005695,Aarav Hegde,PHH,2,10,5,5,kn,FPS-KA-BID-0015
RC-KA-005696,Akash Joshi,PHH,1,5,0,5,en,FPS-KA-BID-0016
RC-KA-005697,Akash Poojary,PHH,2,10,5,5,kn,FPS-KA-BID-0017
RC-KA-005698,Shalini Naik,PHH,5,25,0,25,kn,FPS-KA-BID-0018
RC-KA-005699,Rekha Nayak,PHH,5,25,25,0,kn,FPS-KA-BID-0019
RC-KA-005700,Chetan Bhat,PHH,1,5,5,0,hi,FPS-KA-BID-0020
RC-KA-005701,Sanjay Shetty,PHH,8,40,35,5,kn,FPS-KA-CHA-0001
RC-KA-005702,Rahul Reddy,PHH,3,15,15,0,kn,FPS-KA-CHA-0002
RC-KA-005703,Lakshmi Kumar,PHH,4,20,0,20,hi,FPS-KA-CHA-0003
RC-KA-005704,Sanjay Poojary,PHH,6,30,25,5,kn,FPS-KA-CHA-0004
RC-KA-005705,Swathi Reddy,PHH,7,35,10,25,kn,FPS-KA-CHA-0005
RC-KA-005706,Ananya Sharma,PHH,7,35,30,5,kn,FPS-KA-CHA-0006
RC-KA-005707,Akash Patil,PHH,7,35,30,5,kn,FPS-KA-CHA-0007
RC-KA-005708,Vijay Reddy,PHH,3,15,10,5,hi,FPS-KA-CHA-0008
RC-KA-005709,Vijay Patil,PHH,5,25,5,20,hi,FPS-KA-CHA-0009
RC-KA-005710,Rekha Reddy,PHH,3,15,5,10,kn,FPS-KA-CHA-0010
RC-KA-005711,Aditi Gowda,PHH,5,25,20,5,kn,FPS-KA-CHA-0011
RC-KA-005712,Pooja Reddy,PHH,4,20,15,5,en,FPS-KA-CHA-0012
RC-KA-005713,Sanjay Patil,PHH,7,35,35,0,kn,FPS-KA-CHA-0013
RC-KA-005714,Priya Gowda,PHH,2,10,5,5,en,FPS-KA-CHA-0014
RC-KA-005715,Divya Kumar,PHH,6,30,5,25,kn,FPS-KA-CHA-0015
RC-KA-005716,Aarav Sharma,PHH,7,35,5,30,kn,FPS-KA-CHA-0016
RC-KA-005717,Suresh Hegde,PHH,3,15,5,10,kn,FPS-KA-CHA-0017
RC-KA-005718,Kiran Nayak,PHH,2,10,5,5,kn,FPS-KA-CHA-0018
RC-KA-005719,Arjun Kumar,PHH,6,30,15,15,en,FPS-KA-CHA-0019
RC-KA-005720,Kiran Reddy,PHH,7,35,0,35,kn,FPS-KA-CHA-0020
RC-KA-005721,Akash Sharma,PHH,8,40,10,30,kn,FPS-KA-CHB-0001
RC-KA-005722,Kiran Nayak,PHH,6,30,25,5,en,FPS-KA-CHB-0002
RC-KA-005723,Bhavana Poojary,PHH,6,30,10,20,kn,FPS-KA-CHB-0003
RC-KA-005724,Kiran Kumar,PHH,3,15,15,0,kn,FPS-KA-CHB-0004
RC-KA-005725,Aditi Patil,PHH,5,25,0,25,kn,FPS-KA-CHB-0005
RC-KA-005726,Bhavana Bhat,PHH,4,20,20,0,kn,FPS-KA-CHB-0006
RC-KA-005727,Sanjay Reddy,PHH,6,30,10,20,kn,FPS-KA-CHB-0007
RC-KA-005728,Divya Nayak,PHH,5,25,10,15,en,FPS-KA-CHB-0008
RC-KA-005729,Pooja Nayak,PHH,7,35,35,0,kn,FPS-KA-CHB-0009
RC-KA-005730,Meena Rao,PHH,4,20,20,0,kn,FPS-KA-CHB-0010
RC-KA-005731,Vijay Hegde,PHH,4,20,5,15,kn,FPS-KA-CHB-0011
RC-KA-005732,Rekha Gowda,PHH,5,25,15,10,hi,FPS-KA-CHB-0012
RC-KA-005733,Prakash Kumar,PHH,6,30,25,5,kn,FPS-KA-CHB-0013
RC-KA-005734,Ananya Naik,PHH,4,20,5,15,kn,FPS-KA-CHB-0014
RC-KA-005735,Prakash Kumar,PHH,8,40,40,0,kn,FPS-KA-CHB-0015
RC-KA-005736,Suresh Bhat,PHH,6,30,5,25,kn,FPS-KA-CHB-0016
RC-KA-005737,Harish Naik,PHH,1,5,5,0,kn,FPS-KA-CHB-0017
RC-KA-005738,Lakshmi Kulkarni,PHH,4,20,15,5,kn,FPS-KA-CHB-0018
RC-KA-005739,Rekha Joshi,PHH,2,10,10,0,kn,FPS-KA-CHB-0019
RC-KA-005740,Ananya Bhat,PHH,6,30,20,10,kn,FPS-KA-CHB-0020
RC-KA-005741,Chetan Sharma,PHH,8,40,15,25,kn,FPS-KA-CHK-0001
RC-KA-005742,Akash Naik,PHH,2,10,5,5,kn,FPS-KA-CHK-0002
RC-KA-005743,Lakshmi Shetty,PHH,4,20,15,5,kn,FPS-KA-CHK-0003
RC-KA-005744,Pooja Gowda,PHH,2,10,0,10,kn,FPS-KA-CHK-0004
RC-KA-005745,Ravi Kulkarni,PHH,8,40,5,35,kn,FPS-KA-CHK-0005
RC-KA-005746,Harish Rao,PHH,6,30,15,15,kn,FPS-KA-CHK-0006
RC-KA-005747,Pooja Poojary,PHH,8,40,0,40,kn,FPS-KA-CHK-0007
RC-KA-005748,Sneha Sharma,PHH,1,5,0,5,en,FPS-KA-CHK-0008
RC-KA-005749,Sanjay Gowda,PHH,4,20,5,15,en,FPS-KA-CHK-0009
RC-KA-005750,Sanjay Reddy,PHH,6,30,10,20,kn,FPS-KA-CHK-0010
RC-KA-005751,Bhavana Reddy,PHH,1,5,5,0,kn,FPS-KA-CHK-0011
RC-KA-005752,Lakshmi Kumar,PHH,1,5,0,5,en,FPS-KA-CHK-0012
RC-KA-005753,Harish Nayak,PHH,6,30,25,5,kn,FPS-KA-CHK-0013
RC-KA-005754,Arjun Shetty,PHH,1,5,5,0,en,FPS-KA-CHK-0014
RC-KA-005755,Ganesh Rao,PHH,5,25,25,0,kn,FPS-KA-CHK-0015
RC-KA-005756,Meena Patil,PHH,3,15,0,15,kn,FPS-KA-CHK-0016
RC-KA-005757,Harish Bhat,PHH,2,10,5,5,kn,FPS-KA-CHK-0017
RC-KA-005758,Suresh Kulkarni,PHH,3,15,0,15,kn,FPS-KA-CHK-0018
RC-KA-005759,Sanjay Joshi,PHH,7,35,15,20,kn,FPS-KA-CHK-0019
RC-KA-005760,Arjun Naik,PHH,3,15,5,10,kn,FPS-KA-CHK-0020
RC-KA-005761,Deepa Kumar,PHH,1,5,0,5,en,FPS-KA-CHI-0001
RC-KA-005762,Aditi Hegde,PHH,3,15,5,10,kn,FPS-KA-CHI-0002
RC-KA-005763,Ananya Poojary,PHH,7,35,10,25,kn,FPS-KA-CHI-0003
RC-KA-005764,Chetan Naik,PHH,1,5,0,5,kn,FPS-KA-CHI-0004
RC-KA-005765,Ananya Reddy,PHH,5,25,5,20,kn,FPS-KA-CHI-0005
RC-KA-005766,Naveen Kulkarni,PHH,4,20,5,15,kn,FPS-KA-CHI-0006
RC-KA-005767,Sanjay Sharma,PHH,2,10,0,10,kn,FPS-KA-CHI-0007
RC-KA-005768,Lakshmi Poojary,PHH,5,25,10,15,hi,FPS-KA-CHI-0008
RC-KA-005769,Ganesh Shetty,PHH,5,25,10,15,kn,FPS-KA-CHI-0009
RC-KA-005770,Ganesh Sharma,PHH,7,35,20,15,hi,FPS-KA-CHI-0010
RC-KA-005771,Bhavana Naik,PHH,8,40,30,10,hi,FPS-KA-CHI-0011
RC-KA-005772,Bhavana Bhat,PHH,7,35,30,5,kn,FPS-KA-CHI-0012
RC-KA-005773,Shalini Desai,PHH,1,5,5,0,kn,FPS-KA-CHI-0013
RC-KA-005774,Prakash Joshi,PHH,8,40,15,25,kn,FPS-KA-CHI-0014
RC-KA-005775,Sneha Reddy,PHH,6,30,5,25,kn,FPS-KA-CHI-0015
RC-KA-005776,Akash Hegde,PHH,6,30,15,15,hi,FPS-KA-CHI-0016
RC-KA-005777,Kiran Hegde,PHH,3,15,15,0,en,FPS-KA-CHI-0017
RC-KA-005778,Divya Desai,PHH,6,30,20,10,hi,FPS-KA-CHI-0018
RC-KA-005779,Deepa Kumar,PHH,7,35,10,25,kn,FPS-KA-CHI-0019
RC-KA-005780,Ananya Naik,PHH,1,5,5,0,kn,FPS-KA-CHI-0020
RC-KA-005781,Kiran Kumar,PHH,8,40,25,15,kn,FPS-KA-DK-0001
RC-KA-005782,Manoj Rao,PHH,6,30,5,25,kn,FPS-KA-DK-0002
RC-KA-005783,Harish Poojary,PHH,5,25,15,10,kn,FPS-KA-DK-0003
RC-KA-005784,Prakash Bhat,PHH,4,20,10,10,kn,FPS-KA-DK-0004
RC-KA-005785,Swathi Rao,PHH,7,35,10,25,hi,FPS-KA-DK-0005
RC-KA-005786,Ganesh Reddy,PHH,6,30,25,5,kn,FPS-KA-DK-0006
RC-KA-005787,Arjun Naik,PHH,7,35,35,0,en,FPS-KA-DK-0007
RC-KA-005788,Bhavana Poojary,PHH,2,10,5,5,kn,FPS-KA-DK-0008
RC-KA-005789,Sanjay Poojary,PHH,8,40,30,10,en,FPS-KA-DK-0009
RC-KA-005790,Ravi Naik,PHH,4,20,10,10,kn,FPS-KA-DK-0010
RC-KA-005791,Lakshmi Reddy,PHH,7,35,25,10,kn,FPS-KA-DK-0011
RC-KA-005792,Kiran Bhat,PHH,1,5,5,0,hi,FPS-KA-DK-0012
RC-KA-005793,Prakash Poojary,PHH,3,15,10,5,kn,FPS-KA-DK-0013
RC-KA-005794,Swathi Rao,PHH,4,20,20,0,kn,FPS-KA-DK-0014
RC-KA-005795,Suresh Reddy,PHH,2,10,5,5,kn,FPS-KA-DK-0015
RC-KA-005796,Shankar Joshi,PHH,2,10,0,10,kn,FPS-KA-DK-0016
RC-KA-005797,Deepa Patil,PHH,4,20,15,5,kn,FPS-KA-DK-0017
RC-KA-005798,Kiran Patil,PHH,8,40,15,25,kn,FPS-KA-DK-0018
RC-KA-005799,Shalini Patil,PHH,8,40,10,30,hi,FPS-KA-DK-0019
RC-KA-005800,Lakshmi Kumar,PHH,2,10,5,5,kn,FPS-KA-DK-0020
RC-KA-005801,Aarav Joshi,PHH,8,40,40,0,en,FPS-KA-DAV-0001
RC-KA-005802,Prakash Reddy,PHH,3,15,15,0,hi,FPS-KA-DAV-0002
RC-KA-005803,Ganesh Kulkarni,PHH,2,10,0,10,en,FPS-KA-DAV-0003
RC-KA-005804,Shankar Rao,PHH,4,20,20,0,hi,FPS-KA-DAV-0004
RC-KA-005805,Rahul Naik,PHH,8,40,30,10,kn,FPS-KA-DAV-0005
RC-KA-005806,Rekha Naik,PHH,3,15,5,10,kn,FPS-KA-DAV-0006
RC-KA-005807,Vijay Kumar,PHH,6,30,30,0,kn,FPS-KA-DAV-0007
RC-KA-005808,Arjun Bhat,PHH,4,20,20,0,kn,FPS-KA-DAV-0008
RC-KA-005809,Sneha Sharma,PHH,5,25,0,25,kn,FPS-KA-DAV-0009
RC-KA-005810,Akash Poojary,PHH,5,25,20,5,hi,FPS-KA-DAV-0010
RC-KA-005811,Rekha Nayak,PHH,2,10,0,10,kn,FPS-KA-DAV-0011
RC-KA-005812,Akash Sharma,PHH,7,35,20,15,kn,FPS-KA-DAV-0012
RC-KA-005813,Aarav Kulkarni,PHH,7,35,35,0,en,FPS-KA-DAV-0013
RC-KA-005814,Priya Gowda,PHH,4,20,5,15,kn,FPS-KA-DAV-0014
RC-KA-005815,Ananya Shetty,PHH,1,5,0,5,en,FPS-KA-DAV-0015
RC-KA-005816,Aarav Gowda,PHH,6,30,30,0,hi,FPS-KA-DAV-0016
RC-KA-005817,Divya Bhat,PHH,7,35,15,20,kn,FPS-KA-DAV-0017
RC-KA-005818,Deepa Naik,PHH,1,5,0,5,kn,FPS-KA-DAV-0018
RC-KA-005819,Ravi Kulkarni,PHH,5,25,5,20,kn,FPS-KA-DAV-0019
RC-KA-005820,Divya Joshi,PHH,8,40,15,25,en,FPS-KA-DAV-0020
RC-KA-005821,Prakash Joshi,PHH,2,10,5,5,kn,FPS-KA-DHA-0001
RC-KA-005822,Akash Kumar,PHH,5,25,0,25,hi,FPS-KA-DHA-0002
RC-KA-005823,Aditi Gowda,PHH,7,35,35,0,kn,FPS-KA-DHA-0003
RC-KA-005824,Kiran Patil,PHH,5,25,20,5,kn,FPS-KA-DHA-0004
RC-KA-005825,Prakash Poojary,PHH,5,25,20,5,kn,FPS-KA-DHA-0005
RC-KA-005826,Ganesh Poojary,PHH,2,10,0,10,kn,FPS-KA-DHA-0006
RC-KA-005827,Pooja Kumar,PHH,3,15,0,15,kn,FPS-KA-DHA-0007
RC-KA-005828,Kiran Nayak,PHH,7,35,30,5,en,FPS-KA-DHA-0008
RC-KA-005829,Priya Patil,PHH,1,5,0,5,en,FPS-KA-DHA-0009
RC-KA-005830,Suresh Rao,PHH,4,20,10,10,kn,FPS-KA-DHA-0010
RC-KA-005831,Sanjay Nayak,PHH,4,20,10,10,kn,FPS-KA-DHA-0011
RC-KA-005832,Swathi Shetty,PHH,6,30,10,20,kn,FPS-KA-DHA-0012
RC-KA-005833,Akash Kulkarni,PHH,1,5,0,5,kn,FPS-KA-DHA-0013
RC-KA-005834,Ravi Gowda,PHH,1,5,5,0,kn,FPS-KA-DHA-0014
RC-KA-005835,Pooja Kulkarni,PHH,8,40,5,35,kn,FPS-KA-DHA-0015
RC-KA-005836,Meena Gowda,PHH,1,5,0,5,kn,FPS-KA-DHA-0016
RC-KA-005837,Swathi Shetty,PHH,2,10,5,5,kn,FPS-KA-DHA-0017
RC-KA-005838,Vijay Kumar,PHH,2,10,10,0,kn,FPS-KA-DHA-0018
RC-KA-005839,Manoj Poojary,PHH,1,5,0,5,kn,FPS-KA-DHA-0019
RC-KA-005840,Naveen Joshi,PHH,1,5,0,5,en,FPS-KA-DHA-0020
RC-KA-005841,Arjun Kumar,PHH,2,10,5,5,kn,FPS-KA-GAD-0001
RC-KA-005842,Vijay Desai,PHH,8,40,20,20,kn,FPS-KA-GAD-0002
RC-KA-005843,Lakshmi Desai,PHH,2,10,10,0,kn,FPS-KA-GAD-0003
RC-KA-005844,Suresh Kulkarni,PHH,6,30,15,15,kn,FPS-KA-GAD-0004
RC-KA-005845,Pooja Rao,PHH,4,20,20,0,kn,FPS-KA-GAD-0005
RC-KA-005846,Meena Naik,PHH,2,10,0,10,en,FPS-KA-GAD-0006
RC-KA-005847,Ananya Rao,PHH,2,10,10,0,en,FPS-KA-GAD-0007
RC-KA-005848,Arjun Gowda,PHH,5,25,5,20,kn,FPS-KA-GAD-0008
RC-KA-005849,Akash Bhat,PHH,6,30,10,20,en,FPS-KA-GAD-0009
RC-KA-005850,Chetan Hegde,PHH,4,20,0,20,en,FPS-KA-GAD-0010
RC-KA-005851,Lakshmi Poojary,PHH,1,5,5,0,kn,FPS-KA-GAD-0011
RC-KA-005852,Pooja Naik,PHH,3,15,15,0,kn,FPS-KA-GAD-0012
RC-KA-005853,Harish Shetty,PHH,6,30,10,20,kn,FPS-KA-GAD-0013
RC-KA-005854,Aarav Shetty,PHH,8,40,20,20,en,FPS-KA-GAD-0014
RC-KA-005855,Shankar Gowda,PHH,6,30,10,20,kn,FPS-KA-GAD-0015
RC-KA-005856,Priya Naik,PHH,8,40,40,0,kn,FPS-KA-GAD-0016
RC-KA-005857,Ganesh Joshi,PHH,6,30,15,15,kn,FPS-KA-GAD-0017
RC-KA-005858,Ananya Sharma,PHH,4,20,0,20,kn,FPS-KA-GAD-0018
RC-KA-005859,Ravi Nayak,PHH,6,30,15,15,kn,FPS-KA-GAD-0019
RC-KA-005860,Shalini Joshi,PHH,7,35,15,20,kn,FPS-KA-GAD-0020
RC-KA-005861,Bhavana Desai,PHH,5,25,5,20,en,FPS-KA-HAS-0001
RC-KA-005862,Kiran Shetty,PHH,2,10,5,5,kn,FPS-KA-HAS-0002
RC-KA-005863,Divya Kulkarni,PHH,6,30,15,15,kn,FPS-KA-HAS-0003
RC-KA-005864,Aditi Gowda,PHH,1,5,5,0,kn,FPS-KA-HAS-0004
RC-KA-005865,Ananya Kumar,PHH,5,25,25,0,en,FPS-KA-HAS-0005
RC-KA-005866,Kiran Joshi,PHH,4,20,0,20,en,FPS-KA-HAS-0006
RC-KA-005867,Shankar Bhat,PHH,7,35,10,25,kn,FPS-KA-HAS-0007
RC-KA-005868,Aarav Poojary,PHH,8,40,5,35,en,FPS-KA-HAS-0008
RC-KA-005869,Aditi Poojary,PHH,7,35,30,5,kn,FPS-KA-HAS-0009
RC-KA-005870,Pooja Shetty,PHH,5,25,0,25,kn,FPS-KA-HAS-0010
RC-KA-005871,Chetan Joshi,PHH,1,5,5,0,kn,FPS-KA-HAS-0011
RC-KA-005872,Shankar Poojary,PHH,2,10,0,10,kn,FPS-KA-HAS-0012
RC-KA-005873,Pooja Shetty,PHH,3,15,5,10,kn,FPS-KA-HAS-0013
RC-KA-005874,Ganesh Patil,PHH,3,15,5,10,kn,FPS-KA-HAS-0014
RC-KA-005875,Arjun Joshi,PHH,5,25,15,10,kn,FPS-KA-HAS-0015
RC-KA-005876,Prakash Sharma,PHH,4,20,10,10,en,FPS-KA-HAS-0016
RC-KA-005877,Akash Patil,PHH,5,25,0,25,kn,FPS-KA-HAS-0017
RC-KA-005878,Ananya Reddy,PHH,5,25,15,10,kn,FPS-KA-HAS-0018
RC-KA-005879,Ananya Nayak,PHH,6,30,30,0,kn,FPS-KA-HAS-0019
RC-KA-005880,Sneha Kumar,PHH,4,20,10,10,kn,FPS-KA-HAS-0020
RC-KA-005881,Shalini Desai,PHH,6,30,5,25,kn,FPS-KA-HAV-0001
RC-KA-005882,Naveen Sharma,PHH,3,15,5,10,hi,FPS-KA-HAV-0002
RC-KA-005883,Lakshmi Naik,PHH,3,15,0,15,hi,FPS-KA-HAV-0003
RC-KA-005884,Ravi Hegde,PHH,2,10,10,0,hi,FPS-KA-HAV-0004
RC-KA-005885,Priya Rao,PHH,8,40,40,0,en,FPS-KA-HAV-0005
RC-KA-005886,Arjun Nayak,PHH,8,40,40,0,kn,FPS-KA-HAV-0006
RC-KA-005887,Ganesh Gowda,PHH,1,5,0,5,kn,FPS-KA-HAV-0007
RC-KA-005888,Deepa Naik,PHH,5,25,25,0,en,FPS-KA-HAV-0008
RC-KA-005889,Shalini Shetty,PHH,2,10,10,0,kn,FPS-KA-HAV-0009
RC-KA-005890,Meena Joshi,PHH,2,10,10,0,kn,FPS-KA-HAV-0010
RC-KA-005891,Swathi Poojary,PHH,7,35,35,0,kn,FPS-KA-HAV-0011
RC-KA-005892,Rahul Joshi,PHH,3,15,0,15,kn,FPS-KA-HAV-0012
RC-KA-005893,Shalini Hegde,PHH,4,20,0,20,kn,FPS-KA-HAV-0013
RC-KA-005894,Aarav Poojary,PHH,8,40,40,0,kn,FPS-KA-HAV-0014
RC-KA-005895,Shalini Gowda,PHH,4,20,15,5,kn,FPS-KA-HAV-0015
RC-KA-005896,Ravi Sharma,PHH,3,15,0,15,kn,FPS-KA-HAV-0016
RC-KA-005897,Swathi Reddy,PHH,8,40,20,20,en,FPS-KA-HAV-0017
RC-KA-005898,Harish Joshi,PHH,7,35,0,35,kn,FPS-KA-HAV-0018
RC-KA-005899,Shankar Hegde,PHH,6,30,10,20,en,FPS-KA-HAV-0019
RC-KA-005900,Pooja Rao,PHH,5,25,25,0,hi,FPS-KA-HAV-0020
RC-KA-005901,Sanjay Patil,PHH,5,25,5,20,kn,FPS-KA-KAL-0001
RC-KA-005902,Aditi Bhat,PHH,7,35,30,5,kn,FPS-KA-KAL-0002
RC-KA-005903,Naveen Sharma,PHH,5,25,10,15,en,FPS-KA-KAL-0003
RC-KA-005904,Sanjay Patil,PHH,7,35,0,35,kn,FPS-KA-KAL-0004
RC-KA-005905,Deepa Reddy,PHH,7,35,25,10,kn,FPS-KA-KAL-0005
RC-KA-005906,Swathi Patil,PHH,8,40,20,20,kn,FPS-KA-KAL-0006
RC-KA-005907,Manoj Kulkarni,PHH,2,10,5,5,kn,FPS-KA-KAL-0007
RC-KA-005908,Pooja Gowda,PHH,2,10,0,10,kn,FPS-KA-KAL-0008
RC-KA-005909,Aditi Shetty,PHH,5,25,20,5,en,FPS-KA-KAL-0009
RC-KA-005910,Naveen Naik,PHH,6,30,5,25,kn,FPS-KA-KAL-0010
RC-KA-005911,Priya Sharma,PHH,4,20,15,5,hi,FPS-KA-KAL-0011
RC-KA-005912,Ganesh Desai,PHH,3,15,15,0,kn,FPS-KA-KAL-0012
RC-KA-005913,Swathi Rao,PHH,8,40,10,30,kn,FPS-KA-KAL-0013
RC-KA-005914,Deepa Bhat,PHH,1,5,5,0,kn,FPS-KA-KAL-0014
RC-KA-005915,Ganesh Joshi,PHH,3,15,10,5,kn,FPS-KA-KAL-0015
RC-KA-005916,Manoj Bhat,PHH,1,5,0,5,kn,FPS-KA-KAL-0016
RC-KA-005917,Harish Hegde,PHH,3,15,10,5,kn,FPS-KA-KAL-0017
RC-KA-005918,Harish Joshi,PHH,4,20,15,5,kn,FPS-KA-KAL-0018
RC-KA-005919,Suresh Sharma,PHH,6,30,10,20,kn,FPS-KA-KAL-0019
RC-KA-005920,Meena Sharma,PHH,1,5,5,0,kn,FPS-KA-KAL-0020
RC-KA-005921,Bhavana Hegde,PHH,7,35,0,35,kn,FPS-KA-KOD-0001
RC-KA-005922,Shalini Reddy,PHH,8,40,0,40,kn,FPS-KA-KOD-0002
RC-KA-005923,Harish Poojary,PHH,4,20,5,15,kn,FPS-KA-KOD-0003
RC-KA-005924,Deepa Kumar,PHH,5,25,10,15,kn,FPS-KA-KOD-0004
RC-KA-005925,Vijay Rao,PHH,2,10,5,5,kn,FPS-KA-KOD-0005
RC-KA-005926,Divya Patil,PHH,3,15,15,0,kn,FPS-KA-KOD-0006
RC-KA-005927,Swathi Nayak,PHH,3,15,15,0,kn,FPS-KA-KOD-0007
RC-KA-005928,Meena Naik,PHH,2,10,5,5,kn,FPS-KA-KOD-0008
RC-KA-005929,Aarav Naik,PHH,3,15,5,10,hi,FPS-KA-KOD-0009
RC-KA-005930,Vijay Rao,PHH,2,10,5,5,kn,FPS-KA-KOD-0010
RC-KA-005931,Deepa Sharma,PHH,3,15,0,15,kn,FPS-KA-KOD-0011
RC-KA-005932,Chetan Desai,PHH,3,15,15,0,kn,FPS-KA-KOD-0012
RC-KA-005933,Arjun Kumar,PHH,1,5,5,0,kn,FPS-KA-KOD-0013
RC-KA-005934,Chetan Gowda,PHH,6,30,30,0,kn,FPS-KA-KOD-0014
RC-KA-005935,Aditi Naik,PHH,4,20,20,0,kn,FPS-KA-KOD-0015
RC-KA-005936,Aditi Kulkarni,PHH,6,30,0,30,kn,FPS-KA-KOD-0016
RC-KA-005937,Ananya Sharma,PHH,2,10,10,0,kn,FPS-KA-KOD-0017
RC-KA-005938,Priya Reddy,PHH,4,20,5,15,kn,FPS-KA-KOD-0018
RC-KA-005939,Aditi Patil,PHH,8,40,35,5,kn,FPS-KA-KOD-0019
RC-KA-005940,Prakash Poojary,PHH,1,5,0,5,kn,FPS-KA-KOD-0020
RC-KA-005941,Arjun Shetty,PHH,6,30,15,15,kn,FPS-KA-KOL-0001
RC-KA-005942,Ravi Naik,PHH,6,30,15,15,hi,FPS-KA-KOL-0002
RC-KA-005943,Kavya Hegde,PHH,8,40,5,35,kn,FPS-KA-KOL-0003
RC-KA-005944,Prakash Sharma,PHH,5,25,0,25,hi,FPS-KA-KOL-0004
RC-KA-005945,Shankar Rao,PHH,3,15,5,10,kn,FPS-KA-KOL-0005
RC-KA-005946,Chetan Shetty,PHH,6,30,25,5,hi,FPS-KA-KOL-0006
RC-KA-005947,Rahul Poojary,PHH,4,20,0,20,en,FPS-KA-KOL-0007
RC-KA-005948,Pooja Rao,PHH,8,40,35,5,en,FPS-KA-KOL-0008
RC-KA-005949,Ganesh Desai,PHH,2,10,5,5,kn,FPS-KA-KOL-0009
RC-KA-005950,Shankar Bhat,PHH,5,25,5,20,kn,FPS-KA-KOL-0010
RC-KA-005951,Shalini Hegde,PHH,2,10,10,0,kn,FPS-KA-KOL-0011
RC-KA-005952,Ananya Nayak,PHH,4,20,20,0,kn,FPS-KA-KOL-0012
RC-KA-005953,Meena Kulkarni,PHH,2,10,10,0,kn,FPS-KA-KOL-0013
RC-KA-005954,Kavya Shetty,PHH,7,35,30,5,kn,FPS-KA-KOL-0014
RC-KA-005955,Aarav Rao,PHH,8,40,30,10,kn,FPS-KA-KOL-0015
RC-KA-005956,Rahul Hegde,PHH,3,15,0,15,hi,FPS-KA-KOL-0016
RC-KA-005957,Ravi Gowda,PHH,8,40,40,0,kn,FPS-KA-KOL-0017
RC-KA-005958,Akash Poojary,PHH,1,5,0,5,kn,FPS-KA-KOL-0018
RC-KA-005959,Pooja Poojary,PHH,2,10,5,5,kn,FPS-KA-KOL-0019
RC-KA-005960,Sneha Desai,PHH,8,40,0,40,kn,FPS-KA-KOL-0020
RC-KA-005961,Arjun Shetty,PHH,7,35,15,20,kn,FPS-KA-KOP-0001
RC-KA-005962,Kavya Sharma,PHH,4,20,15,5,kn,FPS-KA-KOP-0002
RC-KA-005963,Kiran Kumar,PHH,3,15,0,15,en,FPS-KA-KOP-0003
RC-KA-005964,Lakshmi Reddy,PHH,5,25,25,0,kn,FPS-KA-KOP-0004
RC-KA-005965,Suresh Shetty,PHH,8,40,5,35,kn,FPS-KA-KOP-0005
RC-KA-005966,Aarav Bhat,PHH,5,25,5,20,kn,FPS-KA-KOP-0006
RC-KA-005967,Shalini Nayak,PHH,4,20,15,5,hi,FPS-KA-KOP-0007
RC-KA-005968,Prakash Nayak,PHH,4,20,20,0,hi,FPS-KA-KOP-0008
RC-KA-005969,Akash Reddy,PHH,3,15,5,10,hi,FPS-KA-KOP-0009
RC-KA-005970,Priya Poojary,PHH,3,15,10,5,kn,FPS-KA-KOP-0010
RC-KA-005971,Arjun Desai,PHH,7,35,30,5,kn,FPS-KA-KOP-0011
RC-KA-005972,Pooja Reddy,PHH,5,25,0,25,kn,FPS-KA-KOP-0012
RC-KA-005973,Akash Nayak,PHH,8,40,30,10,kn,FPS-KA-KOP-0013
RC-KA-005974,Arjun Patil,PHH,6,30,5,25,en,FPS-KA-KOP-0014
RC-KA-005975,Ravi Kumar,PHH,2,10,0,10,hi,FPS-KA-KOP-0015
RC-KA-005976,Bhavana Bhat,PHH,1,5,5,0,hi,FPS-KA-KOP-0016
RC-KA-005977,Lakshmi Desai,PHH,7,35,30,5,kn,FPS-KA-KOP-0017
RC-KA-005978,Arjun Desai,PHH,4,20,10,10,kn,FPS-KA-KOP-0018
RC-KA-005979,Kavya Reddy,PHH,3,15,10,5,kn,FPS-KA-KOP-0019
RC-KA-005980,Kavya Poojary,PHH,4,20,15,5,en,FPS-KA-KOP-0020
RC-KA-005981,Kiran Sharma,PHH,7,35,25,10,en,FPS-KA-MAN-0001
RC-KA-005982,Manoj Joshi,PHH,8,40,30,10,kn,FPS-KA-MAN-0002
RC-KA-005983,Bhavana Naik,PHH,5,25,20,5,kn,FPS-KA-MAN-0003
RC-KA-005984,Ananya Patil,PHH,5,25,25,0,kn,FPS-KA-MAN-0004
RC-KA-005985,Harish Patil,PHH,5,25,15,10,kn,FPS-KA-MAN-0005
RC-KA-005986,Lakshmi Hegde,PHH,7,35,10,25,en,FPS-KA-MAN-0006
RC-KA-005987,Arjun Kumar,PHH,7,35,25,10,en,FPS-KA-MAN-0007
RC-KA-005988,Shalini Desai,PHH,1,5,5,0,hi,FPS-KA-MAN-0008
RC-KA-005989,Deepa Bhat,PHH,7,35,35,0,kn,FPS-KA-MAN-0009
RC-KA-005990,Manoj Sharma,PHH,6,30,25,5,kn,FPS-KA-MAN-0010
RC-KA-005991,Divya Kumar,PHH,4,20,10,10,kn,FPS-KA-MAN-0011
RC-KA-005992,Ananya Naik,PHH,3,15,0,15,kn,FPS-KA-MAN-0012
RC-KA-005993,Bhavana Shetty,PHH,7,35,25,10,en,FPS-KA-MAN-0013
RC-KA-005994,Manoj Joshi,PHH,4,20,10,10,en,FPS-KA-MAN-0014
RC-KA-005995,Meena Bhat,PHH,1,5,5,0,en,FPS-KA-MAN-0015
RC-KA-005996,Suresh Joshi,PHH,8,40,10,30,kn,FPS-KA-MAN-0016
RC-KA-005997,Manoj Patil,PHH,5,25,25,0,kn,FPS-KA-MAN-0017
RC-KA-005998,Naveen Shetty,PHH,4,20,5,15,kn,FPS-KA-MAN-0018
RC-KA-005999,Ravi Kumar,PHH,2,10,5,5,kn,FPS-KA-MAN-0019
RC-KA-006000,Rahul Bhat,PHH,3,15,5,10,kn,FPS-KA-MAN-0020
RC-KA-006001,Rekha Bhat,PHH,3,15,0,15,en,FPS-KA-MYS-0001
RC-KA-006002,Vijay Kulkarni,PHH,5,25,10,15,kn,FPS-KA-MYS-0002
RC-KA-006003,Manoj Patil,PHH,8,40,30,10,hi,FPS-KA-MYS-0003
RC-KA-006004,Deepa Poojary,PHH,7,35,15,20,kn,FPS-KA-MYS-0004
RC-KA-006005,Ananya Gowda,PHH,3,15,15,0,kn,FPS-KA-MYS-0005
RC-KA-006006,Sneha Patil,PHH,3,15,5,10,kn,FPS-KA-MYS-0006
RC-KA-006007,Arjun Kulkarni,PHH,5,25,20,5,en,FPS-KA-MYS-0007
RC-KA-006008,Shalini Reddy,PHH,5,25,20,5,kn,FPS-KA-MYS-0008
RC-KA-006009,Kiran Patil,PHH,7,35,35,0,kn,FPS-KA-MYS-0009
RC-KA-006010,Sanjay Poojary,PHH,3,15,15,0,kn,FPS-KA-MYS-0010
RC-KA-006011,Aarav Kumar,PHH,2,10,10,0,kn,FPS-KA-MYS-0011
RC-KA-006012,Priya Nayak,PHH,6,30,25,5,kn,FPS-KA-MYS-0012
RC-KA-006013,Priya Shetty,PHH,5,25,15,10,en,FPS-KA-MYS-0013
RC-KA-006014,Divya Sharma,PHH,1,5,5,0,en,FPS-KA-MYS-0014
RC-KA-006015,Arjun Naik,PHH,1,5,0,5,en,FPS-KA-MYS-0015
RC-KA-006016,Vijay Sharma,PHH,6,30,30,0,en,FPS-KA-MYS-0016
RC-KA-006017,Rahul Nayak,PHH,4,20,10,10,kn,FPS-KA-MYS-0017
RC-KA-006018,Harish Naik,PHH,1,5,0,5,kn,FPS-KA-MYS-0018
RC-KA-006019,Shankar Nayak,PHH,7,35,5,30,kn,FPS-KA-MYS-0019
RC-KA-006020,Naveen Bhat,PHH,1,5,0,5,kn,FPS-KA-MYS-0020
RC-KA-006021,Akash Patil,PHH,1,5,5,0,kn,FPS-KA-RAI-0001
RC-KA-006022,Akash Hegde,PHH,5,25,0,25,kn,FPS-KA-RAI-0002
RC-KA-006023,Harish Gowda,PHH,7,35,30,5,en,FPS-KA-RAI-0003
RC-KA-006024,Rahul Poojary,PHH,4,20,10,10,kn,FPS-KA-RAI-0004
RC-KA-006025,Chetan Desai,PHH,2,10,5,5,kn,FPS-KA-RAI-0005
RC-KA-006026,Naveen Patil,PHH,5,25,15,10,kn,FPS-KA-RAI-0006
RC-KA-006027,Aarav Gowda,PHH,4,20,0,20,kn,FPS-KA-RAI-0007
RC-KA-006028,Manoj Gowda,PHH,7,35,25,10,kn,FPS-KA-RAI-0008
RC-KA-006029,Aditi Gowda,PHH,8,40,35,5,kn,FPS-KA-RAI-0009
RC-KA-006030,Shankar Nayak,PHH,1,5,0,5,en,FPS-KA-RAI-0010
RC-KA-006031,Naveen Bhat,PHH,2,10,5,5,en,FPS-KA-RAI-0011
RC-KA-006032,Lakshmi Gowda,PHH,4,20,15,5,hi,FPS-KA-RAI-0012
RC-KA-006033,Kiran Kulkarni,PHH,2,10,5,5,kn,FPS-KA-RAI-0013
RC-KA-006034,Prakash Desai,PHH,7,35,5,30,kn,FPS-KA-RAI-0014
RC-KA-006035,Sanjay Bhat,PHH,7,35,35,0,kn,FPS-KA-RAI-0015
RC-KA-006036,Akash Desai,PHH,4,20,5,15,kn,FPS-KA-RAI-0016
RC-KA-006037,Harish Joshi,PHH,1,5,5,0,en,FPS-KA-RAI-0017
RC-KA-006038,Kavya Poojary,PHH,4,20,10,10,kn,FPS-KA-RAI-0018
RC-KA-006039,Harish Desai,PHH,2,10,10,0,kn,FPS-KA-RAI-0019
RC-KA-006040,Deepa Reddy,PHH,3,15,10,5,kn,FPS-KA-RAI-0020
RC-KA-006041,Kiran Poojary,PHH,3,15,10,5,kn,FPS-KA-RAM-0001
RC-KA-006042,Shalini Bhat,PHH,3,15,0,15,kn,FPS-KA-RAM-0002
RC-KA-006043,Akash Poojary,PHH,8,40,25,15,kn,FPS-KA-RAM-0003
RC-KA-006044,Vijay Kulkarni,PHH,6,30,20,10,hi,FPS-KA-RAM-0004
RC-KA-006045,Chetan Patil,PHH,7,35,35,0,kn,FPS-KA-RAM-0005
RC-KA-006046,Naveen Hegde,PHH,4,20,0,20,kn,FPS-KA-RAM-0006
RC-KA-006047,Manoj Shetty,PHH,4,20,5,15,en,FPS-KA-RAM-0007
RC-KA-006048,Pooja Rao,PHH,8,40,30,10,kn,FPS-KA-RAM-0008
RC-KA-006049,Rahul Hegde,PHH,4,20,10,10,kn,FPS-KA-RAM-0009
RC-KA-006050,Suresh Joshi,PHH,1,5,0,5,kn,FPS-KA-RAM-0010
RC-KA-006051,Deepa Patil,PHH,6,30,10,20,kn,FPS-KA-RAM-0011
RC-KA-006052,Aarav Joshi,PHH,8,40,15,25,en,FPS-KA-RAM-0012
RC-KA-006053,Sneha Patil,PHH,8,40,10,30,en,FPS-KA-RAM-0013
RC-KA-006054,Rekha Kumar,PHH,8,40,15,25,kn,FPS-KA-RAM-0014
RC-KA-006055,Meena Desai,PHH,3,15,15,0,hi,FPS-KA-RAM-0015
RC-KA-006056,Naveen Naik,PHH,2,10,0,10,en,FPS-KA-RAM-0016
RC-KA-006057,Sanjay Desai,PHH,3,15,10,5,kn,FPS-KA-RAM-0017
RC-KA-006058,Priya Patil,PHH,7,35,15,20,kn,FPS-KA-RAM-0018
RC-KA-006059,Arjun Gowda,PHH,1,5,5,0,en,FPS-KA-RAM-0019
RC-KA-006060,Divya Shetty,PHH,1,5,0,5,hi,FPS-KA-RAM-0020
RC-KA-006061,Meena Reddy,PHH,4,20,10,10,kn,FPS-KA-SHI-0001
RC-KA-006062,Meena Kumar,PHH,1,5,5,0,hi,FPS-KA-SHI-0002
RC-KA-006063,Priya Kumar,PHH,8,40,35,5,kn,FPS-KA-SHI-0003
RC-KA-006064,Prakash Poojary,PHH,7,35,5,30,kn,FPS-KA-SHI-0004
RC-KA-006065,Rekha Sharma,PHH,8,40,5,35,kn,FPS-KA-SHI-0005
RC-KA-006066,Kiran Rao,PHH,7,35,25,10,hi,FPS-KA-SHI-0006
RC-KA-006067,Priya Sharma,PHH,8,40,30,10,kn,FPS-KA-SHI-0007
RC-KA-006068,Shalini Naik,PHH,7,35,15,20,kn,FPS-KA-SHI-0008
RC-KA-006069,Kavya Shetty,PHH,1,5,0,5,kn,FPS-KA-SHI-0009
RC-KA-006070,Ravi Kulkarni,PHH,3,15,10,5,en,FPS-KA-SHI-0010
RC-KA-006071,Priya Reddy,PHH,6,30,5,25,hi,FPS-KA-SHI-0011
RC-KA-006072,Prakash Gowda,PHH,3,15,5,10,hi,FPS-KA-SHI-0012
RC-KA-006073,Rekha Patil,PHH,5,25,5,20,en,FPS-KA-SHI-0013
RC-KA-006074,Ganesh Desai,PHH,8,40,0,40,kn,FPS-KA-SHI-0014
RC-KA-006075,Ananya Hegde,PHH,4,20,15,5,kn,FPS-KA-SHI-0015
RC-KA-006076,Harish Patil,PHH,8,40,5,35,kn,FPS-KA-SHI-0016
RC-KA-006077,Rekha Kumar,PHH,2,10,0,10,kn,FPS-KA-SHI-0017
RC-KA-006078,Naveen Patil,PHH,3,15,15,0,kn,FPS-KA-SHI-0018
RC-KA-006079,Prakash Bhat,PHH,3,15,15,0,kn,FPS-KA-SHI-0019
RC-KA-006080,Vijay Hegde,PHH,4,20,10,10,hi,FPS-KA-SHI-0020
RC-KA-006081,Chetan Reddy,PHH,8,40,40,0,en,FPS-KA-TUM-0001
RC-KA-006082,Rekha Reddy,PHH,6,30,10,20,kn,FPS-KA-TUM-0002
RC-KA-006083,Priya Shetty,PHH,6,30,15,15,en,FPS-KA-TUM-0003
RC-KA-006084,Meena Sharma,PHH,2,10,5,5,kn,FPS-KA-TUM-0004
RC-KA-006085,Swathi Bhat,PHH,2,10,5,5,kn,FPS-KA-TUM-0005
RC-KA-006086,Ravi Kumar,PHH,7,35,30,5,en,FPS-KA-TUM-0006
RC-KA-006087,Chetan Gowda,PHH,4,20,5,15,kn,FPS-KA-TUM-0007
RC-KA-006088,Lakshmi Kulkarni,PHH,8,40,10,30,hi,FPS-KA-TUM-0008
RC-KA-006089,Arjun Naik,PHH,6,30,5,25,hi,FPS-KA-TUM-0009
RC-KA-006090,Swathi Sharma,PHH,7,35,25,10,kn,FPS-KA-TUM-0010
RC-KA-006091,Ganesh Patil,PHH,3,15,15,0,kn,FPS-KA-TUM-0011
RC-KA-006092,Sanjay Poojary,PHH,1,5,0,5,kn,FPS-KA-TUM-0012
RC-KA-006093,Ravi Patil,PHH,3,15,0,15,kn,FPS-KA-TUM-0013
RC-KA-006094,Kiran Rao,PHH,2,10,5,5,kn,FPS-KA-TUM-0014
RC-KA-006095,Aarav Joshi,PHH,1,5,5,0,kn,FPS-KA-TUM-0015
RC-KA-006096,Arjun Desai,PHH,6,30,10,20,kn,FPS-KA-TUM-0016
RC-KA-006097,Chetan Bhat,PHH,2,10,5,5,en,FPS-KA-TUM-0017
RC-KA-006098,Harish Nayak,PHH,1,5,0,5,en,FPS-KA-TUM-0018
RC-KA-006099,Rekha Rao,PHH,7,35,15,20,kn,FPS-KA-TUM-0019
RC-KA-006100,Aditi Patil,PHH,4,20,0,20,kn,FPS-KA-TUM-0020
RC-KA-006101,Priya Sharma,PHH,1,5,0,5,kn,FPS-KA-UDP-0001
RC-KA-006102,Naveen Gowda,PHH,4,20,0,20,kn,FPS-KA-UDP-0002
RC-KA-006103,Pooja Patil,PHH,1,5,5,0,en,FPS-KA-UDP-0003
RC-KA-006104,Divya Gowda,PHH,3,15,5,10,kn,FPS-KA-UDP-0004
RC-KA-006105,Priya Rao,PHH,6,30,20,10,en,FPS-KA-UDP-0005
RC-KA-006106,Deepa Patil,PHH,3,15,0,15,kn,FPS-KA-UDP-0006
RC-KA-006107,Manoj Kulkarni,PHH,5,25,25,0,kn,FPS-KA-UDP-0007
RC-KA-006108,Lakshmi Kulkarni,PHH,7,35,5,30,kn,FPS-KA-UDP-0008
RC-KA-006109,Shankar Gowda,PHH,3,15,0,15,kn,FPS-KA-UDP-0009
RC-KA-006110,Lakshmi Joshi,PHH,3,15,5,10,kn,FPS-KA-UDP-0010
RC-KA-006111,Suresh Rao,PHH,2,10,5,5,en,FPS-KA-UDP-0011
RC-KA-006112,Divya Rao,PHH,5,25,15,10,en,FPS-KA-UDP-0012
RC-KA-006113,Vijay Bhat,PHH,8,40,0,40,en,FPS-KA-UDP-0013
RC-KA-006114,Suresh Gowda,PHH,4,20,0,20,en,FPS-KA-UDP-0014
RC-KA-006115,Chetan Poojary,PHH,1,5,5,0,kn,FPS-KA-UDP-0015
RC-KA-006116,Lakshmi Desai,PHH,4,20,0,20,en,FPS-KA-UDP-0016
RC-KA-006117,Naveen Naik,PHH,4,20,20,0,kn,FPS-KA-UDP-0017
RC-KA-006118,Ananya Bhat,PHH,3,15,0,15,kn,FPS-KA-UDP-0018
RC-KA-006119,Priya Reddy,PHH,5,25,5,20,kn,FPS-KA-UDP-0019
RC-KA-006120,Kavya Poojary,PHH,8,40,30,10,hi,FPS-KA-UDP-0020
RC-KA-006121,Meena Kulkarni,PHH,1,5,0,5,kn,FPS-KA-UK-0001
RC-KA-006122,Meena Kulkarni,PHH,8,40,5,35,kn,FPS-KA-UK-0002
RC-KA-006123,Deepa Kulkarni,PHH,3,15,5,10,kn,FPS-KA-UK-0003
RC-KA-006124,Rahul Kulkarni,PHH,6,30,0,30,kn,FPS-KA-UK-0004
RC-KA-006125,Bhavana Sharma,PHH,3,15,15,0,en,FPS-KA-UK-0005
RC-KA-006126,Lakshmi Desai,PHH,3,15,5,10,kn,FPS-KA-UK-0006
RC-KA-006127,Kiran Gowda,PHH,1,5,0,5,kn,FPS-KA-UK-0007
RC-KA-006128,Pooja Nayak,PHH,7,35,25,10,kn,FPS-KA-UK-0008
RC-KA-006129,Prakash Reddy,PHH,1,5,5,0,kn,FPS-KA-UK-0009
RC-KA-006130,Arjun Hegde,PHH,6,30,20,10,kn,FPS-KA-UK-0010
RC-KA-006131,Manoj Shetty,PHH,6,30,20,10,kn,FPS-KA-UK-0011
RC-KA-006132,Sneha Desai,PHH,7,35,25,10,en,FPS-KA-UK-0012
RC-KA-006133,Sneha Reddy,PHH,7,35,20,15,kn,FPS-KA-UK-0013
RC-KA-006134,Harish Patil,PHH,6,30,25,5,kn,FPS-KA-UK-0014
RC-KA-006135,Ganesh Gowda,PHH,2,10,10,0,en,FPS-KA-UK-0015
RC-KA-006136,Shalini Kulkarni,PHH,8,40,5,35,en,FPS-KA-UK-0016
RC-KA-006137,Chetan Sharma,PHH,6,30,15,15,kn,FPS-KA-UK-0017
RC-KA-006138,Suresh Hegde,PHH,2,10,0,10,kn,FPS-KA-UK-0018
RC-KA-006139,Pooja Joshi,PHH,7,35,25,10,hi,FPS-KA-UK-0019
RC-KA-006140,Sneha Naik,PHH,8,40,5,35,kn,FPS-KA-UK-0020
RC-KA-006141,Rahul Hegde,PHH,7,35,0,35,kn,FPS-KA-VIJ-0001
RC-KA-006142,Bhavana Naik,PHH,1,5,0,5,hi,FPS-KA-VIJ-0002
RC-KA-006143,Bhavana Joshi,PHH,5,25,20,5,hi,FPS-KA-VIJ-0003
RC-KA-006144,Meena Hegde,PHH,8,40,40,0,hi,FPS-KA-VIJ-0004
RC-KA-006145,Rahul Patil,PHH,8,40,0,40,kn,FPS-KA-VIJ-0005
RC-KA-006146,Ananya Bhat,PHH,3,15,5,10,kn,FPS-KA-VIJ-0006
RC-KA-006147,Akash Poojary,PHH,3,15,10,5,kn,FPS-KA-VIJ-0007
RC-KA-006148,Bhavana Sharma,PHH,7,35,0,35,kn,FPS-KA-VIJ-0008
RC-KA-006149,Priya Hegde,PHH,1,5,5,0,kn,FPS-KA-VIJ-0009
RC-KA-006150,Suresh Reddy,PHH,3,15,5,10,kn,FPS-KA-VIJ-0010
RC-KA-006151,Rahul Joshi,PHH,7,35,15,20,hi,FPS-KA-VIJ-0011
RC-KA-006152,Aditi Patil,PHH,1,5,5,0,kn,FPS-KA-VIJ-0012
RC-KA-006153,Arjun Rao,PHH,8,40,15,25,kn,FPS-KA-VIJ-0013
RC-KA-006154,Rahul Bhat,PHH,5,25,5,20,en,FPS-KA-VIJ-0014
RC-KA-006155,Shankar Sharma,PHH,7,35,10,25,kn,FPS-KA-VIJ-0015
RC-KA-006156,Shankar Bhat,PHH,8,40,25,15,kn,FPS-KA-VIJ-0016
RC-KA-006157,Harish Desai,PHH,5,25,0,25,kn,FPS-KA-VIJ-0017
RC-KA-006158,Ganesh Kulkarni,PHH,2,10,10,0,hi,FPS-KA-VIJ-0018
RC-KA-006159,Vijay Desai,PHH,6,30,15,15,kn,FPS-KA-VIJ-0019
RC-KA-006160,Pooja Nayak,PHH,5,25,0,25,hi,FPS-KA-VIJ-0020
RC-KA-006161,Ganesh Naik,PHH,8,40,15,25,kn,FPS-KA-VIG-0001
RC-KA-006162,Sanjay Gowda,PHH,6,30,5,25,kn,FPS-KA-VIG-0002
RC-KA-006163,Swathi Joshi,PHH,5,25,15,10,kn,FPS-KA-VIG-0003
RC-KA-006164,Naveen Reddy,PHH,7,35,25,10,en,FPS-KA-VIG-0004
RC-KA-006165,Ganesh Joshi,PHH,5,25,20,5,kn,FPS-KA-VIG-0005
RC-KA-006166,Lakshmi Poojary,PHH,4,20,10,10,kn,FPS-KA-VIG-0006
RC-KA-006167,Chetan Kulkarni,PHH,3,15,15,0,hi,FPS-KA-VIG-0007
RC-KA-006168,Deepa Shetty,PHH,7,35,20,15,kn,FPS-KA-VIG-0008
RC-KA-006169,Naveen Desai,PHH,1,5,5,0,kn,FPS-KA-VIG-0009
RC-KA-006170,Shalini Nayak,PHH,1,5,5,0,kn,FPS-KA-VIG-0010
RC-KA-006171,Rahul Naik,PHH,7,35,15,20,kn,FPS-KA-VIG-0011
RC-KA-006172,Sanjay Kulkarni,PHH,5,25,5,20,en,FPS-KA-VIG-0012
RC-KA-006173,Kavya Patil,PHH,6,30,30,0,kn,FPS-KA-VIG-0013
RC-KA-006174,Kavya Bhat,PHH,5,25,10,15,hi,FPS-KA-VIG-0014
RC-KA-006175,Kiran Desai,PHH,1,5,0,5,kn,FPS-KA-VIG-0015
RC-KA-006176,Chetan Naik,PHH,3,15,0,15,kn,FPS-KA-VIG-0016
RC-KA-006177,Rekha Desai,PHH,3,15,5,10,kn,FPS-KA-VIG-0017
RC-KA-006178,Meena Nayak,PHH,8,40,15,25,en,FPS-KA-VIG-0018
RC-KA-006179,Shankar Nayak,PHH,3,15,10,5,kn,FPS-KA-VIG-0019
RC-KA-006180,Ravi Patil,PHH,6,30,25,5,kn,FPS-KA-VIG-0020
RC-KA-006181,Akash Kulkarni,PHH,4,20,20,0,en,FPS-KA-YAD-0001
RC-KA-006182,Kavya Gowda,PHH,3,15,10,5,kn,FPS-KA-YAD-0002
RC-KA-006183,Rekha Bhat,PHH,6,30,0,30,kn,FPS-KA-YAD-0003
RC-KA-006184,Aarav Poojary,PHH,1,5,5,0,en,FPS-KA-YAD-0004
RC-KA-006185,Harish Reddy,PHH,3,15,0,15,kn,FPS-KA-YAD-0005
RC-KA-006186,Priya Naik,PHH,2,10,0,10,en,FPS-KA-YAD-0006
RC-KA-006187,Priya Kumar,PHH,4,20,5,15,hi,FPS-KA-YAD-0007
RC-KA-006188,Sanjay Bhat,PHH,6,30,5,25,kn,FPS-KA-YAD-0008
RC-KA-006189,Ravi Hegde,PHH,2,10,0,10,kn,FPS-KA-YAD-0009
RC-KA-006190,Bhavana Kulkarni,PHH,1,5,5,0,en,FPS-KA-YAD-0010
RC-KA-006191,Sneha Naik,PHH,6,30,5,25,en,FPS-KA-YAD-0011
RC-KA-006192,Kiran Nayak,PHH,3,15,15,0,hi,FPS-KA-YAD-0012
RC-KA-006193,Aditi Joshi,PHH,3,15,10,5,kn,FPS-KA-YAD-0013
RC-KA-006194,Chetan Joshi,PHH,6,30,15,15,kn,FPS-KA-YAD-0014
RC-KA-006195,Akash Naik,PHH,6,30,10,20,kn,FPS-KA-YAD-0015
RC-KA-006196,Sneha Nayak,PHH,7,35,0,35,hi,FPS-KA-YAD-0016
RC-KA-006197,Ananya Gowda,PHH,2,10,10,0,kn,FPS-KA-YAD-0017
RC-KA-006198,Kavya Hegde,PHH,8,40,20,20,kn,FPS-KA-YAD-0018
RC-KA-006199,Vijay Rao,PHH,4,20,15,5,kn,FPS-KA-YAD-0019
RC-KA-006200,Pooja Kumar,PHH,7,35,10,25,kn,FPS-KA-YAD-0020
RC-KA-006201,Deepa Desai,PHH,2,10,5,5,kn,FPS-KA-BAG-0001
RC-KA-006202,Sneha Shetty,PHH,5,25,15,10,kn,FPS-KA-BAG-0002
RC-KA-006203,Meena Hegde,PHH,2,10,10,0,kn,FPS-KA-BAG-0003
RC-KA-006204,Divya Nayak,PHH,7,35,10,25,hi,FPS-KA-BAG-0004
RC-KA-006205,Aarav Joshi,PHH,2,10,0,10,hi,FPS-KA-BAG-0005
RC-KA-006206,Shankar Poojary,PHH,5,25,20,5,kn,FPS-KA-BAG-0006
RC-KA-006207,Prakash Sharma,PHH,8,40,30,10,kn,FPS-KA-BAG-0007
RC-KA-006208,Akash Sharma,PHH,1,5,5,0,kn,FPS-KA-BAG-0008
RC-KA-006209,Suresh Reddy,PHH,7,35,15,20,kn,FPS-KA-BAG-0009
RC-KA-006210,Meena Patil,PHH,6,30,0,30,kn,FPS-KA-BAG-0010
RC-KA-006211,Harish Bhat,PHH,5,25,10,15,kn,FPS-KA-BAG-0011
RC-KA-006212,Rekha Bhat,PHH,3,15,5,10,en,FPS-KA-BAG-0012
RC-KA-006213,Shankar Gowda,PHH,7,35,35,0,kn,FPS-KA-BAG-0013
RC-KA-006214,Deepa Kumar,PHH,3,15,5,10,kn,FPS-KA-BAG-0014
RC-KA-006215,Suresh Nayak,PHH,1,5,5,0,kn,FPS-KA-BAG-0015
RC-KA-006216,Arjun Patil,PHH,2,10,10,0,kn,FPS-KA-BAG-0016
RC-KA-006217,Deepa Kulkarni,PHH,3,15,10,5,kn,FPS-KA-BAG-0017
RC-KA-006218,Ravi Shetty,PHH,5,25,10,15,kn,FPS-KA-BAG-0018
RC-KA-006219,Divya Shetty,PHH,3,15,5,10,kn,FPS-KA-BAG-0019
RC-KA-006220,Manoj Kulkarni,PHH,8,40,25,15,hi,FPS-KA-BAG-0020
RC-KA-006221,Akash Gowda,PHH,8,40,10,30,kn,FPS-KA-BAL-0001
RC-KA-006222,Sanjay Naik,PHH,6,30,10,20,kn,FPS-KA-BAL-0002
RC-KA-006223,Naveen Kumar,PHH,5,25,5,20,en,FPS-KA-BAL-0003
RC-KA-006224,Swathi Sharma,PHH,4,20,10,10,kn,FPS-KA-BAL-0004
RC-KA-006225,Akash Nayak,PHH,6,30,5,25,en,FPS-KA-BAL-0005
RC-KA-006226,Prakash Desai,PHH,1,5,0,5,kn,FPS-KA-BAL-0006
RC-KA-006227,Ananya Hegde,PHH,8,40,5,35,kn,FPS-KA-BAL-0007
RC-KA-006228,Prakash Gowda,PHH,1,5,5,0,kn,FPS-KA-BAL-0008
RC-KA-006229,Shankar Hegde,PHH,8,40,10,30,kn,FPS-KA-BAL-0009
RC-KA-006230,Bhavana Joshi,PHH,2,10,5,5,kn,FPS-KA-BAL-0010
RC-KA-006231,Priya Gowda,PHH,2,10,5,5,kn,FPS-KA-BAL-0011
RC-KA-006232,Priya Shetty,PHH,1,5,5,0,kn,FPS-KA-BAL-0012
RC-KA-006233,Deepa Kulkarni,PHH,3,15,0,15,kn,FPS-KA-BAL-0013
RC-KA-006234,Ravi Desai,PHH,2,10,5,5,kn,FPS-KA-BAL-0014
RC-KA-006235,Aarav Hegde,PHH,7,35,35,0,kn,FPS-KA-BAL-0015
RC-KA-006236,Manoj Poojary,PHH,3,15,15,0,kn,FPS-KA-BAL-0016
RC-KA-006237,Sanjay Sharma,PHH,5,25,10,15,en,FPS-KA-BAL-0017
RC-KA-006238,Aditi Naik,PHH,2,10,5,5,en,FPS-KA-BAL-0018
RC-KA-006239,Shankar Shetty,PHH,5,25,10,15,kn,FPS-KA-BAL-0019
RC-KA-006240,Kiran Bhat,PHH,1,5,0,5,hi,FPS-KA-BAL-0020
RC-KA-006241,Priya Patil,PHH,4,20,20,0,kn,FPS-KA-BEL-0001
RC-KA-006242,Swathi Patil,PHH,4,20,10,10,kn,FPS-KA-BEL-0002
RC-KA-006243,Manoj Rao,PHH,3,15,10,5,kn,FPS-KA-BEL-0003
RC-KA-006244,Shalini Patil,PHH,7,35,0,35,kn,FPS-KA-BEL-0004
RC-KA-006245,Sanjay Rao,PHH,5,25,0,25,kn,FPS-KA-BEL-0005
RC-KA-006246,Rekha Desai,PHH,4,20,10,10,kn,FPS-KA-BEL-0006
RC-KA-006247,Pooja Bhat,PHH,6,30,10,20,kn,FPS-KA-BEL-0007
RC-KA-006248,Pooja Joshi,PHH,3,15,5,10,hi,FPS-KA-BEL-0008
RC-KA-006249,Deepa Kumar,PHH,2,10,0,10,kn,FPS-KA-BEL-0009
RC-KA-006250,Aditi Kumar,PHH,3,15,15,0,kn,FPS-KA-BEL-0010
RC-KA-006251,Divya Kulkarni,PHH,6,30,0,30,kn,FPS-KA-BEL-0011
RC-KA-006252,Bhavana Shetty,PHH,1,5,0,5,kn,FPS-KA-BEL-0012
RC-KA-006253,Ravi Joshi,PHH,1,5,0,5,kn,FPS-KA-BEL-0013
RC-KA-006254,Bhavana Patil,PHH,3,15,10,5,hi,FPS-KA-BEL-0014
RC-KA-006255,Ravi Kulkarni,PHH,4,20,0,20,en,FPS-KA-BEL-0015
RC-KA-006256,Lakshmi Reddy,PHH,2,10,10,0,hi,FPS-KA-BEL-0016
RC-KA-006257,Prakash Poojary,PHH,7,35,0,35,kn,FPS-KA-BEL-0017
RC-KA-006258,Meena Reddy,PHH,2,10,10,0,en,FPS-KA-BEL-0018
RC-KA-006259,Naveen Sharma,PHH,7,35,0,35,kn,FPS-KA-BEL-0019
RC-KA-006260,Meena Shetty,PHH,5,25,25,0,kn,FPS-KA-BEL-0020
RC-KA-006261,Arjun Gowda,PHH,1,5,0,5,kn,FPS-KA-BLR-R-0001
RC-KA-006262,Shalini Patil,PHH,5,25,25,0,hi,FPS-KA-BLR-R-0002
RC-KA-006263,Lakshmi Reddy,PHH,8,40,0,40,kn,FPS-KA-BLR-R-0003
RC-KA-006264,Shankar Patil,PHH,5,25,20,5,kn,FPS-KA-BLR-R-0004
RC-KA-006265,Manoj Patil,PHH,6,30,0,30,kn,FPS-KA-BLR-R-0005
RC-KA-006266,Swathi Rao,PHH,6,30,0,30,hi,FPS-KA-BLR-R-0006
RC-KA-006267,Rahul Naik,PHH,2,10,10,0,kn,FPS-KA-BLR-R-0007
RC-KA-006268,Lakshmi Sharma,PHH,6,30,10,20,en,FPS-KA-BLR-R-0008
RC-KA-006269,Kavya Hegde,PHH,8,40,10,30,kn,FPS-KA-BLR-R-0009
RC-KA-006270,Manoj Kulkarni,PHH,7,35,5,30,kn,FPS-KA-BLR-R-0010
RC-KA-006271,Manoj Bhat,PHH,8,40,5,35,kn,FPS-KA-BLR-R-0011
RC-KA-006272,Naveen Joshi,PHH,2,10,10,0,hi,FPS-KA-BLR-R-0012
RC-KA-006273,Deepa Sharma,PHH,7,35,10,25,hi,FPS-KA-BLR-R-0013
RC-KA-006274,Sanjay Kulkarni,PHH,6,30,15,15,kn,FPS-KA-BLR-R-0014
RC-KA-006275,Aarav Hegde,PHH,7,35,35,0,kn,FPS-KA-BLR-R-0015
RC-KA-006276,Ananya Reddy,PHH,6,30,15,15,kn,FPS-KA-BLR-R-0016
RC-KA-006277,Aditi Shetty,PHH,8,40,20,20,hi,FPS-KA-BLR-R-0017
RC-KA-006278,Vijay Bhat,PHH,3,15,5,10,kn,FPS-KA-BLR-R-0018
RC-KA-006279,Akash Naik,PHH,5,25,25,0,kn,FPS-KA-BLR-R-0019
RC-KA-006280,Bhavana Desai,PHH,5,25,15,10,en,FPS-KA-BLR-R-0020
RC-KA-006281,Aarav Naik,PHH,7,35,15,20,hi,FPS-KA-BLR-U-0001
RC-KA-006282,Lakshmi Rao,PHH,2,10,0,10,hi,FPS-KA-BLR-U-0002
RC-KA-006283,Rahul Poojary,PHH,2,10,10,0,kn,FPS-KA-BLR-U-0003
RC-KA-006284,Naveen Reddy,PHH,2,10,5,5,kn,FPS-KA-BLR-U-0004
RC-KA-006285,Pooja Bhat,PHH,2,10,10,0,kn,FPS-KA-BLR-U-0005
RC-KA-006286,Lakshmi Naik,PHH,7,35,15,20,en,FPS-KA-BLR-U-0006
RC-KA-006287,Kiran Hegde,PHH,8,40,0,40,hi,FPS-KA-BLR-U-0007
RC-KA-006288,Swathi Desai,PHH,7,35,30,5,kn,FPS-KA-BLR-U-0008
RC-KA-006289,Pooja Rao,PHH,1,5,0,5,kn,FPS-KA-BLR-U-0009
RC-KA-006290,Pooja Reddy,PHH,4,20,0,20,kn,FPS-KA-BLR-U-0010
RC-KA-006291,Deepa Bhat,PHH,8,40,15,25,kn,FPS-KA-BLR-U-0011
RC-KA-006292,Bhavana Bhat,PHH,2,10,5,5,kn,FPS-KA-BLR-U-0012
RC-KA-006293,Bhavana Desai,PHH,3,15,0,15,kn,FPS-KA-BLR-U-0013
RC-KA-006294,Deepa Naik,PHH,1,5,5,0,kn,FPS-KA-BLR-U-0014
RC-KA-006295,Aditi Kulkarni,PHH,2,10,0,10,en,FPS-KA-BLR-U-0015
RC-KA-006296,Manoj Shetty,PHH,3,15,0,15,kn,FPS-KA-BLR-U-0016
RC-KA-006297,Ananya Joshi,PHH,3,15,5,10,kn,FPS-KA-BLR-U-0017
RC-KA-006298,Ananya Desai,PHH,4,20,0,20,kn,FPS-KA-BLR-U-0018
RC-KA-006299,Meena Hegde,PHH,7,35,0,35,hi,FPS-KA-BLR-U-0019
RC-KA-006300,Shankar Kumar,PHH,8,40,40,0,kn,FPS-KA-BLR-U-0020
RC-KA-006301,Ganesh Sharma,PHH,5,25,20,5,kn,FPS-KA-BID-0001
RC-KA-006302,Vijay Kumar,PHH,8,40,0,40,kn,FPS-KA-BID-0002
RC-KA-006303,Ananya Naik,PHH,3,15,0,15,kn,FPS-KA-BID-0003
RC-KA-006304,Kavya Joshi,PHH,7,35,25,10,en,FPS-KA-BID-0004
RC-KA-006305,Ravi Gowda,PHH,2,10,10,0,kn,FPS-KA-BID-0005
RC-KA-006306,Chetan Poojary,PHH,1,5,5,0,kn,FPS-KA-BID-0006
RC-KA-006307,Ananya Kulkarni,PHH,6,30,15,15,en,FPS-KA-BID-0007
RC-KA-006308,Manoj Hegde,PHH,4,20,0,20,kn,FPS-KA-BID-0008
RC-KA-006309,Sanjay Kumar,PHH,6,30,15,15,hi,FPS-KA-BID-0009
RC-KA-006310,Ganesh Sharma,PHH,7,35,5,30,kn,FPS-KA-BID-0010
RC-KA-006311,Pooja Joshi,PHH,7,35,15,20,kn,FPS-KA-BID-0011
RC-KA-006312,Swathi Reddy,PHH,2,10,0,10,kn,FPS-KA-BID-0012
RC-KA-006313,Bhavana Bhat,PHH,1,5,5,0,kn,FPS-KA-BID-0013
RC-KA-006314,Rahul Kumar,PHH,1,5,0,5,hi,FPS-KA-BID-0014
RC-KA-006315,Meena Hegde,PHH,1,5,5,0,kn,FPS-KA-BID-0015
RC-KA-006316,Deepa Rao,PHH,4,20,5,15,kn,FPS-KA-BID-0016
RC-KA-006317,Shankar Kumar,PHH,4,20,15,5,en,FPS-KA-BID-0017
RC-KA-006318,Suresh Joshi,PHH,4,20,0,20,kn,FPS-KA-BID-0018
RC-KA-006319,Shalini Kumar,PHH,6,30,10,20,kn,FPS-KA-BID-0019
RC-KA-006320,Sneha Patil,PHH,1,5,5,0,kn,FPS-KA-BID-0020
RC-KA-006321,Priya Hegde,PHH,4,20,15,5,kn,FPS-KA-CHA-0001
RC-KA-006322,Harish Joshi,PHH,5,25,10,15,kn,FPS-KA-CHA-0002
RC-KA-006323,Swathi Kumar,PHH,4,20,10,10,kn,FPS-KA-CHA-0003
RC-KA-006324,Pooja Rao,PHH,4,20,20,0,en,FPS-KA-CHA-0004
RC-KA-006325,Divya Bhat,PHH,2,10,0,10,kn,FPS-KA-CHA-0005
RC-KA-006326,Arjun Nayak,PHH,4,20,20,0,kn,FPS-KA-CHA-0006
RC-KA-006327,Harish Gowda,PHH,6,30,30,0,en,FPS-KA-CHA-0007
RC-KA-006328,Priya Bhat,PHH,8,40,20,20,kn,FPS-KA-CHA-0008
RC-KA-006329,Swathi Gowda,PHH,3,15,10,5,kn,FPS-KA-CHA-0009
RC-KA-006330,Swathi Shetty,PHH,5,25,15,10,en,FPS-KA-CHA-0010
RC-KA-006331,Rekha Reddy,PHH,2,10,10,0,en,FPS-KA-CHA-0011
RC-KA-006332,Pooja Kulkarni,PHH,7,35,0,35,kn,FPS-KA-CHA-0012
RC-KA-006333,Kavya Naik,PHH,4,20,20,0,kn,FPS-KA-CHA-0013
RC-KA-006334,Pooja Naik,PHH,2,10,0,10,hi,FPS-KA-CHA-0014
RC-KA-006335,Kiran Reddy,PHH,6,30,5,25,kn,FPS-KA-CHA-0015
RC-KA-006336,Shalini Rao,PHH,1,5,0,5,kn,FPS-KA-CHA-0016
RC-KA-006337,Sanjay Hegde,PHH,8,40,30,10,kn,FPS-KA-CHA-0017
RC-KA-006338,Ganesh Hegde,PHH,1,5,5,0,kn,FPS-KA-CHA-0018
RC-KA-006339,Vijay Bhat,PHH,8,40,10,30,kn,FPS-KA-CHA-0019
RC-KA-006340,Manoj Desai,PHH,1,5,0,5,hi,FPS-KA-CHA-0020
RC-KA-006341,Shalini Nayak,PHH,4,20,10,10,kn,FPS-KA-CHB-0001
RC-KA-006342,Akash Gowda,PHH,2,10,5,5,kn,FPS-KA-CHB-0002
RC-KA-006343,Meena Reddy,PHH,4,20,5,15,en,FPS-KA-CHB-0003
RC-KA-006344,Rekha Shetty,PHH,7,35,35,0,kn,FPS-KA-CHB-0004
RC-KA-006345,Rekha Naik,PHH,2,10,5,5,kn,FPS-KA-CHB-0005
RC-KA-006346,Rahul Shetty,PHH,1,5,0,5,kn,FPS-KA-CHB-0006
RC-KA-006347,Priya Joshi,PHH,3,15,10,5,kn,FPS-KA-CHB-0007
RC-KA-006348,Vijay Reddy,PHH,4,20,0,20,kn,FPS-KA-CHB-0008
RC-KA-006349,Ganesh Nayak,PHH,3,15,5,10,kn,FPS-KA-CHB-0009
RC-KA-006350,Ananya Poojary,PHH,1,5,0,5,en,FPS-KA-CHB-0010
RC-KA-006351,Ganesh Rao,PHH,5,25,10,15,kn,FPS-KA-CHB-0011
RC-KA-006352,Ravi Patil,PHH,5,25,5,20,kn,FPS-KA-CHB-0012
RC-KA-006353,Sneha Rao,PHH,3,15,10,5,kn,FPS-KA-CHB-0013
RC-KA-006354,Ganesh Desai,PHH,6,30,0,30,kn,FPS-KA-CHB-0014
RC-KA-006355,Akash Gowda,PHH,7,35,25,10,hi,FPS-KA-CHB-0015
RC-KA-006356,Lakshmi Naik,PHH,7,35,5,30,en,FPS-KA-CHB-0016
RC-KA-006357,Meena Hegde,PHH,1,5,5,0,kn,FPS-KA-CHB-0017
RC-KA-006358,Rekha Gowda,PHH,4,20,20,0,kn,FPS-KA-CHB-0018
RC-KA-006359,Ganesh Kumar,PHH,4,20,15,5,kn,FPS-KA-CHB-0019
RC-KA-006360,Akash Poojary,PHH,3,15,10,5,hi,FPS-KA-CHB-0020
RC-KA-006361,Akash Poojary,PHH,1,5,0,5,kn,FPS-KA-CHK-0001
RC-KA-006362,Harish Kulkarni,PHH,2,10,0,10,kn,FPS-KA-CHK-0002
RC-KA-006363,Sanjay Sharma,PHH,6,30,20,10,kn,FPS-KA-CHK-0003
RC-KA-006364,Bhavana Reddy,PHH,3,15,0,15,kn,FPS-KA-CHK-0004
RC-KA-006365,Lakshmi Sharma,PHH,8,40,30,10,hi,FPS-KA-CHK-0005
RC-KA-006366,Prakash Hegde,PHH,7,35,10,25,hi,FPS-KA-CHK-0006
RC-KA-006367,Akash Sharma,PHH,4,20,5,15,kn,FPS-KA-CHK-0007
RC-KA-006368,Rahul Kumar,PHH,5,25,0,25,hi,FPS-KA-CHK-0008
RC-KA-006369,Sneha Sharma,PHH,4,20,20,0,kn,FPS-KA-CHK-0009
RC-KA-006370,Rahul Poojary,PHH,4,20,10,10,kn,FPS-KA-CHK-0010
RC-KA-006371,Lakshmi Poojary,PHH,3,15,10,5,kn,FPS-KA-CHK-0011
RC-KA-006372,Chetan Reddy,PHH,3,15,5,10,kn,FPS-KA-CHK-0012
RC-KA-006373,Priya Reddy,PHH,5,25,25,0,kn,FPS-KA-CHK-0013
RC-KA-006374,Kavya Gowda,PHH,4,20,10,10,kn,FPS-KA-CHK-0014
RC-KA-006375,Divya Bhat,PHH,7,35,30,5,en,FPS-KA-CHK-0015
RC-KA-006376,Kavya Rao,PHH,1,5,5,0,hi,FPS-KA-CHK-0016
RC-KA-006377,Sanjay Joshi,PHH,5,25,5,20,kn,FPS-KA-CHK-0017
RC-KA-006378,Arjun Joshi,PHH,3,15,15,0,en,FPS-KA-CHK-0018
RC-KA-006379,Divya Reddy,PHH,6,30,10,20,kn,FPS-KA-CHK-0019
RC-KA-006380,Prakash Kumar,PHH,6,30,30,0,hi,FPS-KA-CHK-0020
RC-KA-006381,Suresh Joshi,PHH,6,30,5,25,en,FPS-KA-CHI-0001
RC-KA-006382,Vijay Desai,PHH,6,30,20,10,kn,FPS-KA-CHI-0002
RC-KA-006383,Shankar Nayak,PHH,1,5,0,5,kn,FPS-KA-CHI-0003
RC-KA-006384,Harish Sharma,PHH,7,35,20,15,kn,FPS-KA-CHI-0004
RC-KA-006385,Aditi Naik,PHH,2,10,5,5,kn,FPS-KA-CHI-0005
RC-KA-006386,Naveen Reddy,PHH,8,40,5,35,hi,FPS-KA-CHI-0006
RC-KA-006387,Shankar Sharma,PHH,1,5,0,5,hi,FPS-KA-CHI-0007
RC-KA-006388,Naveen Desai,PHH,6,30,10,20,kn,FPS-KA-CHI-0008
RC-KA-006389,Sanjay Bhat,PHH,4,20,10,10,en,FPS-KA-CHI-0009
RC-KA-006390,Lakshmi Kulkarni,PHH,7,35,30,5,kn,FPS-KA-CHI-0010
RC-KA-006391,Divya Desai,PHH,8,40,40,0,kn,FPS-KA-CHI-0011
RC-KA-006392,Manoj Bhat,PHH,1,5,5,0,hi,FPS-KA-CHI-0012
RC-KA-006393,Akash Kumar,PHH,1,5,5,0,kn,FPS-KA-CHI-0013
RC-KA-006394,Akash Gowda,PHH,5,25,20,5,kn,FPS-KA-CHI-0014
RC-KA-006395,Divya Rao,PHH,1,5,0,5,hi,FPS-KA-CHI-0015
RC-KA-006396,Meena Kumar,PHH,8,40,5,35,kn,FPS-KA-CHI-0016
RC-KA-006397,Harish Patil,PHH,6,30,15,15,kn,FPS-KA-CHI-0017
RC-KA-006398,Naveen Kulkarni,PHH,6,30,0,30,kn,FPS-KA-CHI-0018
RC-KA-006399,Ravi Naik,PHH,1,5,0,5,kn,FPS-KA-CHI-0019
RC-KA-006400,Ravi Shetty,PHH,5,25,20,5,en,FPS-KA-CHI-0020
RC-KA-006401,Kavya Sharma,PHH,4,20,10,10,kn,FPS-KA-DK-0001
RC-KA-006402,Vijay Naik,PHH,7,35,25,10,kn,FPS-KA-DK-0002
RC-KA-006403,Rahul Hegde,PHH,6,30,30,0,en,FPS-KA-DK-0003
RC-KA-006404,Prakash Rao,PHH,7,35,30,5,en,FPS-KA-DK-0004
RC-KA-006405,Aditi Shetty,PHH,4,20,15,5,kn,FPS-KA-DK-0005
RC-KA-006406,Lakshmi Gowda,PHH,5,25,5,20,hi,FPS-KA-DK-0006
RC-KA-006407,Swathi Hegde,PHH,8,40,40,0,kn,FPS-KA-DK-0007
RC-KA-006408,Aditi Kumar,PHH,8,40,5,35,kn,FPS-KA-DK-0008
RC-KA-006409,Suresh Poojary,PHH,3,15,10,5,kn,FPS-KA-DK-0009
RC-KA-006410,Rekha Desai,PHH,4,20,20,0,kn,FPS-KA-DK-0010
RC-KA-006411,Suresh Kumar,PHH,7,35,10,25,hi,FPS-KA-DK-0011
RC-KA-006412,Akash Poojary,PHH,5,25,20,5,en,FPS-KA-DK-0012
RC-KA-006413,Ganesh Sharma,PHH,7,35,15,20,kn,FPS-KA-DK-0013
RC-KA-006414,Suresh Patil,PHH,4,20,15,5,en,FPS-KA-DK-0014
RC-KA-006415,Kavya Reddy,PHH,7,35,15,20,kn,FPS-KA-DK-0015
RC-KA-006416,Akash Kumar,PHH,1,5,0,5,kn,FPS-KA-DK-0016
RC-KA-006417,Kiran Sharma,PHH,3,15,15,0,kn,FPS-KA-DK-0017
RC-KA-006418,Priya Poojary,PHH,6,30,0,30,en,FPS-KA-DK-0018
RC-KA-006419,Rahul Nayak,PHH,4,20,0,20,hi,FPS-KA-DK-0019
RC-KA-006420,Swathi Bhat,PHH,6,30,5,25,en,FPS-KA-DK-0020
RC-KA-006421,Kiran Rao,PHH,8,40,35,5,kn,FPS-KA-DAV-0001
RC-KA-006422,Kiran Hegde,PHH,8,40,0,40,en,FPS-KA-DAV-0002
RC-KA-006423,Chetan Bhat,PHH,7,35,10,25,kn,FPS-KA-DAV-0003
RC-KA-006424,Ravi Naik,PHH,7,35,15,20,kn,FPS-KA-DAV-0004
RC-KA-006425,Naveen Rao,PHH,4,20,20,0,kn,FPS-KA-DAV-0005
RC-KA-006426,Pooja Gowda,PHH,7,35,15,20,kn,FPS-KA-DAV-0006
RC-KA-006427,Manoj Poojary,PHH,3,15,5,10,kn,FPS-KA-DAV-0007
RC-KA-006428,Sneha Bhat,PHH,7,35,5,30,kn,FPS-KA-DAV-0008
RC-KA-006429,Sneha Gowda,PHH,1,5,5,0,en,FPS-KA-DAV-0009
RC-KA-006430,Kavya Desai,PHH,8,40,20,20,kn,FPS-KA-DAV-0010
RC-KA-006431,Lakshmi Nayak,PHH,8,40,30,10,kn,FPS-KA-DAV-0011
RC-KA-006432,Kiran Desai,PHH,3,15,15,0,kn,FPS-KA-DAV-0012
RC-KA-006433,Priya Nayak,PHH,6,30,25,5,kn,FPS-KA-DAV-0013
RC-KA-006434,Meena Rao,PHH,8,40,35,5,kn,FPS-KA-DAV-0014
RC-KA-006435,Ganesh Poojary,PHH,6,30,20,10,kn,FPS-KA-DAV-0015
RC-KA-006436,Rekha Hegde,PHH,4,20,10,10,hi,FPS-KA-DAV-0016
RC-KA-006437,Manoj Bhat,PHH,3,15,10,5,hi,FPS-KA-DAV-0017
RC-KA-006438,Suresh Patil,PHH,8,40,20,20,en,FPS-KA-DAV-0018
RC-KA-006439,Lakshmi Joshi,PHH,4,20,15,5,kn,FPS-KA-DAV-0019
RC-KA-006440,Suresh Shetty,PHH,8,40,20,20,kn,FPS-KA-DAV-0020
RC-KA-006441,Kavya Gowda,PHH,1,5,5,0,kn,FPS-KA-DHA-0001
RC-KA-006442,Chetan Naik,PHH,5,25,20,5,kn,FPS-KA-DHA-0002
RC-KA-006443,Meena Rao,PHH,2,10,0,10,kn,FPS-KA-DHA-0003
RC-KA-006444,Prakash Patil,PHH,4,20,5,15,kn,FPS-KA-DHA-0004
RC-KA-006445,Divya Bhat,PHH,1,5,0,5,kn,FPS-KA-DHA-0005
RC-KA-006446,Kavya Bhat,PHH,1,5,5,0,kn,FPS-KA-DHA-0006
RC-KA-006447,Sanjay Naik,PHH,3,15,5,10,hi,FPS-KA-DHA-0007
RC-KA-006448,Shankar Hegde,PHH,6,30,5,25,kn,FPS-KA-DHA-0008
RC-KA-006449,Bhavana Nayak,PHH,7,35,25,10,kn,FPS-KA-DHA-0009
RC-KA-006450,Lakshmi Patil,PHH,4,20,5,15,en,FPS-KA-DHA-0010
RC-KA-006451,Aarav Kumar,PHH,1,5,0,5,kn,FPS-KA-DHA-0011
RC-KA-006452,Deepa Kumar,PHH,2,10,0,10,kn,FPS-KA-DHA-0012
RC-KA-006453,Ravi Hegde,PHH,5,25,20,5,en,FPS-KA-DHA-0013
RC-KA-006454,Rekha Rao,PHH,7,35,5,30,kn,FPS-KA-DHA-0014
RC-KA-006455,Akash Joshi,PHH,7,35,25,10,en,FPS-KA-DHA-0015
RC-KA-006456,Naveen Reddy,PHH,2,10,10,0,en,FPS-KA-DHA-0016
RC-KA-006457,Akash Naik,PHH,8,40,20,20,kn,FPS-KA-DHA-0017
RC-KA-006458,Vijay Gowda,PHH,5,25,15,10,kn,FPS-KA-DHA-0018
RC-KA-006459,Divya Bhat,PHH,7,35,35,0,kn,FPS-KA-DHA-0019
RC-KA-006460,Rahul Kumar,PHH,8,40,30,10,kn,FPS-KA-DHA-0020
RC-KA-006461,Aarav Bhat,PHH,7,35,10,25,hi,FPS-KA-GAD-0001
RC-KA-006462,Kiran Hegde,PHH,6,30,25,5,kn,FPS-KA-GAD-0002
RC-KA-006463,Priya Gowda,PHH,6,30,0,30,kn,FPS-KA-GAD-0003
RC-KA-006464,Deepa Bhat,PHH,5,25,25,0,kn,FPS-KA-GAD-0004
RC-KA-006465,Prakash Bhat,PHH,4,20,0,20,hi,FPS-KA-GAD-0005
RC-KA-006466,Ganesh Kumar,PHH,3,15,15,0,kn,FPS-KA-GAD-0006
RC-KA-006467,Meena Poojary,PHH,1,5,5,0,kn,FPS-KA-GAD-0007
RC-KA-006468,Bhavana Nayak,PHH,4,20,20,0,kn,FPS-KA-GAD-0008
RC-KA-006469,Kavya Gowda,PHH,3,15,0,15,kn,FPS-KA-GAD-0009
RC-KA-006470,Kiran Patil,PHH,4,20,0,20,kn,FPS-KA-GAD-0010
RC-KA-006471,Suresh Reddy,PHH,5,25,15,10,kn,FPS-KA-GAD-0011
RC-KA-006472,Akash Naik,PHH,4,20,20,0,kn,FPS-KA-GAD-0012
RC-KA-006473,Divya Desai,PHH,8,40,40,0,kn,FPS-KA-GAD-0013
RC-KA-006474,Aarav Reddy,PHH,5,25,10,15,hi,FPS-KA-GAD-0014
RC-KA-006475,Ananya Patil,PHH,6,30,20,10,kn,FPS-KA-GAD-0015
RC-KA-006476,Meena Poojary,PHH,3,15,5,10,hi,FPS-KA-GAD-0016
RC-KA-006477,Pooja Nayak,PHH,4,20,10,10,en,FPS-KA-GAD-0017
RC-KA-006478,Suresh Kumar,PHH,7,35,30,5,kn,FPS-KA-GAD-0018
RC-KA-006479,Chetan Gowda,PHH,8,40,35,5,kn,FPS-KA-GAD-0019
RC-KA-006480,Ravi Reddy,PHH,4,20,10,10,kn,FPS-KA-GAD-0020
RC-KA-006481,Kavya Reddy,PHH,1,5,0,5,kn,FPS-KA-HAS-0001
RC-KA-006482,Pooja Kumar,PHH,5,25,15,10,hi,FPS-KA-HAS-0002
RC-KA-006483,Priya Nayak,PHH,2,10,5,5,kn,FPS-KA-HAS-0003
RC-KA-006484,Ananya Desai,PHH,6,30,25,5,kn,FPS-KA-HAS-0004
RC-KA-006485,Shankar Sharma,PHH,6,30,10,20,en,FPS-KA-HAS-0005
RC-KA-006486,Ravi Rao,PHH,1,5,5,0,hi,FPS-KA-HAS-0006
RC-KA-006487,Pooja Kulkarni,PHH,2,10,0,10,en,FPS-KA-HAS-0007
RC-KA-006488,Sneha Nayak,PHH,6,30,10,20,hi,FPS-KA-HAS-0008
RC-KA-006489,Shalini Sharma,PHH,2,10,5,5,kn,FPS-KA-HAS-0009
RC-KA-006490,Suresh Gowda,PHH,3,15,5,10,kn,FPS-KA-HAS-0010
RC-KA-006491,Prakash Gowda,PHH,4,20,10,10,kn,FPS-KA-HAS-0011
RC-KA-006492,Pooja Gowda,PHH,1,5,0,5,en,FPS-KA-HAS-0012
RC-KA-006493,Arjun Bhat,PHH,5,25,15,10,kn,FPS-KA-HAS-0013
RC-KA-006494,Ananya Bhat,PHH,3,15,10,5,en,FPS-KA-HAS-0014
RC-KA-006495,Sneha Reddy,PHH,6,30,20,10,kn,FPS-KA-HAS-0015
RC-KA-006496,Naveen Hegde,PHH,1,5,0,5,kn,FPS-KA-HAS-0016
RC-KA-006497,Ganesh Gowda,PHH,3,15,15,0,en,FPS-KA-HAS-0017
RC-KA-006498,Akash Reddy,PHH,2,10,5,5,hi,FPS-KA-HAS-0018
RC-KA-006499,Rahul Hegde,PHH,4,20,0,20,kn,FPS-KA-HAS-0019
RC-KA-006500,Akash Hegde,PHH,6,30,5,25,hi,FPS-KA-HAS-0020
RC-KA-006501,Shankar Naik,PHH,4,20,0,20,kn,FPS-KA-HAV-0001
RC-KA-006502,Pooja Gowda,PHH,5,25,0,25,kn,FPS-KA-HAV-0002
RC-KA-006503,Swathi Bhat,PHH,2,10,0,10,kn,FPS-KA-HAV-0003
RC-KA-006504,Ganesh Poojary,PHH,7,35,25,10,kn,FPS-KA-HAV-0004
RC-KA-006505,Sanjay Kumar,PHH,6,30,10,20,kn,FPS-KA-HAV-0005
RC-KA-006506,Ganesh Hegde,PHH,7,35,15,20,hi,FPS-KA-HAV-0006
RC-KA-006507,Sanjay Shetty,PHH,5,25,0,25,hi,FPS-KA-HAV-0007
RC-KA-006508,Priya Kumar,PHH,2,10,0,10,kn,FPS-KA-HAV-0008
RC-KA-006509,Lakshmi Naik,PHH,5,25,10,15,kn,FPS-KA-HAV-0009
RC-KA-006510,Shankar Gowda,PHH,2,10,10,0,en,FPS-KA-HAV-0010
RC-KA-006511,Vijay Bhat,PHH,1,5,5,0,en,FPS-KA-HAV-0011
RC-KA-006512,Akash Patil,PHH,7,35,30,5,kn,FPS-KA-HAV-0012
RC-KA-006513,Divya Shetty,PHH,1,5,0,5,kn,FPS-KA-HAV-0013
RC-KA-006514,Lakshmi Kumar,PHH,2,10,5,5,kn,FPS-KA-HAV-0014
RC-KA-006515,Rahul Rao,PHH,3,15,5,10,kn,FPS-KA-HAV-0015
RC-KA-006516,Kiran Shetty,PHH,8,40,25,15,en,FPS-KA-HAV-0016
RC-KA-006517,Aarav Joshi,PHH,7,35,30,5,en,FPS-KA-HAV-0017
RC-KA-006518,Shankar Nayak,PHH,4,20,10,10,kn,FPS-KA-HAV-0018
RC-KA-006519,Kavya Sharma,PHH,2,10,10,0,kn,FPS-KA-HAV-0019
RC-KA-006520,Rahul Poojary,PHH,4,20,5,15,kn,FPS-KA-HAV-0020
RC-KA-006521,Arjun Joshi,PHH,6,30,15,15,kn,FPS-KA-KAL-0001
RC-KA-006522,Bhavana Shetty,PHH,8,40,0,40,hi,FPS-KA-KAL-0002
RC-KA-006523,Ravi Desai,PHH,1,5,0,5,en,FPS-KA-KAL-0003
RC-KA-006524,Meena Bhat,PHH,5,25,20,5,kn,FPS-KA-KAL-0004
RC-KA-006525,Pooja Desai,PHH,3,15,10,5,hi,FPS-KA-KAL-0005
RC-KA-006526,Akash Naik,PHH,2,10,0,10,kn,FPS-KA-KAL-0006
RC-KA-006527,Shankar Patil,PHH,6,30,5,25,en,FPS-KA-KAL-0007
RC-KA-006528,Swathi Nayak,PHH,6,30,25,5,en,FPS-KA-KAL-0008
RC-KA-006529,Naveen Kulkarni,PHH,1,5,0,5,en,FPS-KA-KAL-0009
RC-KA-006530,Pooja Patil,PHH,1,5,5,0,kn,FPS-KA-KAL-0010
RC-KA-006531,Lakshmi Rao,PHH,3,15,5,10,kn,FPS-KA-KAL-0011
RC-KA-006532,Meena Naik,PHH,6,30,30,0,kn,FPS-KA-KAL-0012
RC-KA-006533,Priya Hegde,PHH,8,40,30,10,kn,FPS-KA-KAL-0013
RC-KA-006534,Akash Poojary,PHH,1,5,0,5,kn,FPS-KA-KAL-0014
RC-KA-006535,Rekha Naik,PHH,6,30,15,15,kn,FPS-KA-KAL-0015
RC-KA-006536,Kiran Hegde,PHH,4,20,0,20,kn,FPS-KA-KAL-0016
RC-KA-006537,Deepa Joshi,PHH,6,30,15,15,hi,FPS-KA-KAL-0017
RC-KA-006538,Naveen Desai,PHH,8,40,40,0,kn,FPS-KA-KAL-0018
RC-KA-006539,Vijay Sharma,PHH,7,35,25,10,kn,FPS-KA-KAL-0019
RC-KA-006540,Ravi Patil,PHH,4,20,0,20,kn,FPS-KA-KAL-0020
RC-KA-006541,Arjun Kumar,PHH,7,35,10,25,en,FPS-KA-KOD-0001
RC-KA-006542,Shankar Bhat,PHH,1,5,0,5,en,FPS-KA-KOD-0002
RC-KA-006543,Vijay Naik,PHH,4,20,20,0,kn,FPS-KA-KOD-0003
RC-KA-006544,Manoj Nayak,PHH,8,40,20,20,kn,FPS-KA-KOD-0004
RC-KA-006545,Chetan Joshi,PHH,2,10,10,0,kn,FPS-KA-KOD-0005
RC-KA-006546,Shalini Bhat,PHH,1,5,0,5,kn,FPS-KA-KOD-0006
RC-KA-006547,Shalini Hegde,PHH,5,25,20,5,kn,FPS-KA-KOD-0007
RC-KA-006548,Rekha Sharma,PHH,4,20,20,0,kn,FPS-KA-KOD-0008
RC-KA-006549,Rekha Rao,PHH,5,25,10,15,kn,FPS-KA-KOD-0009
RC-KA-006550,Prakash Bhat,PHH,2,10,5,5,kn,FPS-KA-KOD-0010
RC-KA-006551,Manoj Shetty,PHH,1,5,5,0,kn,FPS-KA-KOD-0011
RC-KA-006552,Akash Bhat,PHH,4,20,20,0,kn,FPS-KA-KOD-0012
RC-KA-006553,Aditi Kumar,PHH,7,35,35,0,kn,FPS-KA-KOD-0013
RC-KA-006554,Ravi Bhat,PHH,6,30,25,5,kn,FPS-KA-KOD-0014
RC-KA-006555,Pooja Naik,PHH,7,35,35,0,kn,FPS-KA-KOD-0015
RC-KA-006556,Harish Kulkarni,PHH,7,35,30,5,hi,FPS-KA-KOD-0016
RC-KA-006557,Ravi Poojary,PHH,3,15,5,10,kn,FPS-KA-KOD-0017
RC-KA-006558,Bhavana Bhat,PHH,3,15,5,10,kn,FPS-KA-KOD-0018
RC-KA-006559,Arjun Reddy,PHH,1,5,0,5,kn,FPS-KA-KOD-0019
RC-KA-006560,Swathi Joshi,PHH,6,30,5,25,kn,FPS-KA-KOD-0020
RC-KA-006561,Ganesh Poojary,PHH,6,30,15,15,kn,FPS-KA-KOL-0001
RC-KA-006562,Rahul Desai,PHH,7,35,35,0,en,FPS-KA-KOL-0002
RC-KA-006563,Shankar Joshi,PHH,1,5,5,0,kn,FPS-KA-KOL-0003
RC-KA-006564,Sanjay Naik,PHH,4,20,15,5,en,FPS-KA-KOL-0004
RC-KA-006565,Harish Shetty,PHH,6,30,30,0,kn,FPS-KA-KOL-0005
RC-KA-006566,Chetan Gowda,PHH,2,10,0,10,kn,FPS-KA-KOL-0006
RC-KA-006567,Ravi Rao,PHH,8,40,25,15,en,FPS-KA-KOL-0007
RC-KA-006568,Vijay Joshi,PHH,6,30,20,10,kn,FPS-KA-KOL-0008
RC-KA-006569,Manoj Naik,PHH,8,40,20,20,kn,FPS-KA-KOL-0009
RC-KA-006570,Rahul Naik,PHH,2,10,10,0,kn,FPS-KA-KOL-0010
RC-KA-006571,Harish Rao,PHH,7,35,10,25,kn,FPS-KA-KOL-0011
RC-KA-006572,Shankar Sharma,PHH,2,10,10,0,kn,FPS-KA-KOL-0012
RC-KA-006573,Deepa Naik,PHH,8,40,30,10,kn,FPS-KA-KOL-0013
RC-KA-006574,Akash Rao,PHH,7,35,25,10,hi,FPS-KA-KOL-0014
RC-KA-006575,Ganesh Nayak,PHH,6,30,30,0,kn,FPS-KA-KOL-0015
RC-KA-006576,Naveen Sharma,PHH,2,10,10,0,kn,FPS-KA-KOL-0016
RC-KA-006577,Aarav Nayak,PHH,7,35,15,20,en,FPS-KA-KOL-0017
RC-KA-006578,Naveen Kumar,PHH,1,5,0,5,kn,FPS-KA-KOL-0018
RC-KA-006579,Kiran Rao,PHH,3,15,0,15,hi,FPS-KA-KOL-0019
RC-KA-006580,Sanjay Hegde,PHH,4,20,0,20,kn,FPS-KA-KOL-0020
RC-KA-006581,Divya Shetty,PHH,8,40,10,30,kn,FPS-KA-KOP-0001
RC-KA-006582,Shankar Bhat,PHH,3,15,10,5,hi,FPS-KA-KOP-0002
RC-KA-006583,Priya Shetty,PHH,4,20,10,10,hi,FPS-KA-KOP-0003
RC-KA-006584,Aditi Sharma,PHH,8,40,30,10,kn,FPS-KA-KOP-0004
RC-KA-006585,Aditi Gowda,PHH,5,25,15,10,kn,FPS-KA-KOP-0005
RC-KA-006586,Chetan Reddy,PHH,1,5,5,0,kn,FPS-KA-KOP-0006
RC-KA-006587,Sneha Kumar,PHH,5,25,20,5,kn,FPS-KA-KOP-0007
RC-KA-006588,Sanjay Reddy,PHH,6,30,30,0,kn,FPS-KA-KOP-0008
RC-KA-006589,Kiran Kulkarni,PHH,6,30,30,0,en,FPS-KA-KOP-0009
RC-KA-006590,Harish Naik,PHH,8,40,5,35,en,FPS-KA-KOP-0010
RC-KA-006591,Kavya Reddy,PHH,5,25,15,10,en,FPS-KA-KOP-0011
RC-KA-006592,Swathi Kulkarni,PHH,3,15,15,0,kn,FPS-KA-KOP-0012
RC-KA-006593,Sneha Kulkarni,PHH,8,40,20,20,en,FPS-KA-KOP-0013
RC-KA-006594,Rahul Hegde,PHH,3,15,15,0,kn,FPS-KA-KOP-0014
RC-KA-006595,Suresh Rao,PHH,4,20,15,5,en,FPS-KA-KOP-0015
RC-KA-006596,Ananya Sharma,PHH,5,25,20,5,kn,FPS-KA-KOP-0016
RC-KA-006597,Sanjay Poojary,PHH,3,15,10,5,kn,FPS-KA-KOP-0017
RC-KA-006598,Bhavana Gowda,PHH,3,15,10,5,hi,FPS-KA-KOP-0018
RC-KA-006599,Suresh Rao,PHH,6,30,10,20,hi,FPS-KA-KOP-0019
RC-KA-006600,Aarav Poojary,PHH,4,20,20,0,kn,FPS-KA-KOP-0020
RC-KA-006601,Harish Joshi,PHH,8,40,35,5,kn,FPS-KA-MAN-0001
RC-KA-006602,Kiran Shetty,PHH,3,15,0,15,en,FPS-KA-MAN-0002
RC-KA-006603,Priya Hegde,PHH,7,35,20,15,kn,FPS-KA-MAN-0003
RC-KA-006604,Divya Naik,PHH,7,35,35,0,kn,FPS-KA-MAN-0004
RC-KA-006605,Priya Rao,PHH,7,35,0,35,kn,FPS-KA-MAN-0005
RC-KA-006606,Akash Poojary,PHH,1,5,5,0,hi,FPS-KA-MAN-0006
RC-KA-006607,Manoj Desai,PHH,2,10,10,0,kn,FPS-KA-MAN-0007
RC-KA-006608,Prakash Poojary,PHH,6,30,10,20,kn,FPS-KA-MAN-0008
RC-KA-006609,Ganesh Sharma,PHH,5,25,10,15,kn,FPS-KA-MAN-0009
RC-KA-006610,Ananya Kulkarni,PHH,3,15,10,5,kn,FPS-KA-MAN-0010
RC-KA-006611,Naveen Rao,PHH,5,25,20,5,kn,FPS-KA-MAN-0011
RC-KA-006612,Harish Poojary,PHH,4,20,20,0,hi,FPS-KA-MAN-0012
RC-KA-006613,Lakshmi Hegde,PHH,8,40,20,20,kn,FPS-KA-MAN-0013
RC-KA-006614,Aditi Desai,PHH,7,35,25,10,kn,FPS-KA-MAN-0014
RC-KA-006615,Sanjay Sharma,PHH,1,5,5,0,kn,FPS-KA-MAN-0015
RC-KA-006616,Chetan Poojary,PHH,5,25,25,0,hi,FPS-KA-MAN-0016
RC-KA-006617,Lakshmi Joshi,PHH,5,25,5,20,en,FPS-KA-MAN-0017
RC-KA-006618,Suresh Kulkarni,PHH,8,40,35,5,kn,FPS-KA-MAN-0018
RC-KA-006619,Sneha Sharma,PHH,3,15,5,10,hi,FPS-KA-MAN-0019
RC-KA-006620,Aditi Desai,PHH,5,25,20,5,en,FPS-KA-MAN-0020
RC-KA-006621,Ananya Hegde,PHH,7,35,15,20,kn,FPS-KA-MYS-0001
RC-KA-006622,Manoj Gowda,PHH,4,20,10,10,kn,FPS-KA-MYS-0002
RC-KA-006623,Harish Poojary,PHH,1,5,0,5,kn,FPS-KA-MYS-0003
RC-KA-006624,Deepa Rao,PHH,5,25,15,10,kn,FPS-KA-MYS-0004
RC-KA-006625,Deepa Poojary,PHH,5,25,20,5,en,FPS-KA-MYS-0005
RC-KA-006626,Pooja Desai,PHH,2,10,10,0,kn,FPS-KA-MYS-0006
RC-KA-006627,Kavya Desai,PHH,3,15,5,10,kn,FPS-KA-MYS-0007
RC-KA-006628,Deepa Hegde,PHH,6,30,15,15,kn,FPS-KA-MYS-0008
RC-KA-006629,Rahul Desai,PHH,5,25,25,0,en,FPS-KA-MYS-0009
RC-KA-006630,Harish Nayak,PHH,5,25,0,25,kn,FPS-KA-MYS-0010
RC-KA-006631,Ravi Hegde,PHH,6,30,15,15,kn,FPS-KA-MYS-0011
RC-KA-006632,Pooja Hegde,PHH,3,15,5,10,en,FPS-KA-MYS-0012
RC-KA-006633,Sneha Rao,PHH,6,30,10,20,kn,FPS-KA-MYS-0013
RC-KA-006634,Ganesh Kumar,PHH,6,30,15,15,hi,FPS-KA-MYS-0014
RC-KA-006635,Ananya Poojary,PHH,8,40,25,15,en,FPS-KA-MYS-0015
RC-KA-006636,Shankar Nayak,PHH,7,35,30,5,kn,FPS-KA-MYS-0016
RC-KA-006637,Shalini Reddy,PHH,5,25,25,0,kn,FPS-KA-MYS-0017
RC-KA-006638,Sanjay Bhat,PHH,7,35,10,25,kn,FPS-KA-MYS-0018
RC-KA-006639,Aarav Desai,PHH,5,25,15,10,kn,FPS-KA-MYS-0019
RC-KA-006640,Prakash Desai,PHH,2,10,5,5,kn,FPS-KA-MYS-0020
RC-KA-006641,Meena Poojary,PHH,2,10,5,5,hi,FPS-KA-RAI-0001
RC-KA-006642,Ananya Joshi,PHH,8,40,15,25,en,FPS-KA-RAI-0002
RC-KA-006643,Harish Patil,PHH,6,30,25,5,kn,FPS-KA-RAI-0003
RC-KA-006644,Kavya Bhat,PHH,4,20,15,5,en,FPS-KA-RAI-0004
RC-KA-006645,Aarav Reddy,PHH,7,35,0,35,kn,FPS-KA-RAI-0005
RC-KA-006646,Manoj Hegde,PHH,7,35,5,30,kn,FPS-KA-RAI-0006
RC-KA-006647,Manoj Bhat,PHH,1,5,0,5,hi,FPS-KA-RAI-0007
RC-KA-006648,Shankar Poojary,PHH,1,5,5,0,kn,FPS-KA-RAI-0008
RC-KA-006649,Pooja Kulkarni,PHH,5,25,20,5,kn,FPS-KA-RAI-0009
RC-KA-006650,Ananya Kulkarni,PHH,3,15,10,5,kn,FPS-KA-RAI-0010
RC-KA-006651,Kavya Sharma,PHH,3,15,0,15,hi,FPS-KA-RAI-0011
RC-KA-006652,Vijay Sharma,PHH,4,20,20,0,hi,FPS-KA-RAI-0012
RC-KA-006653,Deepa Hegde,PHH,7,35,35,0,kn,FPS-KA-RAI-0013
RC-KA-006654,Deepa Hegde,PHH,4,20,15,5,kn,FPS-KA-RAI-0014
RC-KA-006655,Lakshmi Patil,PHH,6,30,25,5,kn,FPS-KA-RAI-0015
RC-KA-006656,Arjun Joshi,PHH,8,40,0,40,kn,FPS-KA-RAI-0016
RC-KA-006657,Chetan Reddy,PHH,4,20,10,10,hi,FPS-KA-RAI-0017
RC-KA-006658,Chetan Sharma,PHH,6,30,30,0,kn,FPS-KA-RAI-0018
RC-KA-006659,Aditi Sharma,PHH,1,5,0,5,kn,FPS-KA-RAI-0019
RC-KA-006660,Rahul Naik,PHH,8,40,20,20,kn,FPS-KA-RAI-0020
RC-KA-006661,Ravi Nayak,PHH,4,20,15,5,kn,FPS-KA-RAM-0001
RC-KA-006662,Shalini Bhat,PHH,4,20,10,10,kn,FPS-KA-RAM-0002
RC-KA-006663,Swathi Gowda,PHH,7,35,35,0,hi,FPS-KA-RAM-0003
RC-KA-006664,Chetan Bhat,PHH,5,25,20,5,en,FPS-KA-RAM-0004
RC-KA-006665,Ravi Bhat,PHH,1,5,0,5,en,FPS-KA-RAM-0005
RC-KA-006666,Lakshmi Kumar,PHH,4,20,10,10,hi,FPS-KA-RAM-0006
RC-KA-006667,Kiran Kumar,PHH,6,30,20,10,hi,FPS-KA-RAM-0007
RC-KA-006668,Harish Shetty,PHH,1,5,0,5,en,FPS-KA-RAM-0008
RC-KA-006669,Meena Rao,PHH,7,35,15,20,en,FPS-KA-RAM-0009
RC-KA-006670,Akash Shetty,PHH,5,25,25,0,hi,FPS-KA-RAM-0010
RC-KA-006671,Ananya Gowda,PHH,7,35,30,5,en,FPS-KA-RAM-0011
RC-KA-006672,Shankar Rao,PHH,3,15,5,10,en,FPS-KA-RAM-0012
RC-KA-006673,Ravi Shetty,PHH,3,15,0,15,kn,FPS-KA-RAM-0013
RC-KA-006674,Kiran Gowda,PHH,6,30,30,0,kn,FPS-KA-RAM-0014
RC-KA-006675,Rahul Joshi,PHH,2,10,10,0,kn,FPS-KA-RAM-0015
RC-KA-006676,Suresh Naik,PHH,3,15,10,5,hi,FPS-KA-RAM-0016
RC-KA-006677,Divya Poojary,PHH,7,35,25,10,kn,FPS-KA-RAM-0017
RC-KA-006678,Rekha Reddy,PHH,5,25,15,10,en,FPS-KA-RAM-0018
RC-KA-006679,Harish Naik,PHH,3,15,10,5,kn,FPS-KA-RAM-0019
RC-KA-006680,Ananya Rao,PHH,5,25,0,25,kn,FPS-KA-RAM-0020
RC-KA-006681,Vijay Desai,PHH,6,30,0,30,kn,FPS-KA-SHI-0001
RC-KA-006682,Ravi Hegde,PHH,4,20,20,0,en,FPS-KA-SHI-0002
RC-KA-006683,Sneha Poojary,PHH,3,15,0,15,kn,FPS-KA-SHI-0003
RC-KA-006684,Manoj Kumar,PHH,2,10,10,0,kn,FPS-KA-SHI-0004
RC-KA-006685,Pooja Rao,PHH,7,35,20,15,hi,FPS-KA-SHI-0005
RC-KA-006686,Divya Kulkarni,PHH,5,25,15,10,en,FPS-KA-SHI-0006
RC-KA-006687,Akash Naik,PHH,3,15,5,10,kn,FPS-KA-SHI-0007
RC-KA-006688,Divya Patil,PHH,4,20,5,15,kn,FPS-KA-SHI-0008
RC-KA-006689,Bhavana Joshi,PHH,2,10,0,10,kn,FPS-KA-SHI-0009
RC-KA-006690,Aarav Joshi,PHH,4,20,15,5,kn,FPS-KA-SHI-0010
RC-KA-006691,Manoj Nayak,PHH,8,40,30,10,en,FPS-KA-SHI-0011
RC-KA-006692,Aarav Kulkarni,PHH,8,40,0,40,hi,FPS-KA-SHI-0012
RC-KA-006693,Pooja Reddy,PHH,8,40,30,10,kn,FPS-KA-SHI-0013
RC-KA-006694,Priya Hegde,PHH,8,40,30,10,kn,FPS-KA-SHI-0014
RC-KA-006695,Meena Bhat,PHH,1,5,5,0,kn,FPS-KA-SHI-0015
RC-KA-006696,Ananya Desai,PHH,2,10,10,0,kn,FPS-KA-SHI-0016
RC-KA-006697,Naveen Kumar,PHH,3,15,0,15,kn,FPS-KA-SHI-0017
RC-KA-006698,Ananya Joshi,PHH,7,35,0,35,kn,FPS-KA-SHI-0018
RC-KA-006699,Swathi Kumar,PHH,7,35,15,20,kn,FPS-KA-SHI-0019
RC-KA-006700,Rahul Hegde,PHH,3,15,15,0,hi,FPS-KA-SHI-0020
RC-KA-006701,Manoj Naik,PHH,7,35,20,15,kn,FPS-KA-TUM-0001
RC-KA-006702,Kiran Patil,PHH,2,10,10,0,kn,FPS-KA-TUM-0002
RC-KA-006703,Shalini Reddy,PHH,6,30,25,5,en,FPS-KA-TUM-0003
RC-KA-006704,Divya Rao,PHH,1,5,5,0,hi,FPS-KA-TUM-0004
RC-KA-006705,Deepa Naik,PHH,1,5,5,0,kn,FPS-KA-TUM-0005
RC-KA-006706,Ananya Bhat,PHH,3,15,10,5,hi,FPS-KA-TUM-0006
RC-KA-006707,Akash Bhat,PHH,8,40,0,40,kn,FPS-KA-TUM-0007
RC-KA-006708,Chetan Kulkarni,PHH,6,30,20,10,kn,FPS-KA-TUM-0008
RC-KA-006709,Aarav Desai,PHH,3,15,15,0,kn,FPS-KA-TUM-0009
RC-KA-006710,Harish Nayak,PHH,5,25,5,20,kn,FPS-KA-TUM-0010
RC-KA-006711,Rahul Nayak,PHH,4,20,0,20,kn,FPS-KA-TUM-0011
RC-KA-006712,Harish Shetty,PHH,7,35,10,25,hi,FPS-KA-TUM-0012
RC-KA-006713,Ananya Kulkarni,PHH,7,35,0,35,kn,FPS-KA-TUM-0013
RC-KA-006714,Divya Joshi,PHH,1,5,5,0,kn,FPS-KA-TUM-0014
RC-KA-006715,Vijay Sharma,PHH,1,5,0,5,en,FPS-KA-TUM-0015
RC-KA-006716,Kavya Joshi,PHH,4,20,5,15,hi,FPS-KA-TUM-0016
RC-KA-006717,Chetan Poojary,PHH,4,20,20,0,hi,FPS-KA-TUM-0017
RC-KA-006718,Manoj Reddy,PHH,2,10,0,10,kn,FPS-KA-TUM-0018
RC-KA-006719,Ganesh Hegde,PHH,6,30,30,0,kn,FPS-KA-TUM-0019
RC-KA-006720,Shalini Bhat,PHH,5,25,15,10,kn,FPS-KA-TUM-0020
RC-KA-006721,Bhavana Bhat,PHH,6,30,0,30,kn,FPS-KA-UDP-0001
RC-KA-006722,Shankar Rao,PHH,2,10,5,5,kn,FPS-KA-UDP-0002
RC-KA-006723,Deepa Reddy,PHH,2,10,0,10,en,FPS-KA-UDP-0003
RC-KA-006724,Naveen Poojary,PHH,2,10,10,0,kn,FPS-KA-UDP-0004
RC-KA-006725,Harish Rao,PHH,8,40,0,40,en,FPS-KA-UDP-0005
RC-KA-006726,Meena Gowda,PHH,8,40,5,35,kn,FPS-KA-UDP-0006
RC-KA-006727,Kavya Kulkarni,PHH,8,40,0,40,kn,FPS-KA-UDP-0007
RC-KA-006728,Ganesh Gowda,PHH,8,40,0,40,en,FPS-KA-UDP-0008
RC-KA-006729,Rekha Kulkarni,PHH,3,15,10,5,en,FPS-KA-UDP-0009
RC-KA-006730,Kiran Naik,PHH,1,5,5,0,kn,FPS-KA-UDP-0010
RC-KA-006731,Chetan Reddy,PHH,4,20,20,0,kn,FPS-KA-UDP-0011
RC-KA-006732,Ananya Rao,PHH,8,40,30,10,kn,FPS-KA-UDP-0012
RC-KA-006733,Suresh Poojary,PHH,8,40,30,10,kn,FPS-KA-UDP-0013
RC-KA-006734,Divya Reddy,PHH,7,35,0,35,kn,FPS-KA-UDP-0014
RC-KA-006735,Rahul Kumar,PHH,5,25,10,15,en,FPS-KA-UDP-0015
RC-KA-006736,Rahul Rao,PHH,8,40,15,25,hi,FPS-KA-UDP-0016
RC-KA-006737,Deepa Shetty,PHH,8,40,15,25,kn,FPS-KA-UDP-0017
RC-KA-006738,Sanjay Kumar,PHH,5,25,20,5,hi,FPS-KA-UDP-0018
RC-KA-006739,Meena Nayak,PHH,8,40,25,15,en,FPS-KA-UDP-0019
RC-KA-006740,Aarav Naik,PHH,5,25,10,15,kn,FPS-KA-UDP-0020
RC-KA-006741,Prakash Naik,PHH,5,25,20,5,en,FPS-KA-UK-0001
RC-KA-006742,Pooja Gowda,PHH,8,40,15,25,hi,FPS-KA-UK-0002
RC-KA-006743,Harish Kumar,PHH,6,30,15,15,kn,FPS-KA-UK-0003
RC-KA-006744,Manoj Sharma,PHH,5,25,5,20,kn,FPS-KA-UK-0004
RC-KA-006745,Swathi Naik,PHH,6,30,30,0,kn,FPS-KA-UK-0005
RC-KA-006746,Ananya Gowda,PHH,8,40,30,10,hi,FPS-KA-UK-0006
RC-KA-006747,Prakash Desai,PHH,1,5,5,0,en,FPS-KA-UK-0007
RC-KA-006748,Kavya Naik,PHH,7,35,20,15,en,FPS-KA-UK-0008
RC-KA-006749,Arjun Joshi,PHH,6,30,15,15,kn,FPS-KA-UK-0009
RC-KA-006750,Ravi Sharma,PHH,8,40,10,30,kn,FPS-KA-UK-0010
RC-KA-006751,Divya Poojary,PHH,4,20,10,10,kn,FPS-KA-UK-0011
RC-KA-006752,Priya Joshi,PHH,1,5,0,5,kn,FPS-KA-UK-0012
RC-KA-006753,Suresh Hegde,PHH,5,25,25,0,kn,FPS-KA-UK-0013
RC-KA-006754,Kiran Bhat,PHH,7,35,0,35,hi,FPS-KA-UK-0014
RC-KA-006755,Naveen Shetty,PHH,3,15,15,0,kn,FPS-KA-UK-0015
RC-KA-006756,Shalini Kumar,PHH,7,35,35,0,kn,FPS-KA-UK-0016
RC-KA-006757,Manoj Sharma,PHH,8,40,35,5,en,FPS-KA-UK-0017
RC-KA-006758,Rahul Reddy,PHH,6,30,15,15,kn,FPS-KA-UK-0018
RC-KA-006759,Meena Desai,PHH,7,35,10,25,kn,FPS-KA-UK-0019
RC-KA-006760,Shankar Gowda,PHH,3,15,15,0,kn,FPS-KA-UK-0020
RC-KA-006761,Kavya Gowda,PHH,1,5,5,0,hi,FPS-KA-VIJ-0001
RC-KA-006762,Ravi Rao,PHH,3,15,15,0,kn,FPS-KA-VIJ-0002
RC-KA-006763,Swathi Poojary,PHH,1,5,5,0,kn,FPS-KA-VIJ-0003
RC-KA-006764,Deepa Reddy,PHH,3,15,10,5,kn,FPS-KA-VIJ-0004
RC-KA-006765,Chetan Sharma,PHH,4,20,0,20,hi,FPS-KA-VIJ-0005
RC-KA-006766,Aarav Rao,PHH,4,20,10,10,kn,FPS-KA-VIJ-0006
RC-KA-006767,Kiran Sharma,PHH,7,35,0,35,hi,FPS-KA-VIJ-0007
RC-KA-006768,Vijay Patil,PHH,5,25,25,0,kn,FPS-KA-VIJ-0008
RC-KA-006769,Chetan Hegde,PHH,7,35,25,10,kn,FPS-KA-VIJ-0009
RC-KA-006770,Harish Rao,PHH,8,40,40,0,en,FPS-KA-VIJ-0010
RC-KA-006771,Naveen Hegde,PHH,3,15,10,5,kn,FPS-KA-VIJ-0011
RC-KA-006772,Aditi Patil,PHH,4,20,15,5,hi,FPS-KA-VIJ-0012
RC-KA-006773,Swathi Kumar,PHH,7,35,20,15,kn,FPS-KA-VIJ-0013
RC-KA-006774,Shalini Hegde,PHH,6,30,10,20,kn,FPS-KA-VIJ-0014
RC-KA-006775,Prakash Poojary,PHH,4,20,0,20,kn,FPS-KA-VIJ-0015
RC-KA-006776,Kavya Naik,PHH,1,5,5,0,kn,FPS-KA-VIJ-0016
RC-KA-006777,Manoj Kulkarni,PHH,3,15,0,15,kn,FPS-KA-VIJ-0017
RC-KA-006778,Shankar Patil,PHH,5,25,5,20,kn,FPS-KA-VIJ-0018
RC-KA-006779,Lakshmi Joshi,PHH,8,40,40,0,en,FPS-KA-VIJ-0019
RC-KA-006780,Ravi Shetty,PHH,8,40,40,0,kn,FPS-KA-VIJ-0020
RC-KA-006781,Arjun Shetty,PHH,1,5,0,5,hi,FPS-KA-VIG-0001
RC-KA-006782,Vijay Desai,PHH,2,10,0,10,en,FPS-KA-VIG-0002
RC-KA-006783,Rekha Nayak,PHH,1,5,0,5,kn,FPS-KA-VIG-0003
RC-KA-006784,Lakshmi Nayak,PHH,6,30,20,10,kn,FPS-KA-VIG-0004
RC-KA-006785,Ravi Shetty,PHH,4,20,20,0,hi,FPS-KA-VIG-0005
RC-KA-006786,Bhavana Nayak,PHH,8,40,40,0,hi,FPS-KA-VIG-0006
RC-KA-006787,Rekha Gowda,PHH,8,40,15,25,hi,FPS-KA-VIG-0007
RC-KA-006788,Prakash Hegde,PHH,5,25,5,20,hi,FPS-KA-VIG-0008
RC-KA-006789,Ananya Desai,PHH,7,35,10,25,kn,FPS-KA-VIG-0009
RC-KA-006790,Lakshmi Patil,PHH,7,35,20,15,kn,FPS-KA-VIG-0010
RC-KA-006791,Pooja Joshi,PHH,4,20,5,15,hi,FPS-KA-VIG-0011
RC-KA-006792,Harish Gowda,PHH,1,5,5,0,kn,FPS-KA-VIG-0012
RC-KA-006793,Ganesh Hegde,PHH,1,5,0,5,kn,FPS-KA-VIG-0013
RC-KA-006794,Arjun Poojary,PHH,2,10,0,10,en,FPS-KA-VIG-0014
RC-KA-006795,Swathi Desai,PHH,3,15,0,15,kn,FPS-KA-VIG-0015
RC-KA-006796,Divya Gowda,PHH,6,30,10,20,kn,FPS-KA-VIG-0016
RC-KA-006797,Priya Shetty,PHH,7,35,20,15,kn,FPS-KA-VIG-0017
RC-KA-006798,Divya Kulkarni,PHH,2,10,0,10,en,FPS-KA-VIG-0018
RC-KA-006799,Harish Poojary,PHH,7,35,10,25,en,FPS-KA-VIG-0019
RC-KA-006800,Kiran Poojary,PHH,1,5,0,5,kn,FPS-KA-VIG-0020
RC-KA-006801,Sneha Patil,PHH,8,40,20,20,kn,FPS-KA-YAD-0001
RC-KA-006802,Pooja Nayak,PHH,4,20,15,5,kn,FPS-KA-YAD-0002
RC-KA-006803,Vijay Rao,PHH,6,30,10,20,hi,FPS-KA-YAD-0003
RC-KA-006804,Kavya Joshi,PHH,4,20,5,15,kn,FPS-KA-YAD-0004
RC-KA-006805,Rekha Joshi,PHH,8,40,10,30,en,FPS-KA-YAD-0005
RC-KA-006806,Rahul Patil,PHH,4,20,15,5,kn,FPS-KA-YAD-0006
RC-KA-006807,Suresh Naik,PHH,7,35,0,35,hi,FPS-KA-YAD-0007
RC-KA-006808,Arjun Reddy,PHH,6,30,15,15,en,FPS-KA-YAD-0008
RC-KA-006809,Divya Bhat,PHH,3,15,15,0,kn,FPS-KA-YAD-0009
RC-KA-006810,Priya Poojary,PHH,6,30,20,10,hi,FPS-KA-YAD-0010
RC-KA-006811,Aditi Bhat,PHH,8,40,0,40,kn,FPS-KA-YAD-0011
RC-KA-006812,Priya Kumar,PHH,2,10,10,0,kn,FPS-KA-YAD-0012
RC-KA-006813,Arjun Hegde,PHH,8,40,10,30,kn,FPS-KA-YAD-0013
RC-KA-006814,Ananya Kumar,PHH,2,10,10,0,kn,FPS-KA-YAD-0014
RC-KA-006815,Deepa Bhat,PHH,3,15,10,5,kn,FPS-KA-YAD-0015
RC-KA-006816,Sneha Naik,PHH,3,15,15,0,hi,FPS-KA-YAD-0016
RC-KA-006817,Naveen Shetty,PHH,4,20,15,5,kn,FPS-KA-YAD-0017
RC-KA-006818,Rahul Nayak,PHH,2,10,5,5,kn,FPS-KA-YAD-0018
RC-KA-006819,Akash Kulkarni,PHH,6,30,10,20,hi,FPS-KA-YAD-0019
RC-KA-006820,Akash Naik,PHH,4,20,20,0,kn,FPS-KA-YAD-0020
RC-KA-006821,Manoj Hegde,PHH,3,15,0,15,en,FPS-KA-BAG-0001
RC-KA-006822,Ananya Rao,PHH,8,40,20,20,kn,FPS-KA-BAG-0002
RC-KA-006823,Shankar Desai,PHH,5,25,5,20,kn,FPS-KA-BAG-0003
RC-KA-006824,Kiran Shetty,PHH,4,20,20,0,kn,FPS-KA-BAG-0004
RC-KA-006825,Vijay Joshi,PHH,6,30,20,10,kn,FPS-KA-BAG-0005
RC-KA-006826,Rahul Sharma,PHH,4,20,0,20,kn,FPS-KA-BAG-0006
RC-KA-006827,Vijay Poojary,PHH,8,40,35,5,kn,FPS-KA-BAG-0007
RC-KA-006828,Swathi Rao,PHH,7,35,35,0,kn,FPS-KA-BAG-0008
RC-KA-006829,Ganesh Reddy,PHH,5,25,10,15,kn,FPS-KA-BAG-0009
RC-KA-006830,Swathi Desai,PHH,6,30,30,0,kn,FPS-KA-BAG-0010
RC-KA-006831,Suresh Kulkarni,PHH,8,40,10,30,kn,FPS-KA-BAG-0011
RC-KA-006832,Swathi Kulkarni,PHH,6,30,15,15,kn,FPS-KA-BAG-0012
RC-KA-006833,Suresh Poojary,PHH,5,25,5,20,en,FPS-KA-BAG-0013
RC-KA-006834,Prakash Patil,PHH,1,5,0,5,kn,FPS-KA-BAG-0014
RC-KA-006835,Rahul Patil,PHH,4,20,10,10,en,FPS-KA-BAG-0015
RC-KA-006836,Prakash Kumar,PHH,5,25,5,20,kn,FPS-KA-BAG-0016
RC-KA-006837,Sanjay Patil,PHH,7,35,0,35,kn,FPS-KA-BAG-0017
RC-KA-006838,Lakshmi Bhat,PHH,5,25,0,25,kn,FPS-KA-BAG-0018
RC-KA-006839,Lakshmi Shetty,PHH,6,30,15,15,kn,FPS-KA-BAG-0019
RC-KA-006840,Rekha Rao,PHH,5,25,5,20,kn,FPS-KA-BAG-0020
RC-KA-006841,Priya Shetty,PHH,3,15,5,10,kn,FPS-KA-BAL-0001
RC-KA-006842,Priya Reddy,PHH,1,5,0,5,kn,FPS-KA-BAL-0002
RC-KA-006843,Divya Nayak,PHH,1,5,0,5,hi,FPS-KA-BAL-0003
RC-KA-006844,Arjun Desai,PHH,1,5,0,5,kn,FPS-KA-BAL-0004
RC-KA-006845,Ananya Rao,PHH,4,20,0,20,en,FPS-KA-BAL-0005
RC-KA-006846,Kiran Naik,PHH,8,40,10,30,hi,FPS-KA-BAL-0006
RC-KA-006847,Suresh Hegde,PHH,2,10,5,5,kn,FPS-KA-BAL-0007
RC-KA-006848,Rahul Gowda,PHH,7,35,0,35,en,FPS-KA-BAL-0008
RC-KA-006849,Shankar Reddy,PHH,5,25,5,20,en,FPS-KA-BAL-0009
RC-KA-006850,Sanjay Naik,PHH,4,20,10,10,kn,FPS-KA-BAL-0010
RC-KA-006851,Prakash Joshi,PHH,8,40,20,20,kn,FPS-KA-BAL-0011
RC-KA-006852,Ravi Kulkarni,PHH,4,20,10,10,kn,FPS-KA-BAL-0012
RC-KA-006853,Akash Hegde,PHH,8,40,35,5,hi,FPS-KA-BAL-0013
RC-KA-006854,Bhavana Shetty,PHH,4,20,20,0,kn,FPS-KA-BAL-0014
RC-KA-006855,Manoj Bhat,PHH,7,35,10,25,hi,FPS-KA-BAL-0015
RC-KA-006856,Aditi Bhat,PHH,4,20,15,5,kn,FPS-KA-BAL-0016
RC-KA-006857,Aarav Sharma,PHH,4,20,5,15,kn,FPS-KA-BAL-0017
RC-KA-006858,Sneha Desai,PHH,1,5,0,5,kn,FPS-KA-BAL-0018
RC-KA-006859,Rahul Naik,PHH,7,35,5,30,en,FPS-KA-BAL-0019
RC-KA-006860,Meena Reddy,PHH,5,25,5,20,kn,FPS-KA-BAL-0020
RC-KA-006861,Aditi Bhat,PHH,6,30,10,20,kn,FPS-KA-BEL-0001
RC-KA-006862,Ananya Kulkarni,PHH,5,25,5,20,kn,FPS-KA-BEL-0002
RC-KA-006863,Sanjay Patil,PHH,8,40,10,30,hi,FPS-KA-BEL-0003
RC-KA-006864,Shankar Kumar,PHH,7,35,35,0,en,FPS-KA-BEL-0004
RC-KA-006865,Chetan Naik,PHH,5,25,20,5,kn,FPS-KA-BEL-0005
RC-KA-006866,Aarav Naik,PHH,4,20,20,0,kn,FPS-KA-BEL-0006
RC-KA-006867,Shalini Poojary,PHH,6,30,30,0,kn,FPS-KA-BEL-0007
RC-KA-006868,Meena Joshi,PHH,3,15,10,5,kn,FPS-KA-BEL-0008
RC-KA-006869,Deepa Kumar,PHH,4,20,10,10,kn,FPS-KA-BEL-0009
RC-KA-006870,Vijay Desai,PHH,2,10,0,10,kn,FPS-KA-BEL-0010
RC-KA-006871,Rahul Nayak,PHH,4,20,10,10,kn,FPS-KA-BEL-0011
RC-KA-006872,Deepa Kulkarni,PHH,4,20,0,20,kn,FPS-KA-BEL-0012
RC-KA-006873,Arjun Naik,PHH,5,25,0,25,hi,FPS-KA-BEL-0013
RC-KA-006874,Prakash Joshi,PHH,8,40,20,20,kn,FPS-KA-BEL-0014
RC-KA-006875,Manoj Shetty,PHH,6,30,5,25,hi,FPS-KA-BEL-0015
RC-KA-006876,Aditi Hegde,PHH,1,5,0,5,kn,FPS-KA-BEL-0016
RC-KA-006877,Deepa Kumar,PHH,2,10,5,5,kn,FPS-KA-BEL-0017
RC-KA-006878,Aarav Desai,PHH,3,15,10,5,kn,FPS-KA-BEL-0018
RC-KA-006879,Harish Joshi,PHH,2,10,5,5,en,FPS-KA-BEL-0019
RC-KA-006880,Divya Poojary,PHH,8,40,0,40,hi,FPS-KA-BEL-0020
RC-KA-006881,Swathi Poojary,PHH,1,5,5,0,kn,FPS-KA-BLR-R-0001
RC-KA-006882,Akash Gowda,PHH,5,25,10,15,kn,FPS-KA-BLR-R-0002
RC-KA-006883,Suresh Gowda,PHH,3,15,10,5,hi,FPS-KA-BLR-R-0003
RC-KA-006884,Shankar Kumar,PHH,3,15,10,5,kn,FPS-KA-BLR-R-0004
RC-KA-006885,Akash Sharma,PHH,1,5,5,0,hi,FPS-KA-BLR-R-0005
RC-KA-006886,Sanjay Nayak,PHH,2,10,0,10,hi,FPS-KA-BLR-R-0006
RC-KA-006887,Sanjay Reddy,PHH,6,30,0,30,kn,FPS-KA-BLR-R-0007
RC-KA-006888,Vijay Rao,PHH,5,25,20,5,en,FPS-KA-BLR-R-0008
RC-KA-006889,Meena Gowda,PHH,2,10,10,0,hi,FPS-KA-BLR-R-0009
RC-KA-006890,Shalini Hegde,PHH,6,30,25,5,kn,FPS-KA-BLR-R-0010
RC-KA-006891,Swathi Nayak,PHH,6,30,15,15,en,FPS-KA-BLR-R-0011
RC-KA-006892,Bhavana Joshi,PHH,7,35,30,5,hi,FPS-KA-BLR-R-0012
RC-KA-006893,Aarav Kumar,PHH,3,15,10,5,kn,FPS-KA-BLR-R-0013
RC-KA-006894,Arjun Kumar,PHH,7,35,5,30,hi,FPS-KA-BLR-R-0014
RC-KA-006895,Pooja Poojary,PHH,2,10,10,0,kn,FPS-KA-BLR-R-0015
RC-KA-006896,Harish Shetty,PHH,6,30,25,5,kn,FPS-KA-BLR-R-0016
RC-KA-006897,Akash Hegde,PHH,1,5,0,5,kn,FPS-KA-BLR-R-0017
RC-KA-006898,Harish Sharma,PHH,1,5,5,0,kn,FPS-KA-BLR-R-0018
RC-KA-006899,Lakshmi Sharma,PHH,7,35,25,10,kn,FPS-KA-BLR-R-0019
RC-KA-006900,Ganesh Reddy,PHH,8,40,35,5,en,FPS-KA-BLR-R-0020
RC-KA-006901,Vijay Joshi,PHH,4,20,15,5,kn,FPS-KA-BLR-U-0001
RC-KA-006902,Akash Nayak,PHH,1,5,0,5,kn,FPS-KA-BLR-U-0002
RC-KA-006903,Suresh Patil,PHH,5,25,15,10,hi,FPS-KA-BLR-U-0003
RC-KA-006904,Sneha Joshi,PHH,4,20,20,0,kn,FPS-KA-BLR-U-0004
RC-KA-006905,Aditi Naik,PHH,2,10,10,0,kn,FPS-KA-BLR-U-0005
RC-KA-006906,Deepa Joshi,PHH,7,35,5,30,kn,FPS-KA-BLR-U-0006
RC-KA-006907,Meena Bhat,PHH,2,10,5,5,en,FPS-KA-BLR-U-0007
RC-KA-006908,Ravi Hegde,PHH,6,30,0,30,kn,FPS-KA-BLR-U-0008
RC-KA-006909,Rahul Patil,PHH,7,35,0,35,en,FPS-KA-BLR-U-0009
RC-KA-006910,Shalini Joshi,PHH,7,35,25,10,en,FPS-KA-BLR-U-0010
RC-KA-006911,Naveen Patil,PHH,3,15,15,0,kn,FPS-KA-BLR-U-0011
RC-KA-006912,Rekha Desai,PHH,1,5,5,0,en,FPS-KA-BLR-U-0012
RC-KA-006913,Pooja Gowda,PHH,3,15,0,15,hi,FPS-KA-BLR-U-0013
RC-KA-006914,Chetan Desai,PHH,5,25,15,10,kn,FPS-KA-BLR-U-0014
RC-KA-006915,Aarav Desai,PHH,4,20,10,10,kn,FPS-KA-BLR-U-0015
RC-KA-006916,Deepa Patil,PHH,4,20,0,20,en,FPS-KA-BLR-U-0016
RC-KA-006917,Naveen Rao,PHH,7,35,35,0,en,FPS-KA-BLR-U-0017
RC-KA-006918,Kavya Naik,PHH,6,30,0,30,kn,FPS-KA-BLR-U-0018
RC-KA-006919,Akash Naik,PHH,4,20,15,5,kn,FPS-KA-BLR-U-0019
RC-KA-006920,Aditi Kulkarni,PHH,7,35,35,0,kn,FPS-KA-BLR-U-0020
RC-KA-006921,Akash Kumar,PHH,7,35,30,5,kn,FPS-KA-BID-0001
RC-KA-006922,Ananya Gowda,PHH,6,30,30,0,kn,FPS-KA-BID-0002
RC-KA-006923,Aditi Hegde,PHH,7,35,20,15,kn,FPS-KA-BID-0003
RC-KA-006924,Ganesh Reddy,PHH,6,30,30,0,kn,FPS-KA-BID-0004
RC-KA-006925,Rahul Poojary,PHH,2,10,10,0,kn,FPS-KA-BID-0005
RC-KA-006926,Arjun Patil,PHH,8,40,15,25,kn,FPS-KA-BID-0006
RC-KA-006927,Sneha Hegde,PHH,1,5,0,5,kn,FPS-KA-BID-0007
RC-KA-006928,Chetan Reddy,PHH,7,35,25,10,hi,FPS-KA-BID-0008
RC-KA-006929,Deepa Patil,PHH,8,40,35,5,kn,FPS-KA-BID-0009
RC-KA-006930,Rekha Joshi,PHH,4,20,0,20,kn,FPS-KA-BID-0010
RC-KA-006931,Bhavana Kumar,PHH,8,40,5,35,kn,FPS-KA-BID-0011
RC-KA-006932,Pooja Desai,PHH,7,35,5,30,kn,FPS-KA-BID-0012
RC-KA-006933,Arjun Naik,PHH,3,15,0,15,en,FPS-KA-BID-0013
RC-KA-006934,Sneha Naik,PHH,1,5,0,5,en,FPS-KA-BID-0014
RC-KA-006935,Aditi Hegde,PHH,6,30,10,20,kn,FPS-KA-BID-0015
RC-KA-006936,Naveen Bhat,PHH,5,25,20,5,en,FPS-KA-BID-0016
RC-KA-006937,Meena Kulkarni,PHH,1,5,0,5,kn,FPS-KA-BID-0017
RC-KA-006938,Meena Shetty,PHH,8,40,15,25,kn,FPS-KA-BID-0018
RC-KA-006939,Chetan Patil,PHH,5,25,15,10,kn,FPS-KA-BID-0019
RC-KA-006940,Deepa Rao,PHH,4,20,10,10,kn,FPS-KA-BID-0020
RC-KA-006941,Akash Naik,PHH,1,5,0,5,kn,FPS-KA-CHA-0001
RC-KA-006942,Ganesh Sharma,PHH,4,20,10,10,kn,FPS-KA-CHA-0002
RC-KA-006943,Rekha Naik,PHH,4,20,0,20,kn,FPS-KA-CHA-0003
RC-KA-006944,Prakash Poojary,PHH,2,10,5,5,en,FPS-KA-CHA-0004
RC-KA-006945,Lakshmi Rao,PHH,7,35,25,10,en,FPS-KA-CHA-0005
RC-KA-006946,Meena Bhat,PHH,7,35,10,25,kn,FPS-KA-CHA-0006
RC-KA-006947,Priya Rao,PHH,4,20,10,10,kn,FPS-KA-CHA-0007
RC-KA-006948,Arjun Desai,PHH,7,35,10,25,kn,FPS-KA-CHA-0008
RC-KA-006949,Aarav Shetty,PHH,6,30,25,5,kn,FPS-KA-CHA-0009
RC-KA-006950,Deepa Nayak,PHH,3,15,5,10,kn,FPS-KA-CHA-0010
RC-KA-006951,Sanjay Desai,PHH,5,25,0,25,kn,FPS-KA-CHA-0011
RC-KA-006952,Akash Poojary,PHH,8,40,5,35,kn,FPS-KA-CHA-0012
RC-KA-006953,Aditi Kumar,PHH,6,30,20,10,kn,FPS-KA-CHA-0013
RC-KA-006954,Suresh Poojary,PHH,5,25,0,25,en,FPS-KA-CHA-0014
RC-KA-006955,Lakshmi Kulkarni,PHH,3,15,0,15,kn,FPS-KA-CHA-0015
RC-KA-006956,Shankar Gowda,PHH,7,35,0,35,hi,FPS-KA-CHA-0016
RC-KA-006957,Meena Joshi,PHH,3,15,5,10,kn,FPS-KA-CHA-0017
RC-KA-006958,Priya Patil,PHH,5,25,10,15,kn,FPS-KA-CHA-0018
RC-KA-006959,Harish Shetty,PHH,7,35,15,20,kn,FPS-KA-CHA-0019
RC-KA-006960,Sneha Joshi,PHH,8,40,30,10,kn,FPS-KA-CHA-0020
RC-KA-006961,Aarav Shetty,PHH,5,25,10,15,kn,FPS-KA-CHB-0001
RC-KA-006962,Arjun Naik,PHH,3,15,10,5,kn,FPS-KA-CHB-0002
RC-KA-006963,Deepa Kumar,PHH,7,35,15,20,hi,FPS-KA-CHB-0003
RC-KA-006964,Ganesh Hegde,PHH,8,40,15,25,kn,FPS-KA-CHB-0004
RC-KA-006965,Sneha Kumar,PHH,1,5,0,5,en,FPS-KA-CHB-0005
RC-KA-006966,Arjun Kulkarni,PHH,2,10,10,0,kn,FPS-KA-CHB-0006
RC-KA-006967,Shankar Gowda,PHH,7,35,5,30,en,FPS-KA-CHB-0007
RC-KA-006968,Kiran Gowda,PHH,4,20,20,0,kn,FPS-KA-CHB-0008
RC-KA-006969,Shankar Rao,PHH,1,5,5,0,kn,FPS-KA-CHB-0009
RC-KA-006970,Sanjay Gowda,PHH,2,10,10,0,kn,FPS-KA-CHB-0010
RC-KA-006971,Priya Shetty,PHH,2,10,10,0,hi,FPS-KA-CHB-0011
RC-KA-006972,Ravi Poojary,PHH,6,30,30,0,en,FPS-KA-CHB-0012
RC-KA-006973,Lakshmi Joshi,PHH,3,15,10,5,hi,FPS-KA-CHB-0013
RC-KA-006974,Aditi Reddy,PHH,4,20,10,10,kn,FPS-KA-CHB-0014
RC-KA-006975,Chetan Rao,PHH,5,25,0,25,kn,FPS-KA-CHB-0015
RC-KA-006976,Suresh Kumar,PHH,2,10,10,0,kn,FPS-KA-CHB-0016
RC-KA-006977,Harish Nayak,PHH,2,10,5,5,kn,FPS-KA-CHB-0017
RC-KA-006978,Bhavana Hegde,PHH,2,10,10,0,hi,FPS-KA-CHB-0018
RC-KA-006979,Ravi Patil,PHH,2,10,5,5,en,FPS-KA-CHB-0019
RC-KA-006980,Naveen Hegde,PHH,5,25,10,15,kn,FPS-KA-CHB-0020
RC-KA-006981,Divya Rao,PHH,7,35,0,35,kn,FPS-KA-CHK-0001
RC-KA-006982,Ganesh Poojary,PHH,1,5,5,0,kn,FPS-KA-CHK-0002
RC-KA-006983,Aarav Reddy,PHH,8,40,40,0,kn,FPS-KA-CHK-0003
RC-KA-006984,Kavya Rao,PHH,2,10,5,5,hi,FPS-KA-CHK-0004
RC-KA-006985,Arjun Rao,PHH,7,35,20,15,kn,FPS-KA-CHK-0005
RC-KA-006986,Meena Sharma,PHH,3,15,15,0,kn,FPS-KA-CHK-0006
RC-KA-006987,Divya Patil,PHH,5,25,0,25,kn,FPS-KA-CHK-0007
RC-KA-006988,Vijay Desai,PHH,4,20,5,15,en,FPS-KA-CHK-0008
RC-KA-006989,Prakash Sharma,PHH,5,25,10,15,kn,FPS-KA-CHK-0009
RC-KA-006990,Deepa Reddy,PHH,8,40,0,40,kn,FPS-KA-CHK-0010
RC-KA-006991,Sanjay Sharma,PHH,2,10,10,0,kn,FPS-KA-CHK-0011
RC-KA-006992,Rahul Kulkarni,PHH,5,25,0,25,kn,FPS-KA-CHK-0012
RC-KA-006993,Kiran Patil,PHH,5,25,0,25,kn,FPS-KA-CHK-0013
RC-KA-006994,Shankar Desai,PHH,4,20,5,15,kn,FPS-KA-CHK-0014
RC-KA-006995,Rekha Poojary,PHH,6,30,5,25,en,FPS-KA-CHK-0015
RC-KA-006996,Kiran Reddy,PHH,1,5,5,0,kn,FPS-KA-CHK-0016
RC-KA-006997,Akash Patil,PHH,2,10,10,0,hi,FPS-KA-CHK-0017
RC-KA-006998,Shankar Gowda,PHH,7,35,25,10,kn,FPS-KA-CHK-0018
RC-KA-006999,Aditi Kulkarni,PHH,3,15,10,5,kn,FPS-KA-CHK-0019
RC-KA-007000,Manoj Naik,PHH,5,25,0,25,kn,FPS-KA-CHK-0020
RC-KA-007001,Swathi Joshi,PHH,7,35,35,0,kn,FPS-KA-CHI-0001
RC-KA-007002,Naveen Gowda,PHH,7,35,20,15,kn,FPS-KA-CHI-0002
RC-KA-007003,Deepa Kulkarni,PHH,8,40,0,40,en,FPS-KA-CHI-0003
RC-KA-007004,Vijay Nayak,PHH,2,10,0,10,en,FPS-KA-CHI-0004
RC-KA-007005,Akash Desai,PHH,8,40,35,5,kn,FPS-KA-CHI-0005
RC-KA-007006,Harish Sharma,PHH,8,40,15,25,kn,FPS-KA-CHI-0006
RC-KA-007007,Chetan Kumar,PHH,5,25,20,5,kn,FPS-KA-CHI-0007
RC-KA-007008,Ananya Nayak,PHH,1,5,5,0,kn,FPS-KA-CHI-0008
RC-KA-007009,Rekha Rao,PHH,2,10,5,5,kn,FPS-KA-CHI-0009
RC-KA-007010,Divya Sharma,PHH,7,35,0,35,en,FPS-KA-CHI-0010
RC-KA-007011,Divya Naik,PHH,1,5,0,5,en,FPS-KA-CHI-0011
RC-KA-007012,Shankar Hegde,PHH,5,25,0,25,en,FPS-KA-CHI-0012
RC-KA-007013,Manoj Naik,PHH,6,30,30,0,kn,FPS-KA-CHI-0013
RC-KA-007014,Ravi Joshi,PHH,4,20,5,15,kn,FPS-KA-CHI-0014
RC-KA-007015,Lakshmi Bhat,PHH,5,25,25,0,kn,FPS-KA-CHI-0015
RC-KA-007016,Deepa Sharma,PHH,6,30,10,20,en,FPS-KA-CHI-0016
RC-KA-007017,Aarav Kumar,PHH,2,10,5,5,hi,FPS-KA-CHI-0017
RC-KA-007018,Vijay Patil,PHH,4,20,5,15,kn,FPS-KA-CHI-0018
RC-KA-007019,Shankar Sharma,PHH,1,5,5,0,kn,FPS-KA-CHI-0019
RC-KA-007020,Kavya Reddy,PHH,3,15,15,0,kn,FPS-KA-CHI-0020
RC-KA-007021,Priya Desai,PHH,7,35,5,30,en,FPS-KA-DK-0001
RC-KA-007022,Manoj Reddy,PHH,8,40,15,25,kn,FPS-KA-DK-0002
RC-KA-007023,Arjun Naik,PHH,5,25,15,10,kn,FPS-KA-DK-0003
RC-KA-007024,Chetan Rao,PHH,8,40,10,30,en,FPS-KA-DK-0004
RC-KA-007025,Suresh Hegde,PHH,6,30,30,0,kn,FPS-KA-DK-0005
RC-KA-007026,Meena Poojary,PHH,4,20,20,0,kn,FPS-KA-DK-0006
RC-KA-007027,Divya Bhat,PHH,7,35,35,0,kn,FPS-KA-DK-0007
RC-KA-007028,Chetan Rao,PHH,2,10,0,10,kn,FPS-KA-DK-0008
RC-KA-007029,Kiran Desai,PHH,2,10,5,5,en,FPS-KA-DK-0009
RC-KA-007030,Kavya Joshi,PHH,1,5,5,0,kn,FPS-KA-DK-0010
RC-KA-007031,Sneha Hegde,PHH,2,10,5,5,en,FPS-KA-DK-0011
RC-KA-007032,Rekha Gowda,PHH,8,40,10,30,kn,FPS-KA-DK-0012
RC-KA-007033,Kiran Bhat,PHH,7,35,10,25,kn,FPS-KA-DK-0013
RC-KA-007034,Kiran Naik,PHH,4,20,10,10,hi,FPS-KA-DK-0014
RC-KA-007035,Pooja Bhat,PHH,7,35,15,20,hi,FPS-KA-DK-0015
RC-KA-007036,Ganesh Poojary,PHH,8,40,0,40,kn,FPS-KA-DK-0016
RC-KA-007037,Suresh Kumar,PHH,6,30,10,20,kn,FPS-KA-DK-0017
RC-KA-007038,Divya Poojary,PHH,4,20,20,0,hi,FPS-KA-DK-0018
RC-KA-007039,Ananya Bhat,PHH,3,15,15,0,kn,FPS-KA-DK-0019
RC-KA-007040,Prakash Shetty,PHH,7,35,30,5,en,FPS-KA-DK-0020
RC-KA-007041,Sneha Kumar,PHH,6,30,10,20,kn,FPS-KA-DAV-0001
RC-KA-007042,Vijay Shetty,PHH,1,5,5,0,kn,FPS-KA-DAV-0002
RC-KA-007043,Ravi Gowda,PHH,7,35,0,35,kn,FPS-KA-DAV-0003
RC-KA-007044,Aditi Gowda,PHH,2,10,10,0,hi,FPS-KA-DAV-0004
RC-KA-007045,Akash Kumar,PHH,6,30,15,15,kn,FPS-KA-DAV-0005
RC-KA-007046,Shankar Naik,PHH,8,40,15,25,kn,FPS-KA-DAV-0006
RC-KA-007047,Suresh Reddy,PHH,2,10,0,10,en,FPS-KA-DAV-0007
RC-KA-007048,Pooja Joshi,PHH,1,5,0,5,kn,FPS-KA-DAV-0008
RC-KA-007049,Ganesh Poojary,PHH,3,15,5,10,kn,FPS-KA-DAV-0009
RC-KA-007050,Ravi Nayak,PHH,7,35,0,35,hi,FPS-KA-DAV-0010
RC-KA-007051,Ravi Nayak,PHH,7,35,35,0,kn,FPS-KA-DAV-0011
RC-KA-007052,Ravi Naik,PHH,4,20,0,20,kn,FPS-KA-DAV-0012
RC-KA-007053,Manoj Poojary,PHH,2,10,5,5,kn,FPS-KA-DAV-0013
RC-KA-007054,Kavya Hegde,PHH,4,20,15,5,en,FPS-KA-DAV-0014
RC-KA-007055,Arjun Gowda,PHH,7,35,5,30,kn,FPS-KA-DAV-0015
RC-KA-007056,Chetan Rao,PHH,3,15,5,10,kn,FPS-KA-DAV-0016
RC-KA-007057,Kiran Kumar,PHH,2,10,10,0,hi,FPS-KA-DAV-0017
RC-KA-007058,Akash Poojary,PHH,5,25,0,25,kn,FPS-KA-DAV-0018
RC-KA-007059,Lakshmi Naik,PHH,4,20,0,20,kn,FPS-KA-DAV-0019
RC-KA-007060,Priya Reddy,PHH,2,10,10,0,kn,FPS-KA-DAV-0020
RC-KA-007061,Rahul Sharma,PHH,7,35,15,20,kn,FPS-KA-DHA-0001
RC-KA-007062,Lakshmi Naik,PHH,2,10,5,5,hi,FPS-KA-DHA-0002
RC-KA-007063,Shankar Sharma,PHH,1,5,0,5,kn,FPS-KA-DHA-0003
RC-KA-007064,Deepa Poojary,PHH,2,10,10,0,kn,FPS-KA-DHA-0004
RC-KA-007065,Swathi Joshi,PHH,3,15,10,5,kn,FPS-KA-DHA-0005
RC-KA-007066,Vijay Gowda,PHH,3,15,15,0,hi,FPS-KA-DHA-0006
RC-KA-007067,Deepa Desai,PHH,3,15,15,0,en,FPS-KA-DHA-0007
RC-KA-007068,Prakash Hegde,PHH,5,25,20,5,hi,FPS-KA-DHA-0008
RC-KA-007069,Vijay Sharma,PHH,3,15,5,10,kn,FPS-KA-DHA-0009
RC-KA-007070,Ravi Joshi,PHH,7,35,20,15,kn,FPS-KA-DHA-0010
RC-KA-007071,Sanjay Poojary,PHH,5,25,5,20,hi,FPS-KA-DHA-0011
RC-KA-007072,Suresh Nayak,PHH,7,35,30,5,kn,FPS-KA-DHA-0012
RC-KA-007073,Deepa Reddy,PHH,2,10,0,10,kn,FPS-KA-DHA-0013
RC-KA-007074,Priya Bhat,PHH,1,5,5,0,kn,FPS-KA-DHA-0014
RC-KA-007075,Meena Gowda,PHH,1,5,5,0,kn,FPS-KA-DHA-0015
RC-KA-007076,Priya Poojary,PHH,6,30,10,20,hi,FPS-KA-DHA-0016
RC-KA-007077,Bhavana Rao,PHH,1,5,5,0,kn,FPS-KA-DHA-0017
RC-KA-007078,Priya Patil,PHH,8,40,40,0,kn,FPS-KA-DHA-0018
RC-KA-007079,Rekha Shetty,PHH,3,15,10,5,kn,FPS-KA-DHA-0019
RC-KA-007080,Deepa Desai,PHH,1,5,5,0,en,FPS-KA-DHA-0020
RC-KA-007081,Swathi Bhat,PHH,3,15,0,15,kn,FPS-KA-GAD-0001
RC-KA-007082,Chetan Shetty,PHH,7,35,30,5,hi,FPS-KA-GAD-0002
RC-KA-007083,Akash Joshi,PHH,4,20,10,10,kn,FPS-KA-GAD-0003
RC-KA-007084,Kavya Poojary,PHH,1,5,0,5,kn,FPS-KA-GAD-0004
RC-KA-007085,Sanjay Desai,PHH,8,40,35,5,hi,FPS-KA-GAD-0005
RC-KA-007086,Meena Kumar,PHH,4,20,20,0,hi,FPS-KA-GAD-0006
RC-KA-007087,Prakash Poojary,PHH,6,30,30,0,kn,FPS-KA-GAD-0007
RC-KA-007088,Divya Poojary,PHH,3,15,10,5,hi,FPS-KA-GAD-0008
RC-KA-007089,Ravi Reddy,PHH,2,10,0,10,kn,FPS-KA-GAD-0009
RC-KA-007090,Rekha Joshi,PHH,7,35,35,0,kn,FPS-KA-GAD-0010
RC-KA-007091,Kiran Poojary,PHH,7,35,10,25,en,FPS-KA-GAD-0011
RC-KA-007092,Bhavana Hegde,PHH,8,40,30,10,kn,FPS-KA-GAD-0012
RC-KA-007093,Chetan Reddy,PHH,5,25,25,0,en,FPS-KA-GAD-0013
RC-KA-007094,Kavya Kulkarni,PHH,1,5,0,5,kn,FPS-KA-GAD-0014
RC-KA-007095,Naveen Bhat,PHH,4,20,0,20,hi,FPS-KA-GAD-0015
RC-KA-007096,Rahul Joshi,PHH,3,15,5,10,kn,FPS-KA-GAD-0016
RC-KA-007097,Vijay Kumar,PHH,3,15,15,0,kn,FPS-KA-GAD-0017
RC-KA-007098,Meena Poojary,PHH,3,15,0,15,kn,FPS-KA-GAD-0018
RC-KA-007099,Manoj Reddy,PHH,4,20,0,20,kn,FPS-KA-GAD-0019
RC-KA-007100,Ganesh Joshi,PHH,7,35,25,10,hi,FPS-KA-GAD-0020
RC-KA-007101,Meena Shetty,PHH,6,30,5,25,kn,FPS-KA-HAS-0001
RC-KA-007102,Suresh Patil,PHH,1,5,0,5,kn,FPS-KA-HAS-0002
RC-KA-007103,Divya Kumar,PHH,5,25,5,20,kn,FPS-KA-HAS-0003
RC-KA-007104,Bhavana Desai,PHH,2,10,5,5,kn,FPS-KA-HAS-0004
RC-KA-007105,Harish Gowda,PHH,7,35,15,20,kn,FPS-KA-HAS-0005
RC-KA-007106,Akash Poojary,PHH,3,15,10,5,kn,FPS-KA-HAS-0006
RC-KA-007107,Swathi Gowda,PHH,1,5,0,5,en,FPS-KA-HAS-0007
RC-KA-007108,Rekha Joshi,PHH,1,5,0,5,kn,FPS-KA-HAS-0008
RC-KA-007109,Lakshmi Nayak,PHH,5,25,25,0,kn,FPS-KA-HAS-0009
RC-KA-007110,Aarav Reddy,PHH,3,15,5,10,kn,FPS-KA-HAS-0010
RC-KA-007111,Arjun Shetty,PHH,7,35,0,35,en,FPS-KA-HAS-0011
RC-KA-007112,Sanjay Poojary,PHH,4,20,10,10,kn,FPS-KA-HAS-0012
RC-KA-007113,Chetan Poojary,PHH,4,20,0,20,hi,FPS-KA-HAS-0013
RC-KA-007114,Sneha Poojary,PHH,5,25,25,0,kn,FPS-KA-HAS-0014
RC-KA-007115,Harish Rao,PHH,5,25,5,20,en,FPS-KA-HAS-0015
RC-KA-007116,Lakshmi Rao,PHH,4,20,20,0,kn,FPS-KA-HAS-0016
RC-KA-007117,Ananya Kumar,PHH,3,15,0,15,en,FPS-KA-HAS-0017
RC-KA-007118,Lakshmi Kumar,PHH,7,35,30,5,kn,FPS-KA-HAS-0018
RC-KA-007119,Meena Bhat,PHH,7,35,30,5,hi,FPS-KA-HAS-0019
RC-KA-007120,Suresh Patil,PHH,5,25,0,25,kn,FPS-KA-HAS-0020
RC-KA-007121,Divya Gowda,PHH,5,25,10,15,kn,FPS-KA-HAV-0001
RC-KA-007122,Kiran Naik,PHH,1,5,5,0,kn,FPS-KA-HAV-0002
RC-KA-007123,Pooja Naik,PHH,8,40,0,40,kn,FPS-KA-HAV-0003
RC-KA-007124,Aarav Gowda,PHH,5,25,25,0,kn,FPS-KA-HAV-0004
RC-KA-007125,Meena Kulkarni,PHH,6,30,25,5,kn,FPS-KA-HAV-0005
RC-KA-007126,Lakshmi Kumar,PHH,5,25,5,20,kn,FPS-KA-HAV-0006
RC-KA-007127,Ganesh Gowda,PHH,3,15,0,15,kn,FPS-KA-HAV-0007
RC-KA-007128,Sneha Patil,PHH,2,10,5,5,kn,FPS-KA-HAV-0008
RC-KA-007129,Sanjay Rao,PHH,7,35,30,5,kn,FPS-KA-HAV-0009
RC-KA-007130,Bhavana Bhat,PHH,4,20,0,20,kn,FPS-KA-HAV-0010
RC-KA-007131,Deepa Bhat,PHH,6,30,10,20,kn,FPS-KA-HAV-0011
RC-KA-007132,Pooja Nayak,PHH,3,15,5,10,kn,FPS-KA-HAV-0012
RC-KA-007133,Pooja Reddy,PHH,1,5,5,0,kn,FPS-KA-HAV-0013
RC-KA-007134,Deepa Hegde,PHH,8,40,35,5,kn,FPS-KA-HAV-0014
RC-KA-007135,Rekha Kumar,PHH,5,25,25,0,kn,FPS-KA-HAV-0015
RC-KA-007136,Bhavana Hegde,PHH,5,25,15,10,en,FPS-KA-HAV-0016
RC-KA-007137,Shalini Gowda,PHH,4,20,20,0,kn,FPS-KA-HAV-0017
RC-KA-007138,Shalini Shetty,PHH,2,10,0,10,en,FPS-KA-HAV-0018
RC-KA-007139,Lakshmi Kumar,PHH,6,30,10,20,kn,FPS-KA-HAV-0019
RC-KA-007140,Pooja Joshi,PHH,3,15,15,0,kn,FPS-KA-HAV-0020
RC-KA-007141,Akash Desai,PHH,3,15,15,0,kn,FPS-KA-KAL-0001
RC-KA-007142,Deepa Patil,PHH,5,25,20,5,kn,FPS-KA-KAL-0002
RC-KA-007143,Pooja Nayak,PHH,5,25,10,15,hi,FPS-KA-KAL-0003
RC-KA-007144,Pooja Kulkarni,PHH,1,5,5,0,kn,FPS-KA-KAL-0004
RC-KA-007145,Arjun Shetty,PHH,2,10,5,5,hi,FPS-KA-KAL-0005
RC-KA-007146,Harish Bhat,PHH,4,20,10,10,en,FPS-KA-KAL-0006
RC-KA-007147,Priya Nayak,PHH,5,25,25,0,hi,FPS-KA-KAL-0007
RC-KA-007148,Shankar Hegde,PHH,3,15,0,15,kn,FPS-KA-KAL-0008
RC-KA-007149,Meena Sharma,PHH,7,35,35,0,kn,FPS-KA-KAL-0009
RC-KA-007150,Shankar Desai,PHH,2,10,0,10,kn,FPS-KA-KAL-0010
RC-KA-007151,Shalini Hegde,PHH,4,20,0,20,hi,FPS-KA-KAL-0011
RC-KA-007152,Manoj Kumar,PHH,8,40,30,10,en,FPS-KA-KAL-0012
RC-KA-007153,Ravi Gowda,PHH,5,25,10,15,hi,FPS-KA-KAL-0013
RC-KA-007154,Prakash Nayak,PHH,2,10,5,5,kn,FPS-KA-KAL-0014
RC-KA-007155,Vijay Patil,PHH,6,30,20,10,kn,FPS-KA-KAL-0015
RC-KA-007156,Bhavana Shetty,PHH,2,10,5,5,kn,FPS-KA-KAL-0016
RC-KA-007157,Rekha Joshi,PHH,2,10,0,10,kn,FPS-KA-KAL-0017
RC-KA-007158,Naveen Reddy,PHH,7,35,0,35,kn,FPS-KA-KAL-0018
RC-KA-007159,Sanjay Gowda,PHH,5,25,15,10,kn,FPS-KA-KAL-0019
RC-KA-007160,Vijay Desai,PHH,3,15,5,10,kn,FPS-KA-KAL-0020
RC-KA-007161,Sanjay Gowda,PHH,5,25,15,10,en,FPS-KA-KOD-0001
RC-KA-007162,Rahul Desai,PHH,4,20,20,0,kn,FPS-KA-KOD-0002
RC-KA-007163,Vijay Nayak,PHH,3,15,15,0,kn,FPS-KA-KOD-0003
RC-KA-007164,Aditi Nayak,PHH,6,30,25,5,kn,FPS-KA-KOD-0004
RC-KA-007165,Meena Bhat,PHH,4,20,5,15,kn,FPS-KA-KOD-0005
RC-KA-007166,Kavya Bhat,PHH,6,30,30,0,kn,FPS-KA-KOD-0006
RC-KA-007167,Shalini Naik,PHH,7,35,5,30,kn,FPS-KA-KOD-0007
RC-KA-007168,Rekha Reddy,PHH,4,20,20,0,kn,FPS-KA-KOD-0008
RC-KA-007169,Meena Reddy,PHH,1,5,0,5,kn,FPS-KA-KOD-0009
RC-KA-007170,Priya Kumar,PHH,8,40,20,20,kn,FPS-KA-KOD-0010
RC-KA-007171,Ravi Nayak,PHH,5,25,10,15,kn,FPS-KA-KOD-0011
RC-KA-007172,Suresh Patil,PHH,5,25,10,15,kn,FPS-KA-KOD-0012
RC-KA-007173,Sneha Shetty,PHH,8,40,30,10,kn,FPS-KA-KOD-0013
RC-KA-007174,Shalini Nayak,PHH,7,35,10,25,kn,FPS-KA-KOD-0014
RC-KA-007175,Ganesh Rao,PHH,6,30,10,20,kn,FPS-KA-KOD-0015
RC-KA-007176,Ananya Bhat,PHH,8,40,25,15,en,FPS-KA-KOD-0016
RC-KA-007177,Sanjay Naik,PHH,7,35,0,35,en,FPS-KA-KOD-0017
RC-KA-007178,Vijay Joshi,PHH,4,20,10,10,kn,FPS-KA-KOD-0018
RC-KA-007179,Rahul Poojary,PHH,4,20,20,0,kn,FPS-KA-KOD-0019
RC-KA-007180,Rekha Rao,PHH,1,5,5,0,hi,FPS-KA-KOD-0020
RC-KA-007181,Harish Desai,PHH,7,35,25,10,kn,FPS-KA-KOL-0001
RC-KA-007182,Ravi Rao,PHH,4,20,15,5,kn,FPS-KA-KOL-0002
RC-KA-007183,Ganesh Kumar,PHH,2,10,5,5,kn,FPS-KA-KOL-0003
RC-KA-007184,Meena Kumar,PHH,4,20,10,10,kn,FPS-KA-KOL-0004
RC-KA-007185,Rahul Poojary,PHH,4,20,0,20,en,FPS-KA-KOL-0005
RC-KA-007186,Manoj Kulkarni,PHH,2,10,10,0,hi,FPS-KA-KOL-0006
RC-KA-007187,Chetan Hegde,PHH,2,10,10,0,kn,FPS-KA-KOL-0007
RC-KA-007188,Pooja Reddy,PHH,1,5,0,5,kn,FPS-KA-KOL-0008
RC-KA-007189,Chetan Bhat,PHH,7,35,10,25,kn,FPS-KA-KOL-0009
RC-KA-007190,Swathi Reddy,PHH,6,30,10,20,kn,FPS-KA-KOL-0010
RC-KA-007191,Pooja Hegde,PHH,7,35,25,10,kn,FPS-KA-KOL-0011
RC-KA-007192,Shalini Shetty,PHH,1,5,0,5,kn,FPS-KA-KOL-0012
RC-KA-007193,Manoj Reddy,PHH,7,35,25,10,kn,FPS-KA-KOL-0013
RC-KA-007194,Harish Rao,PHH,6,30,25,5,kn,FPS-KA-KOL-0014
RC-KA-007195,Arjun Naik,PHH,2,10,5,5,kn,FPS-KA-KOL-0015
RC-KA-007196,Arjun Reddy,PHH,1,5,0,5,kn,FPS-KA-KOL-0016
RC-KA-007197,Ganesh Kulkarni,PHH,5,25,15,10,kn,FPS-KA-KOL-0017
RC-KA-007198,Rekha Hegde,PHH,6,30,0,30,kn,FPS-KA-KOL-0018
RC-KA-007199,Manoj Patil,PHH,6,30,10,20,kn,FPS-KA-KOL-0019
RC-KA-007200,Ananya Desai,PHH,3,15,0,15,kn,FPS-KA-KOL-0020
RC-KA-007201,Ganesh Naik,PHH,5,25,0,25,kn,FPS-KA-KOP-0001
RC-KA-007202,Meena Rao,PHH,6,30,20,10,kn,FPS-KA-KOP-0002
RC-KA-007203,Ananya Joshi,PHH,7,35,5,30,hi,FPS-KA-KOP-0003
RC-KA-007204,Rahul Shetty,PHH,4,20,20,0,kn,FPS-KA-KOP-0004
RC-KA-007205,Harish Patil,PHH,8,40,0,40,hi,FPS-KA-KOP-0005
RC-KA-007206,Arjun Shetty,PHH,8,40,30,10,kn,FPS-KA-KOP-0006
RC-KA-007207,Rahul Patil,PHH,3,15,5,10,kn,FPS-KA-KOP-0007
RC-KA-007208,Lakshmi Joshi,PHH,6,30,15,15,kn,FPS-KA-KOP-0008
RC-KA-007209,Vijay Naik,PHH,6,30,5,25,kn,FPS-KA-KOP-0009
RC-KA-007210,Harish Sharma,PHH,6,30,10,20,kn,FPS-KA-KOP-0010
RC-KA-007211,Lakshmi Reddy,PHH,6,30,0,30,kn,FPS-KA-KOP-0011
RC-KA-007212,Meena Desai,PHH,6,30,15,15,kn,FPS-KA-KOP-0012
RC-KA-007213,Arjun Desai,PHH,5,25,5,20,kn,FPS-KA-KOP-0013
RC-KA-007214,Priya Patil,PHH,7,35,15,20,kn,FPS-KA-KOP-0014
RC-KA-007215,Aditi Patil,PHH,5,25,25,0,hi,FPS-KA-KOP-0015
RC-KA-007216,Kiran Bhat,PHH,3,15,5,10,kn,FPS-KA-KOP-0016
RC-KA-007217,Prakash Patil,PHH,3,15,15,0,en,FPS-KA-KOP-0017
RC-KA-007218,Prakash Desai,PHH,3,15,5,10,kn,FPS-KA-KOP-0018
RC-KA-007219,Kiran Gowda,PHH,6,30,10,20,kn,FPS-KA-KOP-0019
RC-KA-007220,Vijay Desai,PHH,8,40,0,40,kn,FPS-KA-KOP-0020
RC-KA-007221,Ravi Gowda,PHH,1,5,0,5,en,FPS-KA-MAN-0001
RC-KA-007222,Prakash Kumar,PHH,3,15,0,15,kn,FPS-KA-MAN-0002
RC-KA-007223,Aditi Desai,PHH,4,20,10,10,kn,FPS-KA-MAN-0003
RC-KA-007224,Vijay Gowda,PHH,7,35,35,0,en,FPS-KA-MAN-0004
RC-KA-007225,Pooja Poojary,PHH,7,35,10,25,hi,FPS-KA-MAN-0005
RC-KA-007226,Sneha Reddy,PHH,4,20,5,15,hi,FPS-KA-MAN-0006
RC-KA-007227,Prakash Nayak,PHH,2,10,10,0,kn,FPS-KA-MAN-0007
RC-KA-007228,Suresh Hegde,PHH,7,35,10,25,kn,FPS-KA-MAN-0008
RC-KA-007229,Bhavana Shetty,PHH,4,20,0,20,kn,FPS-KA-MAN-0009
RC-KA-007230,Swathi Joshi,PHH,7,35,0,35,en,FPS-KA-MAN-0010
RC-KA-007231,Rahul Desai,PHH,3,15,5,10,kn,FPS-KA-MAN-0011
RC-KA-007232,Shalini Patil,PHH,8,40,20,20,kn,FPS-KA-MAN-0012
RC-KA-007233,Harish Desai,PHH,6,30,10,20,kn,FPS-KA-MAN-0013
RC-KA-007234,Vijay Shetty,PHH,8,40,10,30,en,FPS-KA-MAN-0014
RC-KA-007235,Bhavana Bhat,PHH,1,5,5,0,kn,FPS-KA-MAN-0015
RC-KA-007236,Bhavana Kulkarni,PHH,1,5,0,5,en,FPS-KA-MAN-0016
RC-KA-007237,Rekha Kulkarni,PHH,1,5,5,0,kn,FPS-KA-MAN-0017
RC-KA-007238,Arjun Bhat,PHH,6,30,20,10,kn,FPS-KA-MAN-0018
RC-KA-007239,Suresh Sharma,PHH,5,25,15,10,kn,FPS-KA-MAN-0019
RC-KA-007240,Swathi Kumar,PHH,7,35,0,35,kn,FPS-KA-MAN-0020
RC-KA-007241,Rahul Naik,PHH,5,25,15,10,kn,FPS-KA-MYS-0001
RC-KA-007242,Chetan Desai,PHH,6,30,5,25,kn,FPS-KA-MYS-0002
RC-KA-007243,Pooja Nayak,PHH,8,40,20,20,kn,FPS-KA-MYS-0003
RC-KA-007244,Shankar Bhat,PHH,5,25,0,25,kn,FPS-KA-MYS-0004
RC-KA-007245,Manoj Desai,PHH,5,25,15,10,kn,FPS-KA-MYS-0005
RC-KA-007246,Swathi Sharma,PHH,1,5,5,0,kn,FPS-KA-MYS-0006
RC-KA-007247,Arjun Kulkarni,PHH,8,40,10,30,kn,FPS-KA-MYS-0007
RC-KA-007248,Arjun Nayak,PHH,1,5,0,5,kn,FPS-KA-MYS-0008
RC-KA-007249,Shalini Kulkarni,PHH,7,35,5,30,hi,FPS-KA-MYS-0009
RC-KA-007250,Aarav Hegde,PHH,5,25,0,25,kn,FPS-KA-MYS-0010
RC-KA-007251,Naveen Kulkarni,PHH,4,20,15,5,kn,FPS-KA-MYS-0011
RC-KA-007252,Rekha Kulkarni,PHH,1,5,5,0,kn,FPS-KA-MYS-0012
RC-KA-007253,Sneha Poojary,PHH,1,5,0,5,kn,FPS-KA-MYS-0013
RC-KA-007254,Meena Kumar,PHH,7,35,30,5,kn,FPS-KA-MYS-0014
RC-KA-007255,Manoj Sharma,PHH,6,30,25,5,kn,FPS-KA-MYS-0015
RC-KA-007256,Shalini Rao,PHH,4,20,0,20,en,FPS-KA-MYS-0016
RC-KA-007257,Kavya Reddy,PHH,5,25,5,20,kn,FPS-KA-MYS-0017
RC-KA-007258,Akash Kumar,PHH,6,30,25,5,kn,FPS-KA-MYS-0018
RC-KA-007259,Priya Gowda,PHH,7,35,0,35,kn,FPS-KA-MYS-0019
RC-KA-007260,Manoj Patil,PHH,5,25,20,5,kn,FPS-KA-MYS-0020
RC-KA-007261,Naveen Rao,PHH,2,10,5,5,kn,FPS-KA-RAI-0001
RC-KA-007262,Ananya Hegde,PHH,7,35,35,0,en,FPS-KA-RAI-0002
RC-KA-007263,Rahul Gowda,PHH,3,15,0,15,kn,FPS-KA-RAI-0003
RC-KA-007264,Aditi Naik,PHH,1,5,5,0,hi,FPS-KA-RAI-0004
RC-KA-007265,Pooja Sharma,PHH,4,20,5,15,kn,FPS-KA-RAI-0005
RC-KA-007266,Kiran Desai,PHH,6,30,25,5,kn,FPS-KA-RAI-0006
RC-KA-007267,Ravi Patil,PHH,3,15,10,5,kn,FPS-KA-RAI-0007
RC-KA-007268,Vijay Kumar,PHH,6,30,0,30,kn,FPS-KA-RAI-0008
RC-KA-007269,Aditi Kumar,PHH,1,5,0,5,kn,FPS-KA-RAI-0009
RC-KA-007270,Kavya Patil,PHH,2,10,5,5,kn,FPS-KA-RAI-0010
RC-KA-007271,Arjun Hegde,PHH,3,15,0,15,kn,FPS-KA-RAI-0011
RC-KA-007272,Ravi Rao,PHH,5,25,20,5,kn,FPS-KA-RAI-0012
RC-KA-007273,Akash Patil,PHH,4,20,20,0,kn,FPS-KA-RAI-0013
RC-KA-007274,Priya Rao,PHH,3,15,15,0,kn,FPS-KA-RAI-0014
RC-KA-007275,Ravi Bhat,PHH,8,40,20,20,kn,FPS-KA-RAI-0015
RC-KA-007276,Priya Kulkarni,PHH,6,30,25,5,kn,FPS-KA-RAI-0016
RC-KA-007277,Manoj Bhat,PHH,6,30,20,10,en,FPS-KA-RAI-0017
RC-KA-007278,Bhavana Hegde,PHH,5,25,10,15,hi,FPS-KA-RAI-0018
RC-KA-007279,Ravi Sharma,PHH,3,15,15,0,kn,FPS-KA-RAI-0019
RC-KA-007280,Aditi Naik,PHH,5,25,25,0,kn,FPS-KA-RAI-0020
RC-KA-007281,Kavya Rao,PHH,2,10,5,5,kn,FPS-KA-RAM-0001
RC-KA-007282,Shankar Rao,PHH,4,20,15,5,kn,FPS-KA-RAM-0002
RC-KA-007283,Chetan Reddy,PHH,6,30,0,30,en,FPS-KA-RAM-0003
RC-KA-007284,Shankar Kulkarni,PHH,8,40,15,25,en,FPS-KA-RAM-0004
RC-KA-007285,Ananya Bhat,PHH,7,35,35,0,kn,FPS-KA-RAM-0005
RC-KA-007286,Harish Hegde,PHH,7,35,0,35,hi,FPS-KA-RAM-0006
RC-KA-007287,Manoj Naik,PHH,8,40,5,35,hi,FPS-KA-RAM-0007
RC-KA-007288,Priya Bhat,PHH,1,5,5,0,kn,FPS-KA-RAM-0008
RC-KA-007289,Prakash Sharma,PHH,7,35,5,30,kn,FPS-KA-RAM-0009
RC-KA-007290,Sneha Rao,PHH,1,5,0,5,kn,FPS-KA-RAM-0010
RC-KA-007291,Ganesh Bhat,PHH,6,30,20,10,kn,FPS-KA-RAM-0011
RC-KA-007292,Divya Hegde,PHH,1,5,5,0,kn,FPS-KA-RAM-0012
RC-KA-007293,Divya Hegde,PHH,1,5,5,0,kn,FPS-KA-RAM-0013
RC-KA-007294,Manoj Bhat,PHH,4,20,10,10,kn,FPS-KA-RAM-0014
RC-KA-007295,Akash Bhat,PHH,2,10,0,10,en,FPS-KA-RAM-0015
RC-KA-007296,Suresh Gowda,PHH,1,5,5,0,hi,FPS-KA-RAM-0016
RC-KA-007297,Swathi Joshi,PHH,5,25,15,10,kn,FPS-KA-RAM-0017
RC-KA-007298,Bhavana Gowda,PHH,6,30,20,10,kn,FPS-KA-RAM-0018
RC-KA-007299,Lakshmi Gowda,PHH,4,20,10,10,hi,FPS-KA-RAM-0019
RC-KA-007300,Manoj Bhat,PHH,4,20,0,20,hi,FPS-KA-RAM-0020
RC-KA-007301,Suresh Joshi,PHH,4,20,10,10,kn,FPS-KA-SHI-0001
RC-KA-007302,Arjun Poojary,PHH,1,5,0,5,en,FPS-KA-SHI-0002
RC-KA-007303,Priya Desai,PHH,7,35,20,15,kn,FPS-KA-SHI-0003
RC-KA-007304,Harish Naik,PHH,3,15,0,15,kn,FPS-KA-SHI-0004
RC-KA-007305,Pooja Kumar,PHH,3,15,15,0,en,FPS-KA-SHI-0005
RC-KA-007306,Akash Kumar,PHH,2,10,10,0,kn,FPS-KA-SHI-0006
RC-KA-007307,Divya Sharma,PHH,5,25,15,10,en,FPS-KA-SHI-0007
RC-KA-007308,Aarav Naik,PHH,5,25,15,10,kn,FPS-KA-SHI-0008
RC-KA-007309,Ananya Desai,PHH,3,15,5,10,en,FPS-KA-SHI-0009
RC-KA-007310,Shankar Nayak,PHH,5,25,25,0,kn,FPS-KA-SHI-0010
RC-KA-007311,Akash Desai,PHH,3,15,0,15,kn,FPS-KA-SHI-0011
RC-KA-007312,Aditi Rao,PHH,3,15,15,0,kn,FPS-KA-SHI-0012
RC-KA-007313,Priya Kumar,PHH,5,25,10,15,hi,FPS-KA-SHI-0013
RC-KA-007314,Sneha Kulkarni,PHH,3,15,15,0,kn,FPS-KA-SHI-0014
RC-KA-007315,Meena Hegde,PHH,8,40,40,0,kn,FPS-KA-SHI-0015
RC-KA-007316,Divya Nayak,PHH,5,25,10,15,kn,FPS-KA-SHI-0016
RC-KA-007317,Deepa Naik,PHH,8,40,20,20,en,FPS-KA-SHI-0017
RC-KA-007318,Vijay Shetty,PHH,1,5,0,5,en,FPS-KA-SHI-0018
RC-KA-007319,Vijay Patil,PHH,4,20,15,5,en,FPS-KA-SHI-0019
RC-KA-007320,Rekha Desai,PHH,6,30,20,10,kn,FPS-KA-SHI-0020
RC-KA-007321,Rekha Sharma,PHH,6,30,25,5,en,FPS-KA-TUM-0001
RC-KA-007322,Deepa Joshi,PHH,4,20,10,10,kn,FPS-KA-TUM-0002
RC-KA-007323,Divya Kumar,PHH,1,5,0,5,kn,FPS-KA-TUM-0003
RC-KA-007324,Deepa Kulkarni,PHH,5,25,10,15,kn,FPS-KA-TUM-0004
RC-KA-007325,Swathi Gowda,PHH,6,30,15,15,kn,FPS-KA-TUM-0005
RC-KA-007326,Kiran Shetty,PHH,6,30,15,15,kn,FPS-KA-TUM-0006
RC-KA-007327,Aditi Rao,PHH,3,15,5,10,en,FPS-KA-TUM-0007
RC-KA-007328,Harish Sharma,PHH,8,40,0,40,kn,FPS-KA-TUM-0008
RC-KA-007329,Harish Reddy,PHH,5,25,20,5,kn,FPS-KA-TUM-0009
RC-KA-007330,Rekha Shetty,PHH,2,10,5,5,kn,FPS-KA-TUM-0010
RC-KA-007331,Aditi Reddy,PHH,8,40,20,20,kn,FPS-KA-TUM-0011
RC-KA-007332,Vijay Poojary,PHH,8,40,10,30,hi,FPS-KA-TUM-0012
RC-KA-007333,Rahul Poojary,PHH,8,40,5,35,kn,FPS-KA-TUM-0013
RC-KA-007334,Suresh Kumar,PHH,3,15,10,5,kn,FPS-KA-TUM-0014
RC-KA-007335,Akash Rao,PHH,6,30,15,15,kn,FPS-KA-TUM-0015
RC-KA-007336,Chetan Joshi,PHH,2,10,0,10,kn,FPS-KA-TUM-0016
RC-KA-007337,Bhavana Joshi,PHH,1,5,5,0,kn,FPS-KA-TUM-0017
RC-KA-007338,Aditi Nayak,PHH,8,40,40,0,hi,FPS-KA-TUM-0018
RC-KA-007339,Rekha Nayak,PHH,7,35,30,5,kn,FPS-KA-TUM-0019
RC-KA-007340,Naveen Hegde,PHH,5,25,10,15,kn,FPS-KA-TUM-0020
RC-KA-007341,Lakshmi Hegde,PHH,7,35,30,5,kn,FPS-KA-UDP-0001
RC-KA-007342,Aarav Shetty,PHH,5,25,0,25,kn,FPS-KA-UDP-0002
RC-KA-007343,Bhavana Nayak,PHH,3,15,10,5,kn,FPS-KA-UDP-0003
RC-KA-007344,Vijay Nayak,PHH,7,35,30,5,kn,FPS-KA-UDP-0004
RC-KA-007345,Divya Kulkarni,PHH,6,30,30,0,en,FPS-KA-UDP-0005
RC-KA-007346,Swathi Shetty,PHH,5,25,5,20,kn,FPS-KA-UDP-0006
RC-KA-007347,Harish Shetty,PHH,5,25,15,10,en,FPS-KA-UDP-0007
RC-KA-007348,Deepa Kumar,PHH,1,5,0,5,kn,FPS-KA-UDP-0008
RC-KA-007349,Sanjay Rao,PHH,3,15,15,0,kn,FPS-KA-UDP-0009
RC-KA-007350,Vijay Patil,PHH,3,15,5,10,hi,FPS-KA-UDP-0010
RC-KA-007351,Naveen Kulkarni,PHH,4,20,15,5,en,FPS-KA-UDP-0011
RC-KA-007352,Vijay Kumar,PHH,5,25,5,20,hi,FPS-KA-UDP-0012
RC-KA-007353,Lakshmi Joshi,PHH,8,40,40,0,kn,FPS-KA-UDP-0013
RC-KA-007354,Naveen Desai,PHH,6,30,5,25,kn,FPS-KA-UDP-0014
RC-KA-007355,Arjun Patil,PHH,7,35,0,35,hi,FPS-KA-UDP-0015
RC-KA-007356,Sneha Naik,PHH,8,40,35,5,kn,FPS-KA-UDP-0016
RC-KA-007357,Aarav Kulkarni,PHH,8,40,5,35,en,FPS-KA-UDP-0017
RC-KA-007358,Divya Poojary,PHH,3,15,5,10,hi,FPS-KA-UDP-0018
RC-KA-007359,Shalini Poojary,PHH,6,30,30,0,en,FPS-KA-UDP-0019
RC-KA-007360,Swathi Kulkarni,PHH,6,30,15,15,kn,FPS-KA-UDP-0020
RC-KA-007361,Arjun Kumar,PHH,3,15,5,10,en,FPS-KA-UK-0001
RC-KA-007362,Shalini Patil,PHH,8,40,35,5,kn,FPS-KA-UK-0002
RC-KA-007363,Harish Joshi,PHH,1,5,5,0,kn,FPS-KA-UK-0003
RC-KA-007364,Chetan Patil,PHH,6,30,25,5,kn,FPS-KA-UK-0004
RC-KA-007365,Rahul Poojary,PHH,3,15,15,0,kn,FPS-KA-UK-0005
RC-KA-007366,Sneha Nayak,PHH,3,15,5,10,kn,FPS-KA-UK-0006
RC-KA-007367,Bhavana Rao,PHH,8,40,0,40,kn,FPS-KA-UK-0007
RC-KA-007368,Arjun Hegde,PHH,5,25,0,25,hi,FPS-KA-UK-0008
RC-KA-007369,Lakshmi Joshi,PHH,6,30,10,20,kn,FPS-KA-UK-0009
RC-KA-007370,Swathi Nayak,PHH,4,20,20,0,hi,FPS-KA-UK-0010
RC-KA-007371,Ananya Kulkarni,PHH,8,40,0,40,kn,FPS-KA-UK-0011
RC-KA-007372,Akash Hegde,PHH,8,40,40,0,kn,FPS-KA-UK-0012
RC-KA-007373,Rahul Desai,PHH,7,35,20,15,kn,FPS-KA-UK-0013
RC-KA-007374,Shankar Kumar,PHH,4,20,20,0,kn,FPS-KA-UK-0014
RC-KA-007375,Ganesh Naik,PHH,6,30,15,15,kn,FPS-KA-UK-0015
RC-KA-007376,Meena Bhat,PHH,5,25,25,0,kn,FPS-KA-UK-0016
RC-KA-007377,Bhavana Sharma,PHH,4,20,5,15,kn,FPS-KA-UK-0017
RC-KA-007378,Pooja Sharma,PHH,2,10,10,0,kn,FPS-KA-UK-0018
RC-KA-007379,Vijay Bhat,PHH,6,30,10,20,kn,FPS-KA-UK-0019
RC-KA-007380,Suresh Kulkarni,PHH,8,40,0,40,kn,FPS-KA-UK-0020
RC-KA-007381,Divya Hegde,PHH,3,15,5,10,kn,FPS-KA-VIJ-0001
RC-KA-007382,Aditi Desai,PHH,5,25,5,20,kn,FPS-KA-VIJ-0002
RC-KA-007383,Priya Hegde,PHH,7,35,0,35,kn,FPS-KA-VIJ-0003
RC-KA-007384,Rekha Patil,PHH,4,20,0,20,kn,FPS-KA-VIJ-0004
RC-KA-007385,Aarav Bhat,PHH,4,20,5,15,kn,FPS-KA-VIJ-0005
RC-KA-007386,Naveen Desai,PHH,2,10,0,10,hi,FPS-KA-VIJ-0006
RC-KA-007387,Deepa Reddy,PHH,2,10,5,5,kn,FPS-KA-VIJ-0007
RC-KA-007388,Aditi Hegde,PHH,6,30,15,15,kn,FPS-KA-VIJ-0008
RC-KA-007389,Aarav Gowda,PHH,2,10,0,10,kn,FPS-KA-VIJ-0009
RC-KA-007390,Manoj Naik,PHH,6,30,30,0,kn,FPS-KA-VIJ-0010
RC-KA-007391,Aarav Shetty,PHH,4,20,10,10,kn,FPS-KA-VIJ-0011
RC-KA-007392,Shalini Desai,PHH,8,40,35,5,kn,FPS-KA-VIJ-0012
RC-KA-007393,Kavya Sharma,PHH,2,10,5,5,en,FPS-KA-VIJ-0013
RC-KA-007394,Vijay Sharma,PHH,7,35,25,10,kn,FPS-KA-VIJ-0014
RC-KA-007395,Harish Sharma,PHH,5,25,10,15,en,FPS-KA-VIJ-0015
RC-KA-007396,Kavya Patil,PHH,6,30,20,10,kn,FPS-KA-VIJ-0016
RC-KA-007397,Deepa Bhat,PHH,6,30,10,20,en,FPS-KA-VIJ-0017
RC-KA-007398,Rahul Gowda,PHH,7,35,10,25,kn,FPS-KA-VIJ-0018
RC-KA-007399,Kavya Nayak,PHH,8,40,5,35,kn,FPS-KA-VIJ-0019
RC-KA-007400,Priya Hegde,PHH,5,25,0,25,kn,FPS-KA-VIJ-0020
RC-KA-007401,Suresh Poojary,PHH,3,15,10,5,kn,FPS-KA-VIG-0001
RC-KA-007402,Aditi Desai,PHH,6,30,5,25,hi,FPS-KA-VIG-0002
RC-KA-007403,Harish Gowda,PHH,3,15,0,15,kn,FPS-KA-VIG-0003
RC-KA-007404,Bhavana Gowda,PHH,2,10,10,0,kn,FPS-KA-VIG-0004
RC-KA-007405,Rekha Naik,PHH,5,25,10,15,kn,FPS-KA-VIG-0005
RC-KA-007406,Chetan Patil,PHH,6,30,5,25,kn,FPS-KA-VIG-0006
RC-KA-007407,Shalini Sharma,PHH,3,15,15,0,kn,FPS-KA-VIG-0007
RC-KA-007408,Naveen Bhat,PHH,5,25,15,10,kn,FPS-KA-VIG-0008
RC-KA-007409,Chetan Kumar,PHH,3,15,10,5,en,FPS-KA-VIG-0009
RC-KA-007410,Bhavana Bhat,PHH,6,30,25,5,en,FPS-KA-VIG-0010
RC-KA-007411,Ganesh Nayak,PHH,2,10,0,10,hi,FPS-KA-VIG-0011
RC-KA-007412,Bhavana Sharma,PHH,5,25,0,25,hi,FPS-KA-VIG-0012
RC-KA-007413,Rahul Kumar,PHH,4,20,15,5,kn,FPS-KA-VIG-0013
RC-KA-007414,Shankar Bhat,PHH,1,5,5,0,kn,FPS-KA-VIG-0014
RC-KA-007415,Kavya Bhat,PHH,2,10,10,0,en,FPS-KA-VIG-0015
RC-KA-007416,Harish Sharma,PHH,3,15,10,5,kn,FPS-KA-VIG-0016
RC-KA-007417,Sneha Desai,PHH,1,5,0,5,kn,FPS-KA-VIG-0017
RC-KA-007418,Vijay Poojary,PHH,5,25,0,25,kn,FPS-KA-VIG-0018
RC-KA-007419,Lakshmi Patil,PHH,4,20,5,15,kn,FPS-KA-VIG-0019
RC-KA-007420,Akash Rao,PHH,2,10,10,0,en,FPS-KA-VIG-0020
RC-KA-007421,Sanjay Bhat,PHH,2,10,0,10,hi,FPS-KA-YAD-0001
RC-KA-007422,Rekha Hegde,PHH,4,20,10,10,hi,FPS-KA-YAD-0002
RC-KA-007423,Priya Rao,PHH,8,40,5,35,kn,FPS-KA-YAD-0003
RC-KA-007424,Lakshmi Joshi,PHH,7,35,10,25,en,FPS-KA-YAD-0004
RC-KA-007425,Deepa Naik,PHH,7,35,5,30,kn,FPS-KA-YAD-0005
RC-KA-007426,Arjun Patil,PHH,3,15,0,15,hi,FPS-KA-YAD-0006
RC-KA-007427,Rekha Reddy,PHH,3,15,0,15,en,FPS-KA-YAD-0007
RC-KA-007428,Ganesh Sharma,PHH,2,10,0,10,kn,FPS-KA-YAD-0008
RC-KA-007429,Priya Joshi,PHH,5,25,20,5,kn,FPS-KA-YAD-0009
RC-KA-007430,Ravi Kulkarni,PHH,1,5,0,5,kn,FPS-KA-YAD-0010
RC-KA-007431,Ananya Kumar,PHH,5,25,10,15,kn,FPS-KA-YAD-0011
RC-KA-007432,Prakash Patil,PHH,2,10,10,0,kn,FPS-KA-YAD-0012
RC-KA-007433,Chetan Hegde,PHH,3,15,0,15,kn,FPS-KA-YAD-0013
RC-KA-007434,Arjun Reddy,PHH,7,35,15,20,kn,FPS-KA-YAD-0014
RC-KA-007435,Ganesh Nayak,PHH,7,35,30,5,kn,FPS-KA-YAD-0015
RC-KA-007436,Suresh Poojary,PHH,2,10,5,5,kn,FPS-KA-YAD-0016
RC-KA-007437,Akash Sharma,PHH,4,20,20,0,en,FPS-KA-YAD-0017
RC-KA-007438,Meena Naik,PHH,2,10,10,0,hi,FPS-KA-YAD-0018
RC-KA-007439,Aarav Gowda,PHH,1,5,5,0,hi,FPS-KA-YAD-0019
RC-KA-007440,Aarav Rao,PHH,4,20,5,15,hi,FPS-KA-YAD-0020
RC-KA-007441,Divya Sharma,PHH,4,20,10,10,en,FPS-KA-BAG-0001
RC-KA-007442,Meena Gowda,PHH,6,30,15,15,kn,FPS-KA-BAG-0002
RC-KA-007443,Kiran Hegde,PHH,5,25,20,5,kn,FPS-KA-BAG-0003
RC-KA-007444,Shalini Bhat,PHH,1,5,5,0,kn,FPS-KA-BAG-0004
RC-KA-007445,Rahul Desai,PHH,3,15,10,5,hi,FPS-KA-BAG-0005
RC-KA-007446,Kiran Rao,PHH,3,15,5,10,kn,FPS-KA-BAG-0006
RC-KA-007447,Sneha Reddy,PHH,4,20,0,20,kn,FPS-KA-BAG-0007
RC-KA-007448,Akash Poojary,PHH,8,40,40,0,hi,FPS-KA-BAG-0008
RC-KA-007449,Rekha Rao,PHH,1,5,5,0,hi,FPS-KA-BAG-0009
RC-KA-007450,Shalini Kumar,PHH,8,40,0,40,en,FPS-KA-BAG-0010
RC-KA-007451,Kiran Kumar,PHH,7,35,15,20,kn,FPS-KA-BAG-0011
RC-KA-007452,Priya Sharma,PHH,8,40,0,40,kn,FPS-KA-BAG-0012
RC-KA-007453,Suresh Kumar,PHH,5,25,15,10,en,FPS-KA-BAG-0013
RC-KA-007454,Deepa Kumar,PHH,7,35,30,5,kn,FPS-KA-BAG-0014
RC-KA-007455,Manoj Patil,PHH,3,15,5,10,kn,FPS-KA-BAG-0015
RC-KA-007456,Ravi Hegde,PHH,1,5,5,0,kn,FPS-KA-BAG-0016
RC-KA-007457,Suresh Nayak,PHH,1,5,0,5,kn,FPS-KA-BAG-0017
RC-KA-007458,Pooja Kulkarni,PHH,2,10,5,5,kn,FPS-KA-BAG-0018
RC-KA-007459,Ganesh Reddy,PHH,4,20,5,15,kn,FPS-KA-BAG-0019
RC-KA-007460,Pooja Rao,PHH,1,5,5,0,kn,FPS-KA-BAG-0020
RC-KA-007461,Rekha Joshi,PHH,8,40,20,20,kn,FPS-KA-BAL-0001
RC-KA-007462,Bhavana Reddy,PHH,4,20,20,0,en,FPS-KA-BAL-0002
RC-KA-007463,Aarav Kumar,PHH,8,40,25,15,kn,FPS-KA-BAL-0003
RC-KA-007464,Suresh Nayak,PHH,8,40,10,30,kn,FPS-KA-BAL-0004
RC-KA-007465,Arjun Poojary,PHH,6,30,20,10,hi,FPS-KA-BAL-0005
RC-KA-007466,Sanjay Naik,PHH,6,30,20,10,en,FPS-KA-BAL-0006
RC-KA-007467,Ananya Reddy,PHH,6,30,10,20,en,FPS-KA-BAL-0007
RC-KA-007468,Shankar Patil,PHH,2,10,10,0,en,FPS-KA-BAL-0008
RC-KA-007469,Bhavana Rao,PHH,4,20,10,10,kn,FPS-KA-BAL-0009
RC-KA-007470,Pooja Nayak,PHH,4,20,15,5,kn,FPS-KA-BAL-0010
RC-KA-007471,Chetan Kulkarni,PHH,4,20,20,0,hi,FPS-KA-BAL-0011
RC-KA-007472,Pooja Patil,PHH,4,20,5,15,en,FPS-KA-BAL-0012
RC-KA-007473,Lakshmi Naik,PHH,1,5,5,0,kn,FPS-KA-BAL-0013
RC-KA-007474,Lakshmi Kulkarni,PHH,8,40,25,15,kn,FPS-KA-BAL-0014
RC-KA-007475,Meena Bhat,PHH,5,25,20,5,kn,FPS-KA-BAL-0015
RC-KA-007476,Meena Rao,PHH,5,25,0,25,kn,FPS-KA-BAL-0016
RC-KA-007477,Deepa Gowda,PHH,2,10,0,10,kn,FPS-KA-BAL-0017
RC-KA-007478,Bhavana Sharma,PHH,8,40,25,15,kn,FPS-KA-BAL-0018
RC-KA-007479,Ananya Naik,PHH,8,40,35,5,kn,FPS-KA-BAL-0019
RC-KA-007480,Naveen Gowda,PHH,6,30,20,10,kn,FPS-KA-BAL-0020
RC-KA-007481,Divya Rao,PHH,2,10,10,0,hi,FPS-KA-BEL-0001
RC-KA-007482,Pooja Gowda,PHH,2,10,5,5,kn,FPS-KA-BEL-0002
RC-KA-007483,Kiran Nayak,PHH,5,25,25,0,kn,FPS-KA-BEL-0003
RC-KA-007484,Kiran Gowda,PHH,2,10,0,10,kn,FPS-KA-BEL-0004
RC-KA-007485,Aarav Kumar,PHH,2,10,5,5,kn,FPS-KA-BEL-0005
RC-KA-007486,Naveen Sharma,PHH,4,20,15,5,kn,FPS-KA-BEL-0006
RC-KA-007487,Aarav Rao,PHH,3,15,15,0,hi,FPS-KA-BEL-0007
RC-KA-007488,Rahul Naik,PHH,6,30,10,20,kn,FPS-KA-BEL-0008
RC-KA-007489,Bhavana Bhat,PHH,7,35,25,10,en,FPS-KA-BEL-0009
RC-KA-007490,Shalini Naik,PHH,7,35,15,20,kn,FPS-KA-BEL-0010
RC-KA-007491,Divya Rao,PHH,4,20,15,5,kn,FPS-KA-BEL-0011
RC-KA-007492,Shankar Poojary,PHH,1,5,0,5,kn,FPS-KA-BEL-0012
RC-KA-007493,Divya Hegde,PHH,5,25,25,0,kn,FPS-KA-BEL-0013
RC-KA-007494,Lakshmi Patil,PHH,6,30,25,5,kn,FPS-KA-BEL-0014
RC-KA-007495,Suresh Gowda,PHH,1,5,0,5,en,FPS-KA-BEL-0015
RC-KA-007496,Rahul Shetty,PHH,2,10,10,0,en,FPS-KA-BEL-0016
RC-KA-007497,Deepa Joshi,PHH,3,15,15,0,hi,FPS-KA-BEL-0017
RC-KA-007498,Ravi Shetty,PHH,7,35,35,0,en,FPS-KA-BEL-0018
RC-KA-007499,Shalini Desai,PHH,2,10,10,0,en,FPS-KA-BEL-0019
RC-KA-007500,Deepa Joshi,PHH,4,20,15,5,hi,FPS-KA-BEL-0020
RC-KA-007501,Aditi Sharma,PHH,6,30,25,5,hi,FPS-KA-BLR-R-0001
RC-KA-007502,Manoj Patil,PHH,6,30,30,0,kn,FPS-KA-BLR-R-0002
RC-KA-007503,Rekha Sharma,PHH,4,20,10,10,kn,FPS-KA-BLR-R-0003
RC-KA-007504,Vijay Hegde,PHH,2,10,5,5,kn,FPS-KA-BLR-R-0004
RC-KA-007505,Lakshmi Rao,PHH,1,5,0,5,kn,FPS-KA-BLR-R-0005
RC-KA-007506,Sneha Joshi,PHH,5,25,0,25,kn,FPS-KA-BLR-R-0006
RC-KA-007507,Suresh Bhat,PHH,5,25,20,5,kn,FPS-KA-BLR-R-0007
RC-KA-007508,Rekha Kulkarni,PHH,8,40,35,5,kn,FPS-KA-BLR-R-0008
RC-KA-007509,Harish Bhat,PHH,3,15,15,0,en,FPS-KA-BLR-R-0009
RC-KA-007510,Shankar Shetty,PHH,6,30,25,5,kn,FPS-KA-BLR-R-0010
RC-KA-007511,Sanjay Kulkarni,PHH,6,30,10,20,kn,FPS-KA-BLR-R-0011
RC-KA-007512,Sneha Gowda,PHH,7,35,25,10,kn,FPS-KA-BLR-R-0012
RC-KA-007513,Arjun Desai,PHH,8,40,25,15,hi,FPS-KA-BLR-R-0013
RC-KA-007514,Aarav Gowda,PHH,6,30,5,25,kn,FPS-KA-BLR-R-0014
RC-KA-007515,Manoj Reddy,PHH,7,35,5,30,kn,FPS-KA-BLR-R-0015
RC-KA-007516,Ravi Rao,PHH,5,25,10,15,kn,FPS-KA-BLR-R-0016
RC-KA-007517,Prakash Shetty,PHH,5,25,25,0,hi,FPS-KA-BLR-R-0017
RC-KA-007518,Sneha Kulkarni,PHH,4,20,10,10,kn,FPS-KA-BLR-R-0018
RC-KA-007519,Bhavana Kulkarni,PHH,4,20,20,0,kn,FPS-KA-BLR-R-0019
RC-KA-007520,Meena Bhat,PHH,5,25,25,0,kn,FPS-KA-BLR-R-0020
RC-KA-007521,Suresh Patil,PHH,2,10,10,0,en,FPS-KA-BLR-U-0001
RC-KA-007522,Manoj Joshi,PHH,1,5,0,5,kn,FPS-KA-BLR-U-0002
RC-KA-007523,Priya Naik,PHH,2,10,0,10,kn,FPS-KA-BLR-U-0003
RC-KA-007524,Akash Bhat,PHH,6,30,15,15,kn,FPS-KA-BLR-U-0004
RC-KA-007525,Suresh Rao,PHH,4,20,0,20,en,FPS-KA-BLR-U-0005
RC-KA-007526,Rekha Nayak,PHH,5,25,20,5,kn,FPS-KA-BLR-U-0006
RC-KA-007527,Swathi Poojary,PHH,5,25,5,20,kn,FPS-KA-BLR-U-0007
RC-KA-007528,Shalini Shetty,PHH,4,20,10,10,hi,FPS-KA-BLR-U-0008
RC-KA-007529,Ravi Joshi,PHH,4,20,5,15,kn,FPS-KA-BLR-U-0009
RC-KA-007530,Ravi Desai,PHH,8,40,25,15,en,FPS-KA-BLR-U-0010
RC-KA-007531,Vijay Shetty,PHH,2,10,10,0,kn,FPS-KA-BLR-U-0011
RC-KA-007532,Rahul Desai,PHH,7,35,25,10,kn,FPS-KA-BLR-U-0012
RC-KA-007533,Harish Joshi,PHH,8,40,5,35,hi,FPS-KA-BLR-U-0013
RC-KA-007534,Suresh Desai,PHH,3,15,0,15,hi,FPS-KA-BLR-U-0014
RC-KA-007535,Sanjay Nayak,PHH,1,5,5,0,kn,FPS-KA-BLR-U-0015
RC-KA-007536,Ananya Gowda,PHH,1,5,5,0,hi,FPS-KA-BLR-U-0016
RC-KA-007537,Vijay Kulkarni,PHH,7,35,5,30,kn,FPS-KA-BLR-U-0017
RC-KA-007538,Rahul Gowda,PHH,5,25,10,15,kn,FPS-KA-BLR-U-0018
RC-KA-007539,Deepa Patil,PHH,2,10,10,0,en,FPS-KA-BLR-U-0019
RC-KA-007540,Bhavana Bhat,PHH,8,40,25,15,hi,FPS-KA-BLR-U-0020
RC-KA-007541,Sanjay Kumar,PHH,5,25,15,10,kn,FPS-KA-BID-0001
RC-KA-007542,Meena Bhat,PHH,6,30,25,5,kn,FPS-KA-BID-0002
RC-KA-007543,Sneha Bhat,PHH,8,40,20,20,kn,FPS-KA-BID-0003
RC-KA-007544,Meena Joshi,PHH,8,40,35,5,kn,FPS-KA-BID-0004
RC-KA-007545,Deepa Shetty,PHH,2,10,10,0,kn,FPS-KA-BID-0005
RC-KA-007546,Shalini Poojary,PHH,6,30,0,30,kn,FPS-KA-BID-0006
RC-KA-007547,Kiran Desai,PHH,1,5,0,5,hi,FPS-KA-BID-0007
RC-KA-007548,Lakshmi Bhat,PHH,1,5,5,0,kn,FPS-KA-BID-0008
RC-KA-007549,Kavya Nayak,PHH,1,5,0,5,kn,FPS-KA-BID-0009
RC-KA-007550,Sneha Sharma,PHH,4,20,20,0,en,FPS-KA-BID-0010
RC-KA-007551,Ganesh Kulkarni,PHH,6,30,15,15,kn,FPS-KA-BID-0011
RC-KA-007552,Aarav Kumar,PHH,3,15,0,15,hi,FPS-KA-BID-0012
RC-KA-007553,Sanjay Desai,PHH,1,5,0,5,kn,FPS-KA-BID-0013
RC-KA-007554,Shankar Reddy,PHH,1,5,0,5,kn,FPS-KA-BID-0014
RC-KA-007555,Naveen Poojary,PHH,8,40,40,0,hi,FPS-KA-BID-0015
RC-KA-007556,Prakash Reddy,PHH,7,35,30,5,hi,FPS-KA-BID-0016
RC-KA-007557,Sneha Rao,PHH,3,15,0,15,kn,FPS-KA-BID-0017
RC-KA-007558,Divya Sharma,PHH,1,5,0,5,kn,FPS-KA-BID-0018
RC-KA-007559,Ganesh Joshi,PHH,3,15,15,0,kn,FPS-KA-BID-0019
RC-KA-007560,Bhavana Sharma,PHH,8,40,30,10,en,FPS-KA-BID-0020
RC-KA-007561,Meena Rao,PHH,7,35,25,10,kn,FPS-KA-CHA-0001
RC-KA-007562,Shankar Hegde,PHH,5,25,25,0,en,FPS-KA-CHA-0002
RC-KA-007563,Lakshmi Desai,PHH,7,35,25,10,kn,FPS-KA-CHA-0003
RC-KA-007564,Akash Rao,PHH,7,35,25,10,kn,FPS-KA-CHA-0004
RC-KA-007565,Prakash Naik,PHH,3,15,0,15,kn,FPS-KA-CHA-0005
RC-KA-007566,Aarav Kumar,PHH,8,40,35,5,kn,FPS-KA-CHA-0006
RC-KA-007567,Shalini Shetty,PHH,1,5,0,5,kn,FPS-KA-CHA-0007
RC-KA-007568,Bhavana Kulkarni,PHH,3,15,0,15,kn,FPS-KA-CHA-0008
RC-KA-007569,Suresh Bhat,PHH,4,20,0,20,kn,FPS-KA-CHA-0009
RC-KA-007570,Vijay Hegde,PHH,7,35,20,15,kn,FPS-KA-CHA-0010
RC-KA-007571,Priya Nayak,PHH,8,40,15,25,kn,FPS-KA-CHA-0011
RC-KA-007572,Sneha Naik,PHH,1,5,5,0,hi,FPS-KA-CHA-0012
RC-KA-007573,Akash Kulkarni,PHH,1,5,5,0,kn,FPS-KA-CHA-0013
RC-KA-007574,Divya Desai,PHH,6,30,5,25,kn,FPS-KA-CHA-0014
RC-KA-007575,Arjun Hegde,PHH,7,35,35,0,kn,FPS-KA-CHA-0015
RC-KA-007576,Prakash Sharma,PHH,4,20,15,5,hi,FPS-KA-CHA-0016
RC-KA-007577,Kavya Kumar,PHH,1,5,0,5,hi,FPS-KA-CHA-0017
RC-KA-007578,Shalini Kulkarni,PHH,4,20,15,5,hi,FPS-KA-CHA-0018
RC-KA-007579,Lakshmi Reddy,PHH,4,20,5,15,kn,FPS-KA-CHA-0019
RC-KA-007580,Pooja Hegde,PHH,4,20,10,10,kn,FPS-KA-CHA-0020
RC-KA-007581,Shalini Joshi,PHH,7,35,10,25,hi,FPS-KA-CHB-0001
RC-KA-007582,Shankar Kumar,PHH,4,20,15,5,kn,FPS-KA-CHB-0002
RC-KA-007583,Bhavana Hegde,PHH,4,20,15,5,kn,FPS-KA-CHB-0003
RC-KA-007584,Shankar Reddy,PHH,4,20,0,20,kn,FPS-KA-CHB-0004
RC-KA-007585,Rekha Sharma,PHH,8,40,0,40,kn,FPS-KA-CHB-0005
RC-KA-007586,Divya Nayak,PHH,5,25,5,20,kn,FPS-KA-CHB-0006
RC-KA-007587,Aarav Naik,PHH,1,5,0,5,hi,FPS-KA-CHB-0007
RC-KA-007588,Shalini Reddy,PHH,4,20,5,15,kn,FPS-KA-CHB-0008
RC-KA-007589,Swathi Rao,PHH,2,10,10,0,kn,FPS-KA-CHB-0009
RC-KA-007590,Kiran Poojary,PHH,4,20,20,0,kn,FPS-KA-CHB-0010
RC-KA-007591,Meena Nayak,PHH,2,10,0,10,kn,FPS-KA-CHB-0011
RC-KA-007592,Manoj Gowda,PHH,1,5,5,0,kn,FPS-KA-CHB-0012
RC-KA-007593,Ravi Gowda,PHH,6,30,30,0,en,FPS-KA-CHB-0013
RC-KA-007594,Kiran Joshi,PHH,8,40,30,10,kn,FPS-KA-CHB-0014
RC-KA-007595,Suresh Bhat,PHH,1,5,5,0,kn,FPS-KA-CHB-0015
RC-KA-007596,Sneha Bhat,PHH,6,30,10,20,kn,FPS-KA-CHB-0016
RC-KA-007597,Ravi Bhat,PHH,3,15,0,15,kn,FPS-KA-CHB-0017
RC-KA-007598,Bhavana Kulkarni,PHH,4,20,15,5,kn,FPS-KA-CHB-0018
RC-KA-007599,Rekha Shetty,PHH,5,25,0,25,kn,FPS-KA-CHB-0019
RC-KA-007600,Priya Kulkarni,PHH,8,40,15,25,kn,FPS-KA-CHB-0020
RC-KA-007601,Sanjay Shetty,PHH,6,30,20,10,kn,FPS-KA-CHK-0001
RC-KA-007602,Priya Desai,PHH,4,20,20,0,kn,FPS-KA-CHK-0002
RC-KA-007603,Ravi Reddy,PHH,8,40,40,0,en,FPS-KA-CHK-0003
RC-KA-007604,Deepa Shetty,PHH,2,10,10,0,kn,FPS-KA-CHK-0004
RC-KA-007605,Shalini Sharma,PHH,2,10,10,0,kn,FPS-KA-CHK-0005
RC-KA-007606,Shalini Gowda,PHH,7,35,25,10,hi,FPS-KA-CHK-0006
RC-KA-007607,Kiran Kulkarni,PHH,1,5,0,5,kn,FPS-KA-CHK-0007
RC-KA-007608,Shalini Patil,PHH,7,35,30,5,kn,FPS-KA-CHK-0008
RC-KA-007609,Ganesh Desai,PHH,7,35,35,0,kn,FPS-KA-CHK-0009
RC-KA-007610,Ganesh Kumar,PHH,7,35,35,0,kn,FPS-KA-CHK-0010
RC-KA-007611,Prakash Hegde,PHH,7,35,15,20,kn,FPS-KA-CHK-0011
RC-KA-007612,Naveen Hegde,PHH,2,10,10,0,kn,FPS-KA-CHK-0012
RC-KA-007613,Meena Kulkarni,PHH,3,15,10,5,kn,FPS-KA-CHK-0013
RC-KA-007614,Kavya Sharma,PHH,3,15,5,10,kn,FPS-KA-CHK-0014
RC-KA-007615,Manoj Naik,PHH,7,35,15,20,en,FPS-KA-CHK-0015
RC-KA-007616,Lakshmi Reddy,PHH,4,20,20,0,kn,FPS-KA-CHK-0016
RC-KA-007617,Priya Naik,PHH,5,25,20,5,kn,FPS-KA-CHK-0017
RC-KA-007618,Kavya Hegde,PHH,1,5,0,5,kn,FPS-KA-CHK-0018
RC-KA-007619,Shalini Poojary,PHH,5,25,15,10,kn,FPS-KA-CHK-0019
RC-KA-007620,Aditi Joshi,PHH,6,30,5,25,kn,FPS-KA-CHK-0020
RC-KA-007621,Arjun Bhat,PHH,8,40,15,25,kn,FPS-KA-CHI-0001
RC-KA-007622,Sanjay Rao,PHH,2,10,0,10,kn,FPS-KA-CHI-0002
RC-KA-007623,Kiran Reddy,PHH,8,40,15,25,kn,FPS-KA-CHI-0003
RC-KA-007624,Ravi Rao,PHH,3,15,10,5,hi,FPS-KA-CHI-0004
RC-KA-007625,Sneha Shetty,PHH,8,40,15,25,hi,FPS-KA-CHI-0005
RC-KA-007626,Naveen Desai,PHH,3,15,5,10,kn,FPS-KA-CHI-0006
RC-KA-007627,Akash Kulkarni,PHH,5,25,20,5,kn,FPS-KA-CHI-0007
RC-KA-007628,Prakash Gowda,PHH,7,35,0,35,hi,FPS-KA-CHI-0008
RC-KA-007629,Naveen Kulkarni,PHH,1,5,0,5,kn,FPS-KA-CHI-0009
RC-KA-007630,Chetan Kumar,PHH,7,35,0,35,hi,FPS-KA-CHI-0010
RC-KA-007631,Vijay Rao,PHH,3,15,15,0,kn,FPS-KA-CHI-0011
RC-KA-007632,Rahul Bhat,PHH,8,40,40,0,en,FPS-KA-CHI-0012
RC-KA-007633,Priya Hegde,PHH,4,20,15,5,kn,FPS-KA-CHI-0013
RC-KA-007634,Lakshmi Rao,PHH,5,25,0,25,kn,FPS-KA-CHI-0014
RC-KA-007635,Meena Gowda,PHH,1,5,0,5,kn,FPS-KA-CHI-0015
RC-KA-007636,Shalini Bhat,PHH,7,35,20,15,en,FPS-KA-CHI-0016
RC-KA-007637,Ananya Patil,PHH,6,30,25,5,en,FPS-KA-CHI-0017
RC-KA-007638,Sneha Reddy,PHH,5,25,10,15,hi,FPS-KA-CHI-0018
RC-KA-007639,Prakash Kumar,PHH,5,25,15,10,kn,FPS-KA-CHI-0019
RC-KA-007640,Shankar Reddy,PHH,5,25,10,15,en,FPS-KA-CHI-0020
RC-KA-007641,Pooja Nayak,PHH,4,20,20,0,kn,FPS-KA-DK-0001
RC-KA-007642,Prakash Patil,PHH,1,5,5,0,kn,FPS-KA-DK-0002
RC-KA-007643,Vijay Gowda,PHH,6,30,15,15,kn,FPS-KA-DK-0003
RC-KA-007644,Swathi Naik,PHH,4,20,15,5,kn,FPS-KA-DK-0004
RC-KA-007645,Naveen Nayak,PHH,8,40,35,5,kn,FPS-KA-DK-0005
RC-KA-007646,Sneha Naik,PHH,4,20,15,5,kn,FPS-KA-DK-0006
RC-KA-007647,Kiran Joshi,PHH,6,30,0,30,kn,FPS-KA-DK-0007
RC-KA-007648,Aditi Kulkarni,PHH,6,30,20,10,kn,FPS-KA-DK-0008
RC-KA-007649,Deepa Patil,PHH,3,15,10,5,kn,FPS-KA-DK-0009
RC-KA-007650,Priya Poojary,PHH,7,35,20,15,kn,FPS-KA-DK-0010
RC-KA-007651,Ganesh Rao,PHH,3,15,10,5,en,FPS-KA-DK-0011
RC-KA-007652,Kiran Sharma,PHH,4,20,10,10,kn,FPS-KA-DK-0012
RC-KA-007653,Bhavana Kumar,PHH,6,30,5,25,en,FPS-KA-DK-0013
RC-KA-007654,Aditi Kumar,PHH,2,10,10,0,kn,FPS-KA-DK-0014
RC-KA-007655,Aarav Joshi,PHH,4,20,20,0,kn,FPS-KA-DK-0015
RC-KA-007656,Ganesh Kulkarni,PHH,1,5,0,5,kn,FPS-KA-DK-0016
RC-KA-007657,Swathi Naik,PHH,5,25,15,10,kn,FPS-KA-DK-0017
RC-KA-007658,Divya Desai,PHH,1,5,0,5,kn,FPS-KA-DK-0018
RC-KA-007659,Vijay Sharma,PHH,5,25,15,10,kn,FPS-KA-DK-0019
RC-KA-007660,Akash Kulkarni,PHH,2,10,10,0,hi,FPS-KA-DK-0020
RC-KA-007661,Shankar Hegde,PHH,2,10,0,10,kn,FPS-KA-DAV-0001
RC-KA-007662,Sneha Poojary,PHH,1,5,0,5,hi,FPS-KA-DAV-0002
RC-KA-007663,Pooja Rao,PHH,7,35,25,10,en,FPS-KA-DAV-0003
RC-KA-007664,Swathi Poojary,PHH,7,35,5,30,kn,FPS-KA-DAV-0004
RC-KA-007665,Ganesh Gowda,PHH,1,5,0,5,hi,FPS-KA-DAV-0005
RC-KA-007666,Chetan Reddy,PHH,6,30,20,10,kn,FPS-KA-DAV-0006
RC-KA-007667,Lakshmi Bhat,PHH,6,30,5,25,hi,FPS-KA-DAV-0007
RC-KA-007668,Deepa Joshi,PHH,7,35,0,35,kn,FPS-KA-DAV-0008
RC-KA-007669,Shalini Kumar,PHH,6,30,10,20,hi,FPS-KA-DAV-0009
RC-KA-007670,Shankar Kumar,PHH,1,5,0,5,kn,FPS-KA-DAV-0010
RC-KA-007671,Aarav Gowda,PHH,8,40,15,25,hi,FPS-KA-DAV-0011
RC-KA-007672,Ganesh Rao,PHH,1,5,0,5,kn,FPS-KA-DAV-0012
RC-KA-007673,Pooja Gowda,PHH,6,30,30,0,kn,FPS-KA-DAV-0013
RC-KA-007674,Sanjay Nayak,PHH,6,30,20,10,kn,FPS-KA-DAV-0014
RC-KA-007675,Prakash Rao,PHH,2,10,10,0,kn,FPS-KA-DAV-0015
RC-KA-007676,Rahul Rao,PHH,2,10,0,10,en,FPS-KA-DAV-0016
RC-KA-007677,Harish Gowda,PHH,6,30,0,30,en,FPS-KA-DAV-0017
RC-KA-007678,Shankar Sharma,PHH,2,10,10,0,hi,FPS-KA-DAV-0018
RC-KA-007679,Manoj Gowda,PHH,4,20,20,0,kn,FPS-KA-DAV-0019
RC-KA-007680,Aarav Joshi,PHH,7,35,35,0,kn,FPS-KA-DAV-0020
RC-KA-007681,Arjun Sharma,PHH,1,5,5,0,kn,FPS-KA-DHA-0001
RC-KA-007682,Suresh Joshi,PHH,4,20,5,15,hi,FPS-KA-DHA-0002
RC-KA-007683,Vijay Bhat,PHH,6,30,0,30,kn,FPS-KA-DHA-0003
RC-KA-007684,Arjun Sharma,PHH,2,10,10,0,kn,FPS-KA-DHA-0004
RC-KA-007685,Akash Rao,PHH,4,20,5,15,hi,FPS-KA-DHA-0005
RC-KA-007686,Bhavana Shetty,PHH,4,20,10,10,kn,FPS-KA-DHA-0006
RC-KA-007687,Aditi Kumar,PHH,1,5,5,0,kn,FPS-KA-DHA-0007
RC-KA-007688,Akash Nayak,PHH,4,20,15,5,en,FPS-KA-DHA-0008
RC-KA-007689,Pooja Hegde,PHH,8,40,35,5,kn,FPS-KA-DHA-0009
RC-KA-007690,Divya Joshi,PHH,7,35,10,25,hi,FPS-KA-DHA-0010
RC-KA-007691,Akash Bhat,PHH,1,5,5,0,kn,FPS-KA-DHA-0011
RC-KA-007692,Sanjay Shetty,PHH,3,15,15,0,hi,FPS-KA-DHA-0012
RC-KA-007693,Kiran Sharma,PHH,1,5,0,5,en,FPS-KA-DHA-0013
RC-KA-007694,Meena Poojary,PHH,6,30,0,30,kn,FPS-KA-DHA-0014
RC-KA-007695,Pooja Kulkarni,PHH,2,10,0,10,kn,FPS-KA-DHA-0015
RC-KA-007696,Swathi Gowda,PHH,1,5,0,5,kn,FPS-KA-DHA-0016
RC-KA-007697,Priya Kumar,PHH,3,15,5,10,en,FPS-KA-DHA-0017
RC-KA-007698,Harish Hegde,PHH,4,20,5,15,kn,FPS-KA-DHA-0018
RC-KA-007699,Shankar Shetty,PHH,8,40,10,30,kn,FPS-KA-DHA-0019
RC-KA-007700,Sneha Poojary,PHH,4,20,0,20,hi,FPS-KA-DHA-0020
RC-KA-007701,Ravi Bhat,PHH,6,30,20,10,kn,FPS-KA-GAD-0001
RC-KA-007702,Rekha Kulkarni,PHH,2,10,0,10,en,FPS-KA-GAD-0002
RC-KA-007703,Suresh Joshi,PHH,2,10,10,0,hi,FPS-KA-GAD-0003
RC-KA-007704,Kavya Shetty,PHH,1,5,5,0,kn,FPS-KA-GAD-0004
RC-KA-007705,Aditi Kumar,PHH,2,10,0,10,kn,FPS-KA-GAD-0005
RC-KA-007706,Ananya Kulkarni,PHH,4,20,15,5,kn,FPS-KA-GAD-0006
RC-KA-007707,Swathi Joshi,PHH,5,25,0,25,en,FPS-KA-GAD-0007
RC-KA-007708,Shankar Rao,PHH,1,5,5,0,kn,FPS-KA-GAD-0008
RC-KA-007709,Rekha Gowda,PHH,7,35,0,35,en,FPS-KA-GAD-0009
RC-KA-007710,Shankar Rao,PHH,8,40,5,35,kn,FPS-KA-GAD-0010
RC-KA-007711,Harish Naik,PHH,4,20,10,10,kn,FPS-KA-GAD-0011
RC-KA-007712,Aarav Kumar,PHH,5,25,20,5,en,FPS-KA-GAD-0012
RC-KA-007713,Shankar Kumar,PHH,7,35,0,35,kn,FPS-KA-GAD-0013
RC-KA-007714,Naveen Patil,PHH,6,30,30,0,en,FPS-KA-GAD-0014
RC-KA-007715,Manoj Naik,PHH,7,35,10,25,kn,FPS-KA-GAD-0015
RC-KA-007716,Pooja Reddy,PHH,6,30,15,15,kn,FPS-KA-GAD-0016
RC-KA-007717,Meena Naik,PHH,6,30,20,10,kn,FPS-KA-GAD-0017
RC-KA-007718,Arjun Poojary,PHH,3,15,10,5,kn,FPS-KA-GAD-0018
RC-KA-007719,Manoj Nayak,PHH,1,5,5,0,kn,FPS-KA-GAD-0019
RC-KA-007720,Suresh Reddy,PHH,8,40,30,10,kn,FPS-KA-GAD-0020
RC-KA-007721,Kiran Sharma,PHH,5,25,15,10,kn,FPS-KA-HAS-0001
RC-KA-007722,Chetan Patil,PHH,2,10,10,0,hi,FPS-KA-HAS-0002
RC-KA-007723,Ganesh Desai,PHH,2,10,5,5,en,FPS-KA-HAS-0003
RC-KA-007724,Ganesh Poojary,PHH,3,15,15,0,kn,FPS-KA-HAS-0004
RC-KA-007725,Aarav Shetty,PHH,7,35,25,10,kn,FPS-KA-HAS-0005
RC-KA-007726,Manoj Kulkarni,PHH,7,35,10,25,kn,FPS-KA-HAS-0006
RC-KA-007727,Kiran Shetty,PHH,2,10,0,10,hi,FPS-KA-HAS-0007
RC-KA-007728,Chetan Naik,PHH,7,35,30,5,kn,FPS-KA-HAS-0008
RC-KA-007729,Kiran Nayak,PHH,3,15,10,5,hi,FPS-KA-HAS-0009
RC-KA-007730,Ananya Kulkarni,PHH,7,35,35,0,kn,FPS-KA-HAS-0010
RC-KA-007731,Meena Bhat,PHH,6,30,15,15,kn,FPS-KA-HAS-0011
RC-KA-007732,Akash Nayak,PHH,8,40,20,20,kn,FPS-KA-HAS-0012
RC-KA-007733,Arjun Reddy,PHH,6,30,30,0,en,FPS-KA-HAS-0013
RC-KA-007734,Harish Shetty,PHH,2,10,10,0,en,FPS-KA-HAS-0014
RC-KA-007735,Harish Shetty,PHH,5,25,5,20,en,FPS-KA-HAS-0015
RC-KA-007736,Sneha Patil,PHH,6,30,30,0,hi,FPS-KA-HAS-0016
RC-KA-007737,Naveen Kumar,PHH,1,5,5,0,hi,FPS-KA-HAS-0017
RC-KA-007738,Akash Desai,PHH,5,25,20,5,kn,FPS-KA-HAS-0018
RC-KA-007739,Suresh Patil,PHH,3,15,0,15,kn,FPS-KA-HAS-0019
RC-KA-007740,Rahul Hegde,PHH,6,30,30,0,kn,FPS-KA-HAS-0020
RC-KA-007741,Akash Reddy,PHH,4,20,10,10,kn,FPS-KA-HAV-0001
RC-KA-007742,Vijay Kulkarni,PHH,2,10,10,0,kn,FPS-KA-HAV-0002
RC-KA-007743,Sneha Sharma,PHH,1,5,5,0,kn,FPS-KA-HAV-0003
RC-KA-007744,Deepa Shetty,PHH,4,20,10,10,kn,FPS-KA-HAV-0004
RC-KA-007745,Akash Nayak,PHH,3,15,0,15,kn,FPS-KA-HAV-0005
RC-KA-007746,Swathi Bhat,PHH,3,15,10,5,en,FPS-KA-HAV-0006
RC-KA-007747,Divya Nayak,PHH,4,20,0,20,hi,FPS-KA-HAV-0007
RC-KA-007748,Shankar Nayak,PHH,2,10,5,5,en,FPS-KA-HAV-0008
RC-KA-007749,Rekha Nayak,PHH,8,40,40,0,kn,FPS-KA-HAV-0009
RC-KA-007750,Meena Sharma,PHH,4,20,15,5,en,FPS-KA-HAV-0010
RC-KA-007751,Arjun Gowda,PHH,3,15,10,5,kn,FPS-KA-HAV-0011
RC-KA-007752,Arjun Reddy,PHH,2,10,5,5,en,FPS-KA-HAV-0012
RC-KA-007753,Prakash Kumar,PHH,2,10,0,10,kn,FPS-KA-HAV-0013
RC-KA-007754,Aarav Patil,PHH,2,10,10,0,kn,FPS-KA-HAV-0014
RC-KA-007755,Bhavana Kulkarni,PHH,7,35,10,25,en,FPS-KA-HAV-0015
RC-KA-007756,Priya Rao,PHH,6,30,15,15,kn,FPS-KA-HAV-0016
RC-KA-007757,Kavya Joshi,PHH,7,35,15,20,kn,FPS-KA-HAV-0017
RC-KA-007758,Shalini Kumar,PHH,8,40,35,5,en,FPS-KA-HAV-0018
RC-KA-007759,Chetan Rao,PHH,6,30,30,0,kn,FPS-KA-HAV-0019
RC-KA-007760,Pooja Shetty,PHH,5,25,20,5,kn,FPS-KA-HAV-0020
RC-KA-007761,Arjun Hegde,PHH,4,20,15,5,hi,FPS-KA-KAL-0001
RC-KA-007762,Arjun Poojary,PHH,5,25,10,15,hi,FPS-KA-KAL-0002
RC-KA-007763,Akash Nayak,PHH,6,30,5,25,kn,FPS-KA-KAL-0003
RC-KA-007764,Shalini Shetty,PHH,8,40,40,0,kn,FPS-KA-KAL-0004
RC-KA-007765,Deepa Naik,PHH,1,5,5,0,kn,FPS-KA-KAL-0005
RC-KA-007766,Sanjay Joshi,PHH,6,30,10,20,kn,FPS-KA-KAL-0006
RC-KA-007767,Divya Desai,PHH,3,15,15,0,kn,FPS-KA-KAL-0007
RC-KA-007768,Vijay Kulkarni,PHH,7,35,35,0,kn,FPS-KA-KAL-0008
RC-KA-007769,Meena Naik,PHH,1,5,0,5,kn,FPS-KA-KAL-0009
RC-KA-007770,Naveen Desai,PHH,6,30,25,5,kn,FPS-KA-KAL-0010
RC-KA-007771,Aditi Poojary,PHH,2,10,10,0,kn,FPS-KA-KAL-0011
RC-KA-007772,Ravi Kumar,PHH,8,40,25,15,kn,FPS-KA-KAL-0012
RC-KA-007773,Priya Reddy,PHH,4,20,15,5,kn,FPS-KA-KAL-0013
RC-KA-007774,Rekha Shetty,PHH,2,10,5,5,hi,FPS-KA-KAL-0014
RC-KA-007775,Rahul Patil,PHH,7,35,10,25,kn,FPS-KA-KAL-0015
RC-KA-007776,Akash Naik,PHH,8,40,20,20,hi,FPS-KA-KAL-0016
RC-KA-007777,Sneha Gowda,PHH,5,25,5,20,kn,FPS-KA-KAL-0017
RC-KA-007778,Vijay Naik,PHH,1,5,5,0,kn,FPS-KA-KAL-0018
RC-KA-007779,Suresh Sharma,PHH,6,30,5,25,kn,FPS-KA-KAL-0019
RC-KA-007780,Manoj Naik,PHH,7,35,20,15,kn,FPS-KA-KAL-0020
RC-KA-007781,Priya Rao,PHH,5,25,5,20,kn,FPS-KA-KOD-0001
RC-KA-007782,Ravi Kumar,PHH,8,40,5,35,hi,FPS-KA-KOD-0002
RC-KA-007783,Deepa Nayak,PHH,6,30,5,25,kn,FPS-KA-KOD-0003
RC-KA-007784,Bhavana Sharma,PHH,5,25,20,5,en,FPS-KA-KOD-0004
RC-KA-007785,Aarav Rao,PHH,7,35,35,0,kn,FPS-KA-KOD-0005
RC-KA-007786,Ganesh Reddy,PHH,1,5,0,5,hi,FPS-KA-KOD-0006
RC-KA-007787,Meena Hegde,PHH,5,25,10,15,kn,FPS-KA-KOD-0007
RC-KA-007788,Lakshmi Poojary,PHH,6,30,30,0,kn,FPS-KA-KOD-0008
RC-KA-007789,Naveen Gowda,PHH,2,10,10,0,kn,FPS-KA-KOD-0009
RC-KA-007790,Rekha Nayak,PHH,8,40,40,0,kn,FPS-KA-KOD-0010
RC-KA-007791,Prakash Shetty,PHH,3,15,0,15,kn,FPS-KA-KOD-0011
RC-KA-007792,Lakshmi Nayak,PHH,8,40,20,20,kn,FPS-KA-KOD-0012
RC-KA-007793,Swathi Naik,PHH,4,20,20,0,kn,FPS-KA-KOD-0013
RC-KA-007794,Bhavana Shetty,PHH,1,5,0,5,kn,FPS-KA-KOD-0014
RC-KA-007795,Harish Naik,PHH,3,15,5,10,en,FPS-KA-KOD-0015
RC-KA-007796,Manoj Reddy,PHH,1,5,5,0,kn,FPS-KA-KOD-0016
RC-KA-007797,Swathi Bhat,PHH,2,10,5,5,hi,FPS-KA-KOD-0017
RC-KA-007798,Ganesh Desai,PHH,4,20,15,5,kn,FPS-KA-KOD-0018
RC-KA-007799,Manoj Patil,PHH,8,40,35,5,kn,FPS-KA-KOD-0019
RC-KA-007800,Suresh Rao,PHH,4,20,15,5,kn,FPS-KA-KOD-0020
RC-KA-007801,Ravi Desai,PHH,6,30,15,15,kn,FPS-KA-KOL-0001
RC-KA-007802,Pooja Kumar,PHH,7,35,10,25,kn,FPS-KA-KOL-0002
RC-KA-007803,Bhavana Rao,PHH,3,15,0,15,en,FPS-KA-KOL-0003
RC-KA-007804,Vijay Reddy,PHH,3,15,0,15,kn,FPS-KA-KOL-0004
RC-KA-007805,Shankar Naik,PHH,7,35,10,25,kn,FPS-KA-KOL-0005
RC-KA-007806,Rekha Rao,PHH,8,40,10,30,kn,FPS-KA-KOL-0006
RC-KA-007807,Suresh Patil,PHH,4,20,20,0,kn,FPS-KA-KOL-0007
RC-KA-007808,Rahul Sharma,PHH,5,25,25,0,hi,FPS-KA-KOL-0008
RC-KA-007809,Aditi Nayak,PHH,7,35,10,25,kn,FPS-KA-KOL-0009
RC-KA-007810,Kiran Patil,PHH,7,35,30,5,kn,FPS-KA-KOL-0010
RC-KA-007811,Deepa Gowda,PHH,5,25,20,5,kn,FPS-KA-KOL-0011
RC-KA-007812,Vijay Naik,PHH,3,15,5,10,kn,FPS-KA-KOL-0012
RC-KA-007813,Sanjay Naik,PHH,4,20,10,10,kn,FPS-KA-KOL-0013
RC-KA-007814,Ravi Naik,PHH,2,10,0,10,en,FPS-KA-KOL-0014
RC-KA-007815,Divya Shetty,PHH,7,35,25,10,kn,FPS-KA-KOL-0015
RC-KA-007816,Sanjay Reddy,PHH,2,10,0,10,en,FPS-KA-KOL-0016
RC-KA-007817,Meena Rao,PHH,8,40,40,0,kn,FPS-KA-KOL-0017
RC-KA-007818,Sanjay Reddy,PHH,1,5,5,0,kn,FPS-KA-KOL-0018
RC-KA-007819,Naveen Gowda,PHH,7,35,20,15,kn,FPS-KA-KOL-0019
RC-KA-007820,Harish Sharma,PHH,2,10,10,0,kn,FPS-KA-KOL-0020
RC-KA-007821,Sneha Joshi,PHH,6,30,10,20,hi,FPS-KA-KOP-0001
RC-KA-007822,Bhavana Gowda,PHH,6,30,20,10,en,FPS-KA-KOP-0002
RC-KA-007823,Chetan Nayak,PHH,4,20,15,5,kn,FPS-KA-KOP-0003
RC-KA-007824,Lakshmi Reddy,PHH,2,10,0,10,hi,FPS-KA-KOP-0004
RC-KA-007825,Bhavana Desai,PHH,7,35,25,10,kn,FPS-KA-KOP-0005
RC-KA-007826,Meena Desai,PHH,7,35,35,0,kn,FPS-KA-KOP-0006
RC-KA-007827,Kavya Rao,PHH,8,40,25,15,kn,FPS-KA-KOP-0007
RC-KA-007828,Shalini Naik,PHH,7,35,5,30,kn,FPS-KA-KOP-0008
RC-KA-007829,Priya Gowda,PHH,2,10,5,5,kn,FPS-KA-KOP-0009
RC-KA-007830,Pooja Patil,PHH,6,30,5,25,hi,FPS-KA-KOP-0010
RC-KA-007831,Meena Kumar,PHH,5,25,5,20,kn,FPS-KA-KOP-0011
RC-KA-007832,Priya Patil,PHH,3,15,5,10,kn,FPS-KA-KOP-0012
RC-KA-007833,Suresh Patil,PHH,8,40,30,10,kn,FPS-KA-KOP-0013
RC-KA-007834,Deepa Sharma,PHH,1,5,0,5,kn,FPS-KA-KOP-0014
RC-KA-007835,Aarav Naik,PHH,2,10,5,5,kn,FPS-KA-KOP-0015
RC-KA-007836,Lakshmi Naik,PHH,5,25,5,20,hi,FPS-KA-KOP-0016
RC-KA-007837,Divya Sharma,PHH,8,40,10,30,hi,FPS-KA-KOP-0017
RC-KA-007838,Sanjay Joshi,PHH,1,5,0,5,kn,FPS-KA-KOP-0018
RC-KA-007839,Kiran Rao,PHH,7,35,5,30,hi,FPS-KA-KOP-0019
RC-KA-007840,Aarav Naik,PHH,5,25,15,10,hi,FPS-KA-KOP-0020
RC-KA-007841,Meena Reddy,PHH,2,10,5,5,en,FPS-KA-MAN-0001
RC-KA-007842,Prakash Kulkarni,PHH,1,5,5,0,kn,FPS-KA-MAN-0002
RC-KA-007843,Bhavana Patil,PHH,8,40,15,25,kn,FPS-KA-MAN-0003
RC-KA-007844,Bhavana Rao,PHH,7,35,5,30,kn,FPS-KA-MAN-0004
RC-KA-007845,Ganesh Reddy,PHH,4,20,15,5,kn,FPS-KA-MAN-0005
RC-KA-007846,Shankar Kulkarni,PHH,3,15,0,15,kn,FPS-KA-MAN-0006
RC-KA-007847,Vijay Hegde,PHH,8,40,10,30,en,FPS-KA-MAN-0007
RC-KA-007848,Shalini Poojary,PHH,8,40,5,35,kn,FPS-KA-MAN-0008
RC-KA-007849,Manoj Sharma,PHH,6,30,10,20,en,FPS-KA-MAN-0009
RC-KA-007850,Meena Desai,PHH,4,20,5,15,hi,FPS-KA-MAN-0010
RC-KA-007851,Harish Naik,PHH,1,5,0,5,kn,FPS-KA-MAN-0011
RC-KA-007852,Chetan Poojary,PHH,2,10,5,5,kn,FPS-KA-MAN-0012
RC-KA-007853,Prakash Kulkarni,PHH,3,15,15,0,kn,FPS-KA-MAN-0013
RC-KA-007854,Rekha Joshi,PHH,6,30,15,15,kn,FPS-KA-MAN-0014
RC-KA-007855,Shalini Joshi,PHH,7,35,5,30,kn,FPS-KA-MAN-0015
RC-KA-007856,Chetan Hegde,PHH,6,30,25,5,kn,FPS-KA-MAN-0016
RC-KA-007857,Sneha Nayak,PHH,7,35,35,0,en,FPS-KA-MAN-0017
RC-KA-007858,Vijay Reddy,PHH,5,25,5,20,en,FPS-KA-MAN-0018
RC-KA-007859,Meena Patil,PHH,7,35,20,15,kn,FPS-KA-MAN-0019
RC-KA-007860,Meena Kulkarni,PHH,3,15,15,0,kn,FPS-KA-MAN-0020
RC-KA-007861,Shalini Kumar,PHH,8,40,30,10,en,FPS-KA-MYS-0001
RC-KA-007862,Suresh Rao,PHH,6,30,20,10,kn,FPS-KA-MYS-0002
RC-KA-007863,Manoj Poojary,PHH,5,25,25,0,kn,FPS-KA-MYS-0003
RC-KA-007864,Sneha Sharma,PHH,7,35,30,5,kn,FPS-KA-MYS-0004
RC-KA-007865,Kavya Hegde,PHH,5,25,15,10,hi,FPS-KA-MYS-0005
RC-KA-007866,Vijay Naik,PHH,4,20,10,10,en,FPS-KA-MYS-0006
RC-KA-007867,Rahul Shetty,PHH,6,30,25,5,kn,FPS-KA-MYS-0007
RC-KA-007868,Deepa Desai,PHH,5,25,0,25,hi,FPS-KA-MYS-0008
RC-KA-007869,Aarav Joshi,PHH,8,40,10,30,kn,FPS-KA-MYS-0009
RC-KA-007870,Naveen Sharma,PHH,5,25,25,0,hi,FPS-KA-MYS-0010
RC-KA-007871,Rahul Sharma,PHH,7,35,25,10,en,FPS-KA-MYS-0011
RC-KA-007872,Deepa Desai,PHH,5,25,10,15,en,FPS-KA-MYS-0012
RC-KA-007873,Aditi Rao,PHH,6,30,10,20,kn,FPS-KA-MYS-0013
RC-KA-007874,Deepa Joshi,PHH,8,40,40,0,kn,FPS-KA-MYS-0014
RC-KA-007875,Kavya Nayak,PHH,4,20,5,15,hi,FPS-KA-MYS-0015
RC-KA-007876,Priya Gowda,PHH,7,35,15,20,kn,FPS-KA-MYS-0016
RC-KA-007877,Ganesh Bhat,PHH,4,20,15,5,kn,FPS-KA-MYS-0017
RC-KA-007878,Aarav Desai,PHH,1,5,5,0,hi,FPS-KA-MYS-0018
RC-KA-007879,Shankar Nayak,PHH,4,20,15,5,kn,FPS-KA-MYS-0019
RC-KA-007880,Sanjay Nayak,PHH,5,25,0,25,kn,FPS-KA-MYS-0020
RC-KA-007881,Rekha Naik,PHH,7,35,15,20,kn,FPS-KA-RAI-0001
RC-KA-007882,Shankar Bhat,PHH,1,5,5,0,kn,FPS-KA-RAI-0002
RC-KA-007883,Deepa Kumar,PHH,3,15,15,0,kn,FPS-KA-RAI-0003
RC-KA-007884,Swathi Naik,PHH,8,40,30,10,kn,FPS-KA-RAI-0004
RC-KA-007885,Lakshmi Naik,PHH,7,35,35,0,kn,FPS-KA-RAI-0005
RC-KA-007886,Deepa Reddy,PHH,7,35,30,5,hi,FPS-KA-RAI-0006
RC-KA-007887,Shankar Sharma,PHH,3,15,15,0,kn,FPS-KA-RAI-0007
RC-KA-007888,Priya Shetty,PHH,8,40,20,20,kn,FPS-KA-RAI-0008
RC-KA-007889,Akash Patil,PHH,1,5,5,0,hi,FPS-KA-RAI-0009
RC-KA-007890,Meena Kulkarni,PHH,2,10,0,10,kn,FPS-KA-RAI-0010
RC-KA-007891,Ananya Poojary,PHH,1,5,5,0,hi,FPS-KA-RAI-0011
RC-KA-007892,Naveen Naik,PHH,6,30,0,30,kn,FPS-KA-RAI-0012
RC-KA-007893,Meena Reddy,PHH,8,40,35,5,kn,FPS-KA-RAI-0013
RC-KA-007894,Aarav Kulkarni,PHH,4,20,5,15,en,FPS-KA-RAI-0014
RC-KA-007895,Swathi Hegde,PHH,2,10,5,5,kn,FPS-KA-RAI-0015
RC-KA-007896,Meena Joshi,PHH,8,40,25,15,kn,FPS-KA-RAI-0016
RC-KA-007897,Shankar Nayak,PHH,4,20,10,10,kn,FPS-KA-RAI-0017
RC-KA-007898,Rahul Poojary,PHH,6,30,25,5,hi,FPS-KA-RAI-0018
RC-KA-007899,Shalini Desai,PHH,3,15,15,0,kn,FPS-KA-RAI-0019
RC-KA-007900,Meena Hegde,PHH,1,5,5,0,en,FPS-KA-RAI-0020
RC-KA-007901,Akash Poojary,PHH,7,35,35,0,kn,FPS-KA-RAM-0001
RC-KA-007902,Deepa Nayak,PHH,2,10,0,10,kn,FPS-KA-RAM-0002
RC-KA-007903,Prakash Gowda,PHH,7,35,5,30,en,FPS-KA-RAM-0003
RC-KA-007904,Divya Hegde,PHH,3,15,5,10,kn,FPS-KA-RAM-0004
RC-KA-007905,Sanjay Reddy,PHH,5,25,25,0,kn,FPS-KA-RAM-0005
RC-KA-007906,Naveen Desai,PHH,4,20,15,5,kn,FPS-KA-RAM-0006
RC-KA-007907,Naveen Rao,PHH,1,5,5,0,en,FPS-KA-RAM-0007
RC-KA-007908,Shalini Patil,PHH,1,5,5,0,kn,FPS-KA-RAM-0008
RC-KA-007909,Aarav Kumar,PHH,7,35,25,10,kn,FPS-KA-RAM-0009
RC-KA-007910,Aditi Desai,PHH,7,35,20,15,kn,FPS-KA-RAM-0010
RC-KA-007911,Ganesh Desai,PHH,4,20,20,0,kn,FPS-KA-RAM-0011
RC-KA-007912,Shankar Patil,PHH,5,25,20,5,en,FPS-KA-RAM-0012
RC-KA-007913,Shalini Hegde,PHH,4,20,10,10,kn,FPS-KA-RAM-0013
RC-KA-007914,Suresh Hegde,PHH,8,40,15,25,kn,FPS-KA-RAM-0014
RC-KA-007915,Suresh Naik,PHH,5,25,25,0,kn,FPS-KA-RAM-0015
RC-KA-007916,Bhavana Joshi,PHH,5,25,20,5,kn,FPS-KA-RAM-0016
RC-KA-007917,Suresh Desai,PHH,1,5,0,5,kn,FPS-KA-RAM-0017
RC-KA-007918,Divya Reddy,PHH,4,20,15,5,hi,FPS-KA-RAM-0018
RC-KA-007919,Naveen Hegde,PHH,2,10,5,5,kn,FPS-KA-RAM-0019
RC-KA-007920,Swathi Patil,PHH,5,25,10,15,en,FPS-KA-RAM-0020
RC-KA-007921,Aarav Reddy,PHH,6,30,25,5,kn,FPS-KA-SHI-0001
RC-KA-007922,Swathi Hegde,PHH,3,15,0,15,kn,FPS-KA-SHI-0002
RC-KA-007923,Sneha Hegde,PHH,7,35,0,35,hi,FPS-KA-SHI-0003
RC-KA-007924,Shalini Patil,PHH,3,15,15,0,kn,FPS-KA-SHI-0004
RC-KA-007925,Chetan Kumar,PHH,2,10,10,0,kn,FPS-KA-SHI-0005
RC-KA-007926,Priya Poojary,PHH,1,5,0,5,kn,FPS-KA-SHI-0006
RC-KA-007927,Aarav Sharma,PHH,7,35,30,5,kn,FPS-KA-SHI-0007
RC-KA-007928,Kiran Hegde,PHH,3,15,5,10,kn,FPS-KA-SHI-0008
RC-KA-007929,Aarav Desai,PHH,5,25,0,25,en,FPS-KA-SHI-0009
RC-KA-007930,Shankar Kumar,PHH,2,10,5,5,kn,FPS-KA-SHI-0010
RC-KA-007931,Chetan Nayak,PHH,1,5,0,5,kn,FPS-KA-SHI-0011
RC-KA-007932,Suresh Poojary,PHH,3,15,0,15,kn,FPS-KA-SHI-0012
RC-KA-007933,Vijay Hegde,PHH,6,30,5,25,kn,FPS-KA-SHI-0013
RC-KA-007934,Chetan Gowda,PHH,1,5,0,5,kn,FPS-KA-SHI-0014
RC-KA-007935,Rekha Kumar,PHH,3,15,0,15,hi,FPS-KA-SHI-0015
RC-KA-007936,Aditi Naik,PHH,7,35,10,25,hi,FPS-KA-SHI-0016
RC-KA-007937,Deepa Nayak,PHH,2,10,10,0,kn,FPS-KA-SHI-0017
RC-KA-007938,Ganesh Bhat,PHH,1,5,5,0,kn,FPS-KA-SHI-0018
RC-KA-007939,Kavya Desai,PHH,8,40,15,25,en,FPS-KA-SHI-0019
RC-KA-007940,Prakash Rao,PHH,8,40,35,5,en,FPS-KA-SHI-0020
RC-KA-007941,Harish Poojary,PHH,3,15,10,5,hi,FPS-KA-TUM-0001
RC-KA-007942,Ananya Hegde,PHH,6,30,5,25,kn,FPS-KA-TUM-0002
RC-KA-007943,Arjun Kumar,PHH,2,10,10,0,kn,FPS-KA-TUM-0003
RC-KA-007944,Lakshmi Nayak,PHH,4,20,20,0,en,FPS-KA-TUM-0004
RC-KA-007945,Suresh Gowda,PHH,5,25,5,20,kn,FPS-KA-TUM-0005
RC-KA-007946,Kavya Poojary,PHH,6,30,5,25,en,FPS-KA-TUM-0006
RC-KA-007947,Shankar Joshi,PHH,8,40,30,10,hi,FPS-KA-TUM-0007
RC-KA-007948,Prakash Patil,PHH,2,10,5,5,en,FPS-KA-TUM-0008
RC-KA-007949,Ananya Sharma,PHH,4,20,0,20,en,FPS-KA-TUM-0009
RC-KA-007950,Divya Bhat,PHH,7,35,25,10,hi,FPS-KA-TUM-0010
RC-KA-007951,Shankar Hegde,PHH,8,40,30,10,kn,FPS-KA-TUM-0011
RC-KA-007952,Ganesh Sharma,PHH,1,5,5,0,kn,FPS-KA-TUM-0012
RC-KA-007953,Sanjay Patil,PHH,2,10,10,0,hi,FPS-KA-TUM-0013
RC-KA-007954,Rekha Naik,PHH,3,15,10,5,kn,FPS-KA-TUM-0014
RC-KA-007955,Aarav Desai,PHH,1,5,0,5,en,FPS-KA-TUM-0015
RC-KA-007956,Kavya Sharma,PHH,7,35,25,10,kn,FPS-KA-TUM-0016
RC-KA-007957,Naveen Joshi,PHH,4,20,10,10,en,FPS-KA-TUM-0017
RC-KA-007958,Rekha Shetty,PHH,2,10,0,10,kn,FPS-KA-TUM-0018
RC-KA-007959,Harish Naik,PHH,3,15,15,0,kn,FPS-KA-TUM-0019
RC-KA-007960,Vijay Desai,PHH,8,40,35,5,kn,FPS-KA-TUM-0020
RC-KA-007961,Bhavana Hegde,PHH,5,25,10,15,kn,FPS-KA-UDP-0001
RC-KA-007962,Chetan Joshi,PHH,5,25,25,0,kn,FPS-KA-UDP-0002
RC-KA-007963,Sanjay Sharma,PHH,8,40,10,30,en,FPS-KA-UDP-0003
RC-KA-007964,Priya Patil,PHH,4,20,15,5,kn,FPS-KA-UDP-0004
RC-KA-007965,Ganesh Kumar,PHH,1,5,5,0,kn,FPS-KA-UDP-0005
RC-KA-007966,Ganesh Joshi,PHH,6,30,10,20,kn,FPS-KA-UDP-0006
RC-KA-007967,Lakshmi Desai,PHH,5,25,20,5,kn,FPS-KA-UDP-0007
RC-KA-007968,Ananya Kulkarni,PHH,5,25,25,0,hi,FPS-KA-UDP-0008
RC-KA-007969,Prakash Hegde,PHH,7,35,10,25,kn,FPS-KA-UDP-0009
RC-KA-007970,Harish Hegde,PHH,7,35,35,0,kn,FPS-KA-UDP-0010
RC-KA-007971,Vijay Shetty,PHH,4,20,10,10,en,FPS-KA-UDP-0011
RC-KA-007972,Priya Bhat,PHH,8,40,30,10,kn,FPS-KA-UDP-0012
RC-KA-007973,Shankar Shetty,PHH,1,5,5,0,kn,FPS-KA-UDP-0013
RC-KA-007974,Meena Kulkarni,PHH,3,15,15,0,kn,FPS-KA-UDP-0014
RC-KA-007975,Ganesh Kumar,PHH,6,30,5,25,hi,FPS-KA-UDP-0015
RC-KA-007976,Chetan Naik,PHH,6,30,0,30,kn,FPS-KA-UDP-0016
RC-KA-007977,Rahul Kumar,PHH,2,10,5,5,en,FPS-KA-UDP-0017
RC-KA-007978,Kavya Hegde,PHH,1,5,0,5,kn,FPS-KA-UDP-0018
RC-KA-007979,Priya Hegde,PHH,4,20,10,10,kn,FPS-KA-UDP-0019
RC-KA-007980,Ananya Kulkarni,PHH,6,30,15,15,hi,FPS-KA-UDP-0020
RC-KA-007981,Vijay Poojary,PHH,4,20,5,15,kn,FPS-KA-UK-0001
RC-KA-007982,Aditi Joshi,PHH,8,40,30,10,kn,FPS-KA-UK-0002
RC-KA-007983,Shankar Bhat,PHH,6,30,30,0,kn,FPS-KA-UK-0003
RC-KA-007984,Shalini Bhat,PHH,2,10,0,10,kn,FPS-KA-UK-0004
RC-KA-007985,Meena Gowda,PHH,1,5,5,0,kn,FPS-KA-UK-0005
RC-KA-007986,Pooja Hegde,PHH,6,30,10,20,kn,FPS-KA-UK-0006
RC-KA-007987,Prakash Desai,PHH,3,15,0,15,kn,FPS-KA-UK-0007
RC-KA-007988,Kiran Nayak,PHH,4,20,5,15,kn,FPS-KA-UK-0008
RC-KA-007989,Ravi Poojary,PHH,1,5,0,5,en,FPS-KA-UK-0009
RC-KA-007990,Swathi Joshi,PHH,7,35,0,35,kn,FPS-KA-UK-0010
RC-KA-007991,Akash Patil,PHH,6,30,25,5,kn,FPS-KA-UK-0011
RC-KA-007992,Pooja Reddy,PHH,6,30,10,20,hi,FPS-KA-UK-0012
RC-KA-007993,Sneha Reddy,PHH,2,10,0,10,kn,FPS-KA-UK-0013
RC-KA-007994,Ganesh Patil,PHH,3,15,0,15,kn,FPS-KA-UK-0014
RC-KA-007995,Sanjay Reddy,PHH,1,5,0,5,kn,FPS-KA-UK-0015
RC-KA-007996,Meena Sharma,PHH,4,20,20,0,kn,FPS-KA-UK-0016
RC-KA-007997,Ravi Poojary,PHH,1,5,0,5,en,FPS-KA-UK-0017
RC-KA-007998,Manoj Joshi,PHH,4,20,20,0,kn,FPS-KA-UK-0018
RC-KA-007999,Priya Reddy,PHH,3,15,0,15,kn,FPS-KA-UK-0019
RC-KA-008000,Manoj Joshi,PHH,5,25,10,15,en,FPS-KA-UK-0020
RC-KA-008001,Lakshmi Kulkarni,PHH,2,10,5,5,hi,FPS-KA-VIJ-0001
RC-KA-008002,Shankar Shetty,PHH,4,20,10,10,en,FPS-KA-VIJ-0002
RC-KA-008003,Rekha Gowda,PHH,1,5,0,5,kn,FPS-KA-VIJ-0003
RC-KA-008004,Shalini Kulkarni,PHH,3,15,10,5,kn,FPS-KA-VIJ-0004
RC-KA-008005,Arjun Bhat,PHH,7,35,20,15,kn,FPS-KA-VIJ-0005
RC-KA-008006,Aarav Naik,PHH,7,35,20,15,kn,FPS-KA-VIJ-0006
RC-KA-008007,Ravi Rao,PHH,8,40,40,0,kn,FPS-KA-VIJ-0007
RC-KA-008008,Lakshmi Kulkarni,PHH,3,15,15,0,kn,FPS-KA-VIJ-0008
RC-KA-008009,Rahul Hegde,PHH,4,20,15,5,kn,FPS-KA-VIJ-0009
RC-KA-008010,Meena Desai,PHH,2,10,10,0,kn,FPS-KA-VIJ-0010
RC-KA-008011,Bhavana Naik,PHH,5,25,10,15,kn,FPS-KA-VIJ-0011
RC-KA-008012,Ganesh Nayak,PHH,7,35,35,0,kn,FPS-KA-VIJ-0012
RC-KA-008013,Chetan Rao,PHH,5,25,15,10,hi,FPS-KA-VIJ-0013
RC-KA-008014,Harish Hegde,PHH,6,30,5,25,kn,FPS-KA-VIJ-0014
RC-KA-008015,Arjun Reddy,PHH,7,35,30,5,kn,FPS-KA-VIJ-0015
RC-KA-008016,Rahul Kulkarni,PHH,5,25,0,25,en,FPS-KA-VIJ-0016
RC-KA-008017,Prakash Kulkarni,PHH,1,5,5,0,kn,FPS-KA-VIJ-0017
RC-KA-008018,Shankar Joshi,PHH,7,35,30,5,kn,FPS-KA-VIJ-0018
RC-KA-008019,Pooja Shetty,PHH,2,10,0,10,kn,FPS-KA-VIJ-0019
RC-KA-008020,Shalini Poojary,PHH,3,15,5,10,kn,FPS-KA-VIJ-0020
RC-KA-008021,Meena Shetty,PHH,3,15,10,5,kn,FPS-KA-VIG-0001
RC-KA-008022,Chetan Reddy,PHH,3,15,0,15,kn,FPS-KA-VIG-0002
RC-KA-008023,Aditi Kulkarni,PHH,8,40,40,0,hi,FPS-KA-VIG-0003
RC-KA-008024,Meena Nayak,PHH,2,10,0,10,kn,FPS-KA-VIG-0004
RC-KA-008025,Naveen Hegde,PHH,5,25,25,0,en,FPS-KA-VIG-0005
RC-KA-008026,Vijay Naik,PHH,8,40,40,0,kn,FPS-KA-VIG-0006
RC-KA-008027,Ravi Rao,PHH,6,30,10,20,kn,FPS-KA-VIG-0007
RC-KA-008028,Ravi Kulkarni,PHH,6,30,25,5,hi,FPS-KA-VIG-0008
RC-KA-008029,Naveen Kulkarni,PHH,6,30,30,0,hi,FPS-KA-VIG-0009
RC-KA-008030,Harish Gowda,PHH,1,5,0,5,en,FPS-KA-VIG-0010
RC-KA-008031,Meena Poojary,PHH,3,15,15,0,kn,FPS-KA-VIG-0011
RC-KA-008032,Priya Naik,PHH,7,35,20,15,kn,FPS-KA-VIG-0012
RC-KA-008033,Bhavana Desai,PHH,4,20,15,5,en,FPS-KA-VIG-0013
RC-KA-008034,Divya Kulkarni,PHH,1,5,5,0,kn,FPS-KA-VIG-0014
RC-KA-008035,Shankar Naik,PHH,6,30,5,25,en,FPS-KA-VIG-0015
RC-KA-008036,Arjun Gowda,PHH,3,15,0,15,kn,FPS-KA-VIG-0016
RC-KA-008037,Rekha Gowda,PHH,7,35,35,0,kn,FPS-KA-VIG-0017
RC-KA-008038,Harish Gowda,PHH,6,30,5,25,kn,FPS-KA-VIG-0018
RC-KA-008039,Kavya Poojary,PHH,2,10,10,0,en,FPS-KA-VIG-0019
RC-KA-008040,Rahul Gowda,PHH,1,5,5,0,kn,FPS-KA-VIG-0020
RC-KA-008041,Suresh Joshi,PHH,4,20,5,15,kn,FPS-KA-YAD-0001
RC-KA-008042,Rahul Naik,PHH,6,30,0,30,kn,FPS-KA-YAD-0002
RC-KA-008043,Rekha Sharma,PHH,4,20,5,15,hi,FPS-KA-YAD-0003
RC-KA-008044,Chetan Shetty,PHH,8,40,30,10,kn,FPS-KA-YAD-0004
RC-KA-008045,Arjun Reddy,PHH,8,40,0,40,hi,FPS-KA-YAD-0005
RC-KA-008046,Kiran Patil,PHH,4,20,20,0,kn,FPS-KA-YAD-0006
RC-KA-008047,Aditi Patil,PHH,2,10,10,0,hi,FPS-KA-YAD-0007
RC-KA-008048,Akash Joshi,PHH,6,30,5,25,kn,FPS-KA-YAD-0008
RC-KA-008049,Sneha Poojary,PHH,5,25,10,15,kn,FPS-KA-YAD-0009
RC-KA-008050,Lakshmi Hegde,PHH,5,25,20,5,hi,FPS-KA-YAD-0010
RC-KA-008051,Meena Patil,PHH,1,5,5,0,hi,FPS-KA-YAD-0011
RC-KA-008052,Lakshmi Gowda,PHH,3,15,10,5,kn,FPS-KA-YAD-0012
RC-KA-008053,Swathi Joshi,PHH,2,10,5,5,kn,FPS-KA-YAD-0013
RC-KA-008054,Suresh Patil,PHH,4,20,0,20,kn,FPS-KA-YAD-0014
RC-KA-008055,Sanjay Bhat,PHH,8,40,35,5,hi,FPS-KA-YAD-0015
RC-KA-008056,Lakshmi Gowda,PHH,6,30,0,30,kn,FPS-KA-YAD-0016
RC-KA-008057,Arjun Gowda,PHH,1,5,0,5,en,FPS-KA-YAD-0017
RC-KA-008058,Shankar Nayak,PHH,7,35,35,0,kn,FPS-KA-YAD-0018
RC-KA-008059,Manoj Reddy,PHH,4,20,15,5,kn,FPS-KA-YAD-0019
RC-KA-008060,Akash Sharma,PHH,3,15,0,15,kn,FPS-KA-YAD-0020
RC-KA-008061,Shankar Gowda,PHH,3,15,15,0,kn,FPS-KA-BAG-0001
RC-KA-008062,Kavya Kulkarni,PHH,3,15,15,0,kn,FPS-KA-BAG-0002
RC-KA-008063,Kiran Gowda,PHH,1,5,0,5,kn,FPS-KA-BAG-0003
RC-KA-008064,Aarav Kulkarni,PHH,7,35,25,10,kn,FPS-KA-BAG-0004
RC-KA-008065,Harish Hegde,PHH,3,15,10,5,kn,FPS-KA-BAG-0005
RC-KA-008066,Arjun Nayak,PHH,3,15,15,0,kn,FPS-KA-BAG-0006
RC-KA-008067,Swathi Desai,PHH,1,5,0,5,kn,FPS-KA-BAG-0007
RC-KA-008068,Harish Gowda,PHH,1,5,0,5,kn,FPS-KA-BAG-0008
RC-KA-008069,Kavya Nayak,PHH,1,5,0,5,en,FPS-KA-BAG-0009
RC-KA-008070,Prakash Patil,PHH,7,35,35,0,kn,FPS-KA-BAG-0010
RC-KA-008071,Shalini Gowda,PHH,6,30,15,15,en,FPS-KA-BAG-0011
RC-KA-008072,Akash Kumar,PHH,3,15,0,15,kn,FPS-KA-BAG-0012
RC-KA-008073,Priya Reddy,PHH,7,35,35,0,en,FPS-KA-BAG-0013
RC-KA-008074,Shankar Reddy,PHH,3,15,5,10,kn,FPS-KA-BAG-0014
RC-KA-008075,Suresh Hegde,PHH,4,20,5,15,kn,FPS-KA-BAG-0015
RC-KA-008076,Prakash Bhat,PHH,5,25,20,5,kn,FPS-KA-BAG-0016
RC-KA-008077,Lakshmi Hegde,PHH,6,30,0,30,en,FPS-KA-BAG-0017
RC-KA-008078,Prakash Naik,PHH,8,40,0,40,en,FPS-KA-BAG-0018
RC-KA-008079,Rekha Joshi,PHH,4,20,5,15,en,FPS-KA-BAG-0019
RC-KA-008080,Bhavana Kulkarni,PHH,4,20,0,20,kn,FPS-KA-BAG-0020
RC-KA-008081,Shankar Hegde,PHH,5,25,15,10,hi,FPS-KA-BAL-0001
RC-KA-008082,Aarav Shetty,PHH,6,30,25,5,kn,FPS-KA-BAL-0002
RC-KA-008083,Shalini Poojary,PHH,1,5,5,0,kn,FPS-KA-BAL-0003
RC-KA-008084,Pooja Joshi,PHH,2,10,5,5,hi,FPS-KA-BAL-0004
RC-KA-008085,Priya Reddy,PHH,1,5,5,0,kn,FPS-KA-BAL-0005
RC-KA-008086,Kavya Bhat,PHH,4,20,10,10,kn,FPS-KA-BAL-0006
RC-KA-008087,Chetan Rao,PHH,4,20,5,15,en,FPS-KA-BAL-0007
RC-KA-008088,Rekha Rao,PHH,4,20,0,20,kn,FPS-KA-BAL-0008
RC-KA-008089,Manoj Bhat,PHH,6,30,25,5,kn,FPS-KA-BAL-0009
RC-KA-008090,Pooja Nayak,PHH,1,5,0,5,kn,FPS-KA-BAL-0010
RC-KA-008091,Divya Reddy,PHH,5,25,0,25,kn,FPS-KA-BAL-0011
RC-KA-008092,Rahul Shetty,PHH,8,40,35,5,kn,FPS-KA-BAL-0012
RC-KA-008093,Sanjay Naik,PHH,2,10,5,5,kn,FPS-KA-BAL-0013
RC-KA-008094,Bhavana Hegde,PHH,8,40,0,40,kn,FPS-KA-BAL-0014
RC-KA-008095,Vijay Nayak,PHH,3,15,5,10,en,FPS-KA-BAL-0015
RC-KA-008096,Sneha Kumar,PHH,8,40,5,35,kn,FPS-KA-BAL-0016
RC-KA-008097,Manoj Kulkarni,PHH,6,30,15,15,kn,FPS-KA-BAL-0017
RC-KA-008098,Priya Gowda,PHH,8,40,25,15,kn,FPS-KA-BAL-0018
RC-KA-008099,Shalini Sharma,PHH,8,40,15,25,en,FPS-KA-BAL-0019
RC-KA-008100,Akash Patil,PHH,4,20,0,20,hi,FPS-KA-BAL-0020
RC-KA-008101,Sneha Sharma,PHH,6,30,25,5,kn,FPS-KA-BEL-0001
RC-KA-008102,Pooja Reddy,PHH,2,10,5,5,kn,FPS-KA-BEL-0002
RC-KA-008103,Chetan Nayak,PHH,4,20,0,20,kn,FPS-KA-BEL-0003
RC-KA-008104,Aarav Joshi,PHH,7,35,20,15,kn,FPS-KA-BEL-0004
RC-KA-008105,Kiran Hegde,PHH,5,25,25,0,kn,FPS-KA-BEL-0005
RC-KA-008106,Sanjay Hegde,PHH,5,25,10,15,hi,FPS-KA-BEL-0006
RC-KA-008107,Ravi Desai,PHH,4,20,10,10,kn,FPS-KA-BEL-0007
RC-KA-008108,Divya Kulkarni,PHH,7,35,25,10,kn,FPS-KA-BEL-0008
RC-KA-008109,Swathi Poojary,PHH,3,15,0,15,kn,FPS-KA-BEL-0009
RC-KA-008110,Sanjay Shetty,PHH,6,30,15,15,kn,FPS-KA-BEL-0010
RC-KA-008111,Sneha Shetty,PHH,8,40,5,35,kn,FPS-KA-BEL-0011
RC-KA-008112,Vijay Kumar,PHH,7,35,0,35,hi,FPS-KA-BEL-0012
RC-KA-008113,Lakshmi Joshi,PHH,7,35,5,30,kn,FPS-KA-BEL-0013
RC-KA-008114,Priya Nayak,PHH,1,5,0,5,kn,FPS-KA-BEL-0014
RC-KA-008115,Prakash Poojary,PHH,4,20,15,5,hi,FPS-KA-BEL-0015
RC-KA-008116,Prakash Patil,PHH,2,10,10,0,kn,FPS-KA-BEL-0016
RC-KA-008117,Aditi Kumar,PHH,2,10,10,0,kn,FPS-KA-BEL-0017
RC-KA-008118,Kiran Poojary,PHH,4,20,5,15,kn,FPS-KA-BEL-0018
RC-KA-008119,Suresh Rao,PHH,3,15,0,15,kn,FPS-KA-BEL-0019
RC-KA-008120,Suresh Desai,PHH,8,40,35,5,hi,FPS-KA-BEL-0020
RC-KA-008121,Prakash Desai,PHH,1,5,0,5,kn,FPS-KA-BLR-R-0001
RC-KA-008122,Swathi Gowda,PHH,3,15,15,0,kn,FPS-KA-BLR-R-0002
RC-KA-008123,Rahul Poojary,PHH,2,10,10,0,kn,FPS-KA-BLR-R-0003
RC-KA-008124,Meena Desai,PHH,7,35,20,15,kn,FPS-KA-BLR-R-0004
RC-KA-008125,Kavya Kulkarni,PHH,4,20,10,10,en,FPS-KA-BLR-R-0005
RC-KA-008126,Arjun Patil,PHH,2,10,10,0,hi,FPS-KA-BLR-R-0006
RC-KA-008127,Suresh Gowda,PHH,6,30,30,0,hi,FPS-KA-BLR-R-0007
RC-KA-008128,Suresh Nayak,PHH,4,20,10,10,kn,FPS-KA-BLR-R-0008
RC-KA-008129,Shankar Poojary,PHH,8,40,20,20,hi,FPS-KA-BLR-R-0009
RC-KA-008130,Meena Hegde,PHH,3,15,10,5,kn,FPS-KA-BLR-R-0010
RC-KA-008131,Divya Nayak,PHH,2,10,5,5,kn,FPS-KA-BLR-R-0011
RC-KA-008132,Pooja Gowda,PHH,7,35,35,0,kn,FPS-KA-BLR-R-0012
RC-KA-008133,Meena Naik,PHH,3,15,0,15,kn,FPS-KA-BLR-R-0013
RC-KA-008134,Priya Reddy,PHH,8,40,20,20,kn,FPS-KA-BLR-R-0014
RC-KA-008135,Vijay Sharma,PHH,6,30,30,0,en,FPS-KA-BLR-R-0015
RC-KA-008136,Chetan Joshi,PHH,6,30,25,5,kn,FPS-KA-BLR-R-0016
RC-KA-008137,Prakash Sharma,PHH,4,20,10,10,kn,FPS-KA-BLR-R-0017
RC-KA-008138,Arjun Rao,PHH,8,40,5,35,kn,FPS-KA-BLR-R-0018
RC-KA-008139,Aditi Bhat,PHH,1,5,0,5,kn,FPS-KA-BLR-R-0019
RC-KA-008140,Prakash Gowda,PHH,7,35,20,15,kn,FPS-KA-BLR-R-0020
RC-KA-008141,Ananya Sharma,PHH,3,15,15,0,hi,FPS-KA-BLR-U-0001
RC-KA-008142,Prakash Sharma,PHH,2,10,10,0,kn,FPS-KA-BLR-U-0002
RC-KA-008143,Ravi Patil,PHH,4,20,5,15,kn,FPS-KA-BLR-U-0003
RC-KA-008144,Pooja Desai,PHH,4,20,0,20,kn,FPS-KA-BLR-U-0004
RC-KA-008145,Kiran Joshi,PHH,4,20,0,20,kn,FPS-KA-BLR-U-0005
RC-KA-008146,Deepa Hegde,PHH,3,15,15,0,kn,FPS-KA-BLR-U-0006
RC-KA-008147,Bhavana Patil,PHH,6,30,5,25,kn,FPS-KA-BLR-U-0007
RC-KA-008148,Meena Naik,PHH,3,15,10,5,hi,FPS-KA-BLR-U-0008
RC-KA-008149,Bhavana Joshi,PHH,8,40,40,0,kn,FPS-KA-BLR-U-0009
RC-KA-008150,Ravi Sharma,PHH,3,15,15,0,kn,FPS-KA-BLR-U-0010
RC-KA-008151,Ananya Desai,PHH,4,20,10,10,hi,FPS-KA-BLR-U-0011
RC-KA-008152,Shankar Shetty,PHH,4,20,20,0,en,FPS-KA-BLR-U-0012
RC-KA-008153,Rahul Desai,PHH,3,15,5,10,kn,FPS-KA-BLR-U-0013
RC-KA-008154,Aarav Rao,PHH,7,35,25,10,en,FPS-KA-BLR-U-0014
RC-KA-008155,Ravi Bhat,PHH,4,20,20,0,kn,FPS-KA-BLR-U-0015
RC-KA-008156,Rahul Poojary,PHH,8,40,25,15,hi,FPS-KA-BLR-U-0016
RC-KA-008157,Meena Bhat,PHH,1,5,5,0,kn,FPS-KA-BLR-U-0017
RC-KA-008158,Prakash Gowda,PHH,8,40,35,5,hi,FPS-KA-BLR-U-0018
RC-KA-008159,Vijay Shetty,PHH,8,40,20,20,kn,FPS-KA-BLR-U-0019
RC-KA-008160,Harish Reddy,PHH,5,25,5,20,kn,FPS-KA-BLR-U-0020
RC-KA-008161,Rekha Gowda,PHH,6,30,5,25,kn,FPS-KA-BID-0001
RC-KA-008162,Kavya Patil,PHH,2,10,10,0,kn,FPS-KA-BID-0002
RC-KA-008163,Priya Naik,PHH,3,15,15,0,kn,FPS-KA-BID-0003
RC-KA-008164,Rekha Kumar,PHH,1,5,0,5,kn,FPS-KA-BID-0004
RC-KA-008165,Lakshmi Shetty,PHH,6,30,15,15,kn,FPS-KA-BID-0005
RC-KA-008166,Ananya Kulkarni,PHH,5,25,5,20,kn,FPS-KA-BID-0006
RC-KA-008167,Shankar Joshi,PHH,7,35,35,0,en,FPS-KA-BID-0007
RC-KA-008168,Prakash Rao,PHH,6,30,10,20,kn,FPS-KA-BID-0008
RC-KA-008169,Prakash Poojary,PHH,5,25,5,20,hi,FPS-KA-BID-0009
RC-KA-008170,Aditi Rao,PHH,5,25,10,15,hi,FPS-KA-BID-0010
RC-KA-008171,Suresh Desai,PHH,2,10,0,10,kn,FPS-KA-BID-0011
RC-KA-008172,Kavya Naik,PHH,8,40,20,20,kn,FPS-KA-BID-0012
RC-KA-008173,Aarav Gowda,PHH,3,15,0,15,en,FPS-KA-BID-0013
RC-KA-008174,Rahul Sharma,PHH,2,10,10,0,kn,FPS-KA-BID-0014
RC-KA-008175,Arjun Rao,PHH,7,35,5,30,kn,FPS-KA-BID-0015
RC-KA-008176,Harish Reddy,PHH,4,20,10,10,kn,FPS-KA-BID-0016
RC-KA-008177,Akash Gowda,PHH,5,25,20,5,en,FPS-KA-BID-0017
RC-KA-008178,Aditi Kumar,PHH,2,10,5,5,hi,FPS-KA-BID-0018
RC-KA-008179,Kiran Patil,PHH,4,20,10,10,kn,FPS-KA-BID-0019
RC-KA-008180,Vijay Nayak,PHH,2,10,5,5,kn,FPS-KA-BID-0020
RC-KA-008181,Sneha Hegde,PHH,3,15,15,0,kn,FPS-KA-CHA-0001
RC-KA-008182,Bhavana Patil,PHH,6,30,10,20,kn,FPS-KA-CHA-0002
RC-KA-008183,Harish Bhat,PHH,3,15,0,15,hi,FPS-KA-CHA-0003
RC-KA-008184,Rekha Shetty,PHH,5,25,15,10,kn,FPS-KA-CHA-0004
RC-KA-008185,Aarav Desai,PHH,3,15,5,10,kn,FPS-KA-CHA-0005
RC-KA-008186,Ganesh Reddy,PHH,2,10,5,5,kn,FPS-KA-CHA-0006
RC-KA-008187,Aditi Nayak,PHH,5,25,15,10,kn,FPS-KA-CHA-0007
RC-KA-008188,Meena Poojary,PHH,6,30,30,0,en,FPS-KA-CHA-0008
RC-KA-008189,Shankar Rao,PHH,1,5,0,5,kn,FPS-KA-CHA-0009
RC-KA-008190,Akash Patil,PHH,4,20,20,0,kn,FPS-KA-CHA-0010
RC-KA-008191,Chetan Hegde,PHH,8,40,25,15,kn,FPS-KA-CHA-0011
RC-KA-008192,Shalini Bhat,PHH,3,15,0,15,kn,FPS-KA-CHA-0012
RC-KA-008193,Vijay Shetty,PHH,2,10,10,0,kn,FPS-KA-CHA-0013
RC-KA-008194,Meena Hegde,PHH,3,15,10,5,kn,FPS-KA-CHA-0014
RC-KA-008195,Aditi Nayak,PHH,7,35,5,30,kn,FPS-KA-CHA-0015
RC-KA-008196,Sneha Gowda,PHH,6,30,15,15,kn,FPS-KA-CHA-0016
RC-KA-008197,Chetan Poojary,PHH,6,30,10,20,kn,FPS-KA-CHA-0017
RC-KA-008198,Sanjay Rao,PHH,4,20,15,5,kn,FPS-KA-CHA-0018
RC-KA-008199,Priya Rao,PHH,1,5,0,5,kn,FPS-KA-CHA-0019
RC-KA-008200,Rekha Rao,PHH,2,10,5,5,en,FPS-KA-CHA-0020
RC-KA-008201,Rahul Sharma,PHH,6,30,20,10,kn,FPS-KA-CHB-0001
RC-KA-008202,Meena Joshi,PHH,2,10,10,0,kn,FPS-KA-CHB-0002
RC-KA-008203,Bhavana Bhat,PHH,3,15,0,15,hi,FPS-KA-CHB-0003
RC-KA-008204,Akash Kumar,PHH,5,25,20,5,kn,FPS-KA-CHB-0004
RC-KA-008205,Rahul Naik,PHH,2,10,10,0,kn,FPS-KA-CHB-0005
RC-KA-008206,Ganesh Gowda,PHH,3,15,10,5,kn,FPS-KA-CHB-0006
RC-KA-008207,Chetan Kumar,PHH,5,25,0,25,hi,FPS-KA-CHB-0007
RC-KA-008208,Swathi Sharma,PHH,6,30,25,5,hi,FPS-KA-CHB-0008
RC-KA-008209,Suresh Shetty,PHH,4,20,20,0,kn,FPS-KA-CHB-0009
RC-KA-008210,Swathi Gowda,PHH,7,35,25,10,kn,FPS-KA-CHB-0010
RC-KA-008211,Ganesh Nayak,PHH,3,15,0,15,kn,FPS-KA-CHB-0011
RC-KA-008212,Swathi Joshi,PHH,1,5,0,5,kn,FPS-KA-CHB-0012
RC-KA-008213,Priya Joshi,PHH,5,25,25,0,kn,FPS-KA-CHB-0013
RC-KA-008214,Ganesh Joshi,PHH,7,35,30,5,kn,FPS-KA-CHB-0014
RC-KA-008215,Manoj Shetty,PHH,2,10,10,0,kn,FPS-KA-CHB-0015
RC-KA-008216,Manoj Nayak,PHH,2,10,0,10,kn,FPS-KA-CHB-0016
RC-KA-008217,Vijay Kulkarni,PHH,6,30,20,10,en,FPS-KA-CHB-0017
RC-KA-008218,Prakash Gowda,PHH,5,25,10,15,kn,FPS-KA-CHB-0018
RC-KA-008219,Sanjay Gowda,PHH,6,30,5,25,hi,FPS-KA-CHB-0019
RC-KA-008220,Aditi Joshi,PHH,1,5,0,5,kn,FPS-KA-CHB-0020
RC-KA-008221,Kavya Kulkarni,PHH,6,30,5,25,kn,FPS-KA-CHK-0001
RC-KA-008222,Pooja Naik,PHH,3,15,5,10,kn,FPS-KA-CHK-0002
RC-KA-008223,Sanjay Nayak,PHH,1,5,0,5,kn,FPS-KA-CHK-0003
RC-KA-008224,Kiran Desai,PHH,5,25,15,10,kn,FPS-KA-CHK-0004
RC-KA-008225,Shalini Shetty,PHH,2,10,10,0,kn,FPS-KA-CHK-0005
RC-KA-008226,Vijay Kumar,PHH,1,5,0,5,kn,FPS-KA-CHK-0006
RC-KA-008227,Lakshmi Desai,PHH,5,25,5,20,kn,FPS-KA-CHK-0007
RC-KA-008228,Aarav Naik,PHH,1,5,5,0,kn,FPS-KA-CHK-0008
RC-KA-008229,Rahul Nayak,PHH,3,15,5,10,kn,FPS-KA-CHK-0009
RC-KA-008230,Vijay Desai,PHH,8,40,30,10,hi,FPS-KA-CHK-0010
RC-KA-008231,Rekha Nayak,PHH,5,25,0,25,en,FPS-KA-CHK-0011
RC-KA-008232,Akash Patil,PHH,8,40,35,5,en,FPS-KA-CHK-0012
RC-KA-008233,Ganesh Kumar,PHH,8,40,25,15,kn,FPS-KA-CHK-0013
RC-KA-008234,Chetan Bhat,PHH,1,5,0,5,kn,FPS-KA-CHK-0014
RC-KA-008235,Aarav Bhat,PHH,1,5,5,0,en,FPS-KA-CHK-0015
RC-KA-008236,Manoj Rao,PHH,8,40,10,30,kn,FPS-KA-CHK-0016
RC-KA-008237,Lakshmi Hegde,PHH,3,15,10,5,kn,FPS-KA-CHK-0017
RC-KA-008238,Shankar Poojary,PHH,5,25,0,25,kn,FPS-KA-CHK-0018
RC-KA-008239,Suresh Kulkarni,PHH,4,20,20,0,kn,FPS-KA-CHK-0019
RC-KA-008240,Rekha Shetty,PHH,4,20,20,0,kn,FPS-KA-CHK-0020
RC-KA-008241,Shankar Joshi,PHH,4,20,20,0,kn,FPS-KA-CHI-0001
RC-KA-008242,Rahul Reddy,PHH,3,15,5,10,en,FPS-KA-CHI-0002
RC-KA-008243,Lakshmi Joshi,PHH,3,15,15,0,kn,FPS-KA-CHI-0003
RC-KA-008244,Sanjay Nayak,PHH,1,5,5,0,en,FPS-KA-CHI-0004
RC-KA-008245,Swathi Reddy,PHH,1,5,5,0,kn,FPS-KA-CHI-0005
RC-KA-008246,Deepa Gowda,PHH,6,30,15,15,hi,FPS-KA-CHI-0006
RC-KA-008247,Sneha Gowda,PHH,6,30,20,10,kn,FPS-KA-CHI-0007
RC-KA-008248,Rahul Reddy,PHH,7,35,10,25,kn,FPS-KA-CHI-0008
RC-KA-008249,Manoj Bhat,PHH,6,30,5,25,kn,FPS-KA-CHI-0009
RC-KA-008250,Meena Kumar,PHH,1,5,5,0,kn,FPS-KA-CHI-0010
RC-KA-008251,Aarav Bhat,PHH,1,5,5,0,kn,FPS-KA-CHI-0011
RC-KA-008252,Prakash Sharma,PHH,5,25,20,5,kn,FPS-KA-CHI-0012
RC-KA-008253,Manoj Kulkarni,PHH,7,35,15,20,hi,FPS-KA-CHI-0013
RC-KA-008254,Akash Reddy,PHH,7,35,30,5,kn,FPS-KA-CHI-0014
RC-KA-008255,Kavya Gowda,PHH,1,5,5,0,en,FPS-KA-CHI-0015
RC-KA-008256,Kavya Naik,PHH,5,25,20,5,kn,FPS-KA-CHI-0016
RC-KA-008257,Prakash Hegde,PHH,3,15,5,10,en,FPS-KA-CHI-0017
RC-KA-008258,Suresh Kumar,PHH,6,30,0,30,kn,FPS-KA-CHI-0018
RC-KA-008259,Priya Gowda,PHH,4,20,0,20,hi,FPS-KA-CHI-0019
RC-KA-008260,Lakshmi Reddy,PHH,6,30,10,20,kn,FPS-KA-CHI-0020
RC-KA-008261,Rekha Nayak,PHH,6,30,0,30,en,FPS-KA-DK-0001
RC-KA-008262,Meena Naik,PHH,2,10,0,10,kn,FPS-KA-DK-0002
RC-KA-008263,Suresh Rao,PHH,6,30,0,30,kn,FPS-KA-DK-0003
RC-KA-008264,Kavya Bhat,PHH,7,35,15,20,kn,FPS-KA-DK-0004
RC-KA-008265,Divya Gowda,PHH,1,5,5,0,hi,FPS-KA-DK-0005
RC-KA-008266,Vijay Nayak,PHH,8,40,15,25,kn,FPS-KA-DK-0006
RC-KA-008267,Arjun Kulkarni,PHH,3,15,5,10,kn,FPS-KA-DK-0007
RC-KA-008268,Manoj Kumar,PHH,8,40,40,0,hi,FPS-KA-DK-0008
RC-KA-008269,Sneha Poojary,PHH,1,5,0,5,en,FPS-KA-DK-0009
RC-KA-008270,Pooja Gowda,PHH,3,15,5,10,kn,FPS-KA-DK-0010
RC-KA-008271,Swathi Rao,PHH,3,15,0,15,kn,FPS-KA-DK-0011
RC-KA-008272,Ganesh Poojary,PHH,4,20,10,10,en,FPS-KA-DK-0012
RC-KA-008273,Sneha Gowda,PHH,8,40,25,15,en,FPS-KA-DK-0013
RC-KA-008274,Harish Sharma,PHH,2,10,0,10,kn,FPS-KA-DK-0014
RC-KA-008275,Meena Nayak,PHH,7,35,15,20,hi,FPS-KA-DK-0015
RC-KA-008276,Priya Kumar,PHH,4,20,0,20,kn,FPS-KA-DK-0016
RC-KA-008277,Ananya Nayak,PHH,4,20,5,15,en,FPS-KA-DK-0017
RC-KA-008278,Deepa Patil,PHH,1,5,5,0,kn,FPS-KA-DK-0018
RC-KA-008279,Prakash Nayak,PHH,7,35,25,10,hi,FPS-KA-DK-0019
RC-KA-008280,Aarav Reddy,PHH,5,25,25,0,hi,FPS-KA-DK-0020
RC-KA-008281,Deepa Bhat,PHH,2,10,10,0,hi,FPS-KA-DAV-0001
RC-KA-008282,Kavya Bhat,PHH,7,35,20,15,kn,FPS-KA-DAV-0002
RC-KA-008283,Aditi Shetty,PHH,2,10,10,0,kn,FPS-KA-DAV-0003
RC-KA-008284,Akash Bhat,PHH,2,10,10,0,kn,FPS-KA-DAV-0004
RC-KA-008285,Manoj Patil,PHH,5,25,0,25,kn,FPS-KA-DAV-0005
RC-KA-008286,Akash Kulkarni,PHH,3,15,10,5,en,FPS-KA-DAV-0006
RC-KA-008287,Shankar Poojary,PHH,8,40,40,0,kn,FPS-KA-DAV-0007
RC-KA-008288,Ganesh Sharma,PHH,4,20,5,15,hi,FPS-KA-DAV-0008
RC-KA-008289,Arjun Patil,PHH,8,40,0,40,kn,FPS-KA-DAV-0009
RC-KA-008290,Ravi Desai,PHH,5,25,5,20,kn,FPS-KA-DAV-0010
RC-KA-008291,Ganesh Naik,PHH,5,25,5,20,hi,FPS-KA-DAV-0011
RC-KA-008292,Kavya Gowda,PHH,3,15,0,15,kn,FPS-KA-DAV-0012
RC-KA-008293,Kiran Patil,PHH,1,5,0,5,kn,FPS-KA-DAV-0013
RC-KA-008294,Ananya Reddy,PHH,2,10,0,10,kn,FPS-KA-DAV-0014
RC-KA-008295,Harish Bhat,PHH,2,10,0,10,kn,FPS-KA-DAV-0015
RC-KA-008296,Sanjay Desai,PHH,8,40,20,20,kn,FPS-KA-DAV-0016
RC-KA-008297,Priya Hegde,PHH,3,15,5,10,kn,FPS-KA-DAV-0017
RC-KA-008298,Akash Desai,PHH,7,35,35,0,kn,FPS-KA-DAV-0018
RC-KA-008299,Shankar Rao,PHH,7,35,5,30,hi,FPS-KA-DAV-0019
RC-KA-008300,Sneha Desai,PHH,8,40,40,0,en,FPS-KA-DAV-0020
RC-KA-008301,Manoj Nayak,PHH,8,40,30,10,kn,FPS-KA-DHA-0001
RC-KA-008302,Naveen Desai,PHH,6,30,30,0,kn,FPS-KA-DHA-0002
RC-KA-008303,Chetan Sharma,PHH,8,40,5,35,kn,FPS-KA-DHA-0003
RC-KA-008304,Deepa Sharma,PHH,2,10,10,0,en,FPS-KA-DHA-0004
RC-KA-008305,Naveen Desai,PHH,8,40,10,30,kn,FPS-KA-DHA-0005
RC-KA-008306,Ananya Sharma,PHH,4,20,0,20,kn,FPS-KA-DHA-0006
RC-KA-008307,Naveen Kulkarni,PHH,5,25,10,15,kn,FPS-KA-DHA-0007
RC-KA-008308,Manoj Kumar,PHH,2,10,10,0,hi,FPS-KA-DHA-0008
RC-KA-008309,Pooja Nayak,PHH,4,20,10,10,kn,FPS-KA-DHA-0009
RC-KA-008310,Prakash Poojary,PHH,1,5,5,0,en,FPS-KA-DHA-0010
RC-KA-008311,Aditi Reddy,PHH,7,35,20,15,hi,FPS-KA-DHA-0011
RC-KA-008312,Shankar Hegde,PHH,2,10,5,5,en,FPS-KA-DHA-0012
RC-KA-008313,Prakash Gowda,PHH,6,30,20,10,kn,FPS-KA-DHA-0013
RC-KA-008314,Sanjay Shetty,PHH,6,30,5,25,kn,FPS-KA-DHA-0014
RC-KA-008315,Sneha Naik,PHH,1,5,5,0,en,FPS-KA-DHA-0015
RC-KA-008316,Manoj Gowda,PHH,4,20,5,15,kn,FPS-KA-DHA-0016
RC-KA-008317,Lakshmi Reddy,PHH,6,30,10,20,kn,FPS-KA-DHA-0017
RC-KA-008318,Manoj Patil,PHH,6,30,30,0,kn,FPS-KA-DHA-0018
RC-KA-008319,Rahul Gowda,PHH,3,15,0,15,hi,FPS-KA-DHA-0019
RC-KA-008320,Ravi Naik,PHH,6,30,5,25,kn,FPS-KA-DHA-0020
RC-KA-008321,Kavya Hegde,PHH,3,15,0,15,kn,FPS-KA-GAD-0001
RC-KA-008322,Deepa Poojary,PHH,6,30,25,5,kn,FPS-KA-GAD-0002
RC-KA-008323,Shalini Kumar,PHH,6,30,10,20,kn,FPS-KA-GAD-0003
RC-KA-008324,Vijay Joshi,PHH,1,5,5,0,hi,FPS-KA-GAD-0004
RC-KA-008325,Naveen Kumar,PHH,7,35,35,0,kn,FPS-KA-GAD-0005
RC-KA-008326,Shankar Gowda,PHH,3,15,5,10,en,FPS-KA-GAD-0006
RC-KA-008327,Arjun Poojary,PHH,1,5,0,5,kn,FPS-KA-GAD-0007
RC-KA-008328,Shalini Sharma,PHH,1,5,5,0,kn,FPS-KA-GAD-0008
RC-KA-008329,Akash Gowda,PHH,5,25,15,10,hi,FPS-KA-GAD-0009
RC-KA-008330,Rekha Desai,PHH,3,15,10,5,kn,FPS-KA-GAD-0010
RC-KA-008331,Rekha Patil,PHH,6,30,25,5,kn,FPS-KA-GAD-0011
RC-KA-008332,Aarav Bhat,PHH,5,25,0,25,en,FPS-KA-GAD-0012
RC-KA-008333,Meena Gowda,PHH,5,25,20,5,kn,FPS-KA-GAD-0013
RC-KA-008334,Arjun Kulkarni,PHH,7,35,20,15,en,FPS-KA-GAD-0014
RC-KA-008335,Meena Patil,PHH,3,15,10,5,kn,FPS-KA-GAD-0015
RC-KA-008336,Meena Gowda,PHH,5,25,20,5,kn,FPS-KA-GAD-0016
RC-KA-008337,Naveen Desai,PHH,2,10,0,10,en,FPS-KA-GAD-0017
RC-KA-008338,Bhavana Hegde,PHH,8,40,0,40,kn,FPS-KA-GAD-0018
RC-KA-008339,Ravi Naik,PHH,8,40,0,40,kn,FPS-KA-GAD-0019
RC-KA-008340,Arjun Naik,PHH,4,20,0,20,kn,FPS-KA-GAD-0020
RC-KA-008341,Prakash Sharma,PHH,7,35,30,5,hi,FPS-KA-HAS-0001
RC-KA-008342,Shankar Poojary,PHH,8,40,20,20,kn,FPS-KA-HAS-0002
RC-KA-008343,Aditi Naik,PHH,1,5,0,5,kn,FPS-KA-HAS-0003
RC-KA-008344,Shankar Desai,PHH,4,20,20,0,en,FPS-KA-HAS-0004
RC-KA-008345,Prakash Shetty,PHH,8,40,40,0,en,FPS-KA-HAS-0005
RC-KA-008346,Bhavana Naik,PHH,5,25,15,10,hi,FPS-KA-HAS-0006
RC-KA-008347,Naveen Gowda,PHH,8,40,0,40,kn,FPS-KA-HAS-0007
RC-KA-008348,Akash Joshi,PHH,2,10,10,0,kn,FPS-KA-HAS-0008
RC-KA-008349,Deepa Gowda,PHH,7,35,20,15,kn,FPS-KA-HAS-0009
RC-KA-008350,Sneha Hegde,PHH,5,25,10,15,kn,FPS-KA-HAS-0010
RC-KA-008351,Bhavana Desai,PHH,2,10,10,0,hi,FPS-KA-HAS-0011
RC-KA-008352,Sneha Desai,PHH,6,30,20,10,kn,FPS-KA-HAS-0012
RC-KA-008353,Deepa Nayak,PHH,1,5,0,5,kn,FPS-KA-HAS-0013
RC-KA-008354,Sneha Shetty,PHH,8,40,20,20,kn,FPS-KA-HAS-0014
RC-KA-008355,Meena Naik,PHH,6,30,15,15,hi,FPS-KA-HAS-0015
RC-KA-008356,Arjun Hegde,PHH,1,5,5,0,kn,FPS-KA-HAS-0016
RC-KA-008357,Chetan Gowda,PHH,2,10,10,0,kn,FPS-KA-HAS-0017
RC-KA-008358,Rahul Gowda,PHH,2,10,5,5,kn,FPS-KA-HAS-0018
RC-KA-008359,Swathi Patil,PHH,2,10,10,0,hi,FPS-KA-HAS-0019
RC-KA-008360,Meena Gowda,PHH,3,15,0,15,kn,FPS-KA-HAS-0020
RC-KA-008361,Chetan Patil,PHH,4,20,15,5,kn,FPS-KA-HAV-0001
RC-KA-008362,Bhavana Gowda,PHH,1,5,5,0,en,FPS-KA-HAV-0002
RC-KA-008363,Suresh Kulkarni,PHH,5,25,10,15,kn,FPS-KA-HAV-0003
RC-KA-008364,Kavya Kumar,PHH,8,40,15,25,hi,FPS-KA-HAV-0004
RC-KA-008365,Arjun Hegde,PHH,4,20,20,0,kn,FPS-KA-HAV-0005
RC-KA-008366,Lakshmi Gowda,PHH,7,35,5,30,kn,FPS-KA-HAV-0006
RC-KA-008367,Prakash Bhat,PHH,6,30,25,5,hi,FPS-KA-HAV-0007
RC-KA-008368,Lakshmi Rao,PHH,5,25,10,15,hi,FPS-KA-HAV-0008
RC-KA-008369,Sneha Hegde,PHH,2,10,10,0,kn,FPS-KA-HAV-0009
RC-KA-008370,Shalini Nayak,PHH,6,30,5,25,kn,FPS-KA-HAV-0010
RC-KA-008371,Kiran Joshi,PHH,6,30,20,10,en,FPS-KA-HAV-0011
RC-KA-008372,Ananya Naik,PHH,3,15,10,5,kn,FPS-KA-HAV-0012
RC-KA-008373,Chetan Shetty,PHH,5,25,0,25,kn,FPS-KA-HAV-0013
RC-KA-008374,Prakash Reddy,PHH,4,20,10,10,kn,FPS-KA-HAV-0014
RC-KA-008375,Chetan Poojary,PHH,6,30,20,10,kn,FPS-KA-HAV-0015
RC-KA-008376,Naveen Patil,PHH,6,30,25,5,kn,FPS-KA-HAV-0016
RC-KA-008377,Meena Hegde,PHH,6,30,0,30,en,FPS-KA-HAV-0017
RC-KA-008378,Naveen Gowda,PHH,1,5,5,0,hi,FPS-KA-HAV-0018
RC-KA-008379,Shankar Rao,PHH,8,40,15,25,kn,FPS-KA-HAV-0019
RC-KA-008380,Divya Bhat,PHH,5,25,5,20,kn,FPS-KA-HAV-0020
RC-KA-008381,Divya Naik,PHH,8,40,35,5,kn,FPS-KA-KAL-0001
RC-KA-008382,Shankar Sharma,PHH,5,25,20,5,kn,FPS-KA-KAL-0002
RC-KA-008383,Ganesh Rao,PHH,4,20,0,20,kn,FPS-KA-KAL-0003
RC-KA-008384,Kiran Sharma,PHH,1,5,0,5,kn,FPS-KA-KAL-0004
RC-KA-008385,Lakshmi Shetty,PHH,3,15,15,0,kn,FPS-KA-KAL-0005
RC-KA-008386,Shankar Reddy,PHH,8,40,25,15,hi,FPS-KA-KAL-0006
RC-KA-008387,Shankar Nayak,PHH,8,40,35,5,kn,FPS-KA-KAL-0007
RC-KA-008388,Rahul Rao,PHH,6,30,25,5,en,FPS-KA-KAL-0008
RC-KA-008389,Arjun Gowda,PHH,7,35,0,35,kn,FPS-KA-KAL-0009
RC-KA-008390,Bhavana Kumar,PHH,1,5,5,0,kn,FPS-KA-KAL-0010
RC-KA-008391,Kavya Bhat,PHH,6,30,10,20,hi,FPS-KA-KAL-0011
RC-KA-008392,Akash Rao,PHH,4,20,20,0,kn,FPS-KA-KAL-0012
RC-KA-008393,Priya Kumar,PHH,7,35,0,35,kn,FPS-KA-KAL-0013
RC-KA-008394,Sanjay Naik,PHH,4,20,5,15,hi,FPS-KA-KAL-0014
RC-KA-008395,Arjun Kulkarni,PHH,8,40,0,40,kn,FPS-KA-KAL-0015
RC-KA-008396,Swathi Rao,PHH,3,15,10,5,kn,FPS-KA-KAL-0016
RC-KA-008397,Chetan Gowda,PHH,2,10,10,0,kn,FPS-KA-KAL-0017
RC-KA-008398,Kavya Patil,PHH,7,35,0,35,kn,FPS-KA-KAL-0018
RC-KA-008399,Ravi Poojary,PHH,4,20,20,0,kn,FPS-KA-KAL-0019
RC-KA-008400,Manoj Joshi,PHH,5,25,10,15,en,FPS-KA-KAL-0020
RC-KA-008401,Deepa Kulkarni,PHH,6,30,5,25,kn,FPS-KA-KOD-0001
RC-KA-008402,Divya Sharma,PHH,2,10,5,5,kn,FPS-KA-KOD-0002
RC-KA-008403,Shankar Naik,PHH,7,35,20,15,kn,FPS-KA-KOD-0003
RC-KA-008404,Sneha Desai,PHH,6,30,25,5,kn,FPS-KA-KOD-0004
RC-KA-008405,Chetan Bhat,PHH,2,10,0,10,kn,FPS-KA-KOD-0005
RC-KA-008406,Ganesh Poojary,PHH,2,10,5,5,hi,FPS-KA-KOD-0006
RC-KA-008407,Naveen Reddy,PHH,3,15,15,0,hi,FPS-KA-KOD-0007
RC-KA-008408,Divya Nayak,PHH,3,15,5,10,en,FPS-KA-KOD-0008
RC-KA-008409,Chetan Kulkarni,PHH,1,5,0,5,kn,FPS-KA-KOD-0009
RC-KA-008410,Manoj Kulkarni,PHH,3,15,15,0,kn,FPS-KA-KOD-0010
RC-KA-008411,Ravi Naik,PHH,5,25,25,0,kn,FPS-KA-KOD-0011
RC-KA-008412,Kiran Hegde,PHH,1,5,5,0,hi,FPS-KA-KOD-0012
RC-KA-008413,Pooja Kulkarni,PHH,6,30,0,30,kn,FPS-KA-KOD-0013
RC-KA-008414,Ananya Patil,PHH,4,20,20,0,kn,FPS-KA-KOD-0014
RC-KA-008415,Rekha Kumar,PHH,6,30,0,30,en,FPS-KA-KOD-0015
RC-KA-008416,Shalini Poojary,PHH,3,15,5,10,kn,FPS-KA-KOD-0016
RC-KA-008417,Prakash Hegde,PHH,5,25,25,0,kn,FPS-KA-KOD-0017
RC-KA-008418,Vijay Nayak,PHH,3,15,5,10,kn,FPS-KA-KOD-0018
RC-KA-008419,Divya Shetty,PHH,7,35,35,0,kn,FPS-KA-KOD-0019
RC-KA-008420,Rekha Naik,PHH,4,20,20,0,kn,FPS-KA-KOD-0020
RC-KA-008421,Swathi Desai,PHH,4,20,5,15,hi,FPS-KA-KOL-0001
RC-KA-008422,Naveen Reddy,PHH,4,20,5,15,hi,FPS-KA-KOL-0002
RC-KA-008423,Kavya Gowda,PHH,7,35,10,25,kn,FPS-KA-KOL-0003
RC-KA-008424,Aarav Desai,PHH,1,5,0,5,kn,FPS-KA-KOL-0004
RC-KA-008425,Chetan Nayak,PHH,8,40,10,30,kn,FPS-KA-KOL-0005
RC-KA-008426,Swathi Sharma,PHH,5,25,25,0,kn,FPS-KA-KOL-0006
RC-KA-008427,Meena Gowda,PHH,7,35,25,10,kn,FPS-KA-KOL-0007
RC-KA-008428,Ananya Patil,PHH,6,30,10,20,kn,FPS-KA-KOL-0008
RC-KA-008429,Prakash Joshi,PHH,6,30,5,25,kn,FPS-KA-KOL-0009
RC-KA-008430,Deepa Patil,PHH,4,20,0,20,kn,FPS-KA-KOL-0010
RC-KA-008431,Chetan Kumar,PHH,6,30,0,30,kn,FPS-KA-KOL-0011
RC-KA-008432,Sneha Nayak,PHH,4,20,15,5,kn,FPS-KA-KOL-0012
RC-KA-008433,Priya Desai,PHH,4,20,0,20,en,FPS-KA-KOL-0013
RC-KA-008434,Sanjay Naik,PHH,4,20,10,10,en,FPS-KA-KOL-0014
RC-KA-008435,Shalini Shetty,PHH,6,30,0,30,en,FPS-KA-KOL-0015
RC-KA-008436,Sneha Nayak,PHH,8,40,25,15,kn,FPS-KA-KOL-0016
RC-KA-008437,Rekha Patil,PHH,1,5,0,5,kn,FPS-KA-KOL-0017
RC-KA-008438,Bhavana Patil,PHH,1,5,0,5,kn,FPS-KA-KOL-0018
RC-KA-008439,Shalini Gowda,PHH,8,40,5,35,en,FPS-KA-KOL-0019
RC-KA-008440,Priya Poojary,PHH,5,25,10,15,kn,FPS-KA-KOL-0020
RC-KA-008441,Aditi Shetty,PHH,6,30,20,10,kn,FPS-KA-KOP-0001
RC-KA-008442,Harish Rao,PHH,4,20,5,15,kn,FPS-KA-KOP-0002
RC-KA-008443,Kavya Desai,PHH,8,40,25,15,kn,FPS-KA-KOP-0003
RC-KA-008444,Aarav Kumar,PHH,1,5,0,5,kn,FPS-KA-KOP-0004
RC-KA-008445,Swathi Sharma,PHH,1,5,5,0,en,FPS-KA-KOP-0005
RC-KA-008446,Aarav Shetty,PHH,5,25,0,25,kn,FPS-KA-KOP-0006
RC-KA-008447,Vijay Patil,PHH,5,25,0,25,en,FPS-KA-KOP-0007
RC-KA-008448,Pooja Kulkarni,PHH,1,5,5,0,kn,FPS-KA-KOP-0008
RC-KA-008449,Shankar Desai,PHH,8,40,25,15,kn,FPS-KA-KOP-0009
RC-KA-008450,Harish Patil,PHH,6,30,10,20,kn,FPS-KA-KOP-0010
RC-KA-008451,Ganesh Hegde,PHH,6,30,20,10,hi,FPS-KA-KOP-0011
RC-KA-008452,Vijay Desai,PHH,1,5,5,0,kn,FPS-KA-KOP-0012
RC-KA-008453,Priya Naik,PHH,3,15,5,10,kn,FPS-KA-KOP-0013
RC-KA-008454,Naveen Kulkarni,PHH,7,35,10,25,kn,FPS-KA-KOP-0014
RC-KA-008455,Ananya Naik,PHH,6,30,0,30,kn,FPS-KA-KOP-0015
RC-KA-008456,Vijay Reddy,PHH,3,15,0,15,kn,FPS-KA-KOP-0016
RC-KA-008457,Aditi Poojary,PHH,5,25,25,0,kn,FPS-KA-KOP-0017
RC-KA-008458,Meena Nayak,PHH,5,25,15,10,kn,FPS-KA-KOP-0018
RC-KA-008459,Vijay Naik,PHH,7,35,20,15,kn,FPS-KA-KOP-0019
RC-KA-008460,Ananya Kulkarni,PHH,4,20,20,0,en,FPS-KA-KOP-0020
RC-KA-008461,Aditi Desai,PHH,7,35,35,0,kn,FPS-KA-MAN-0001
RC-KA-008462,Manoj Naik,PHH,7,35,25,10,kn,FPS-KA-MAN-0002
RC-KA-008463,Rahul Rao,PHH,2,10,0,10,kn,FPS-KA-MAN-0003
RC-KA-008464,Lakshmi Naik,PHH,7,35,35,0,kn,FPS-KA-MAN-0004
RC-KA-008465,Deepa Poojary,PHH,2,10,10,0,kn,FPS-KA-MAN-0005
RC-KA-008466,Harish Reddy,PHH,8,40,40,0,kn,FPS-KA-MAN-0006
RC-KA-008467,Bhavana Naik,PHH,8,40,35,5,kn,FPS-KA-MAN-0007
RC-KA-008468,Divya Hegde,PHH,4,20,0,20,kn,FPS-KA-MAN-0008
RC-KA-008469,Vijay Desai,PHH,3,15,10,5,en,FPS-KA-MAN-0009
RC-KA-008470,Ganesh Patil,PHH,1,5,5,0,kn,FPS-KA-MAN-0010
RC-KA-008471,Akash Rao,PHH,8,40,15,25,kn,FPS-KA-MAN-0011
RC-KA-008472,Prakash Shetty,PHH,8,40,25,15,kn,FPS-KA-MAN-0012
RC-KA-008473,Sneha Rao,PHH,7,35,10,25,hi,FPS-KA-MAN-0013
RC-KA-008474,Chetan Hegde,PHH,4,20,5,15,kn,FPS-KA-MAN-0014
RC-KA-008475,Kiran Nayak,PHH,8,40,5,35,kn,FPS-KA-MAN-0015
RC-KA-008476,Arjun Kumar,PHH,8,40,10,30,en,FPS-KA-MAN-0016
RC-KA-008477,Shalini Hegde,PHH,4,20,0,20,kn,FPS-KA-MAN-0017
RC-KA-008478,Kavya Rao,PHH,8,40,40,0,en,FPS-KA-MAN-0018
RC-KA-008479,Rekha Naik,PHH,2,10,5,5,kn,FPS-KA-MAN-0019
RC-KA-008480,Kiran Patil,PHH,3,15,10,5,hi,FPS-KA-MAN-0020
RC-KA-008481,Harish Nayak,PHH,1,5,0,5,en,FPS-KA-MYS-0001
RC-KA-008482,Rahul Sharma,PHH,8,40,40,0,kn,FPS-KA-MYS-0002
RC-KA-008483,Swathi Nayak,PHH,1,5,0,5,kn,FPS-KA-MYS-0003
RC-KA-008484,Deepa Kumar,PHH,5,25,0,25,hi,FPS-KA-MYS-0004
RC-KA-008485,Arjun Sharma,PHH,7,35,25,10,kn,FPS-KA-MYS-0005
RC-KA-008486,Pooja Naik,PHH,6,30,15,15,hi,FPS-KA-MYS-0006
RC-KA-008487,Aarav Bhat,PHH,8,40,35,5,hi,FPS-KA-MYS-0007
RC-KA-008488,Aarav Desai,PHH,8,40,0,40,kn,FPS-KA-MYS-0008
RC-KA-008489,Divya Rao,PHH,5,25,15,10,kn,FPS-KA-MYS-0009
RC-KA-008490,Aditi Patil,PHH,4,20,5,15,en,FPS-KA-MYS-0010
RC-KA-008491,Sanjay Kumar,PHH,5,25,25,0,kn,FPS-KA-MYS-0011
RC-KA-008492,Ganesh Reddy,PHH,8,40,20,20,en,FPS-KA-MYS-0012
RC-KA-008493,Sanjay Poojary,PHH,7,35,35,0,kn,FPS-KA-MYS-0013
RC-KA-008494,Rekha Desai,PHH,7,35,15,20,kn,FPS-KA-MYS-0014
RC-KA-008495,Vijay Hegde,PHH,7,35,10,25,en,FPS-KA-MYS-0015
RC-KA-008496,Sneha Patil,PHH,8,40,35,5,hi,FPS-KA-MYS-0016
RC-KA-008497,Sneha Joshi,PHH,6,30,10,20,en,FPS-KA-MYS-0017
RC-KA-008498,Arjun Naik,PHH,7,35,30,5,kn,FPS-KA-MYS-0018
RC-KA-008499,Bhavana Desai,PHH,8,40,20,20,kn,FPS-KA-MYS-0019
RC-KA-008500,Divya Gowda,PHH,6,30,5,25,kn,FPS-KA-MYS-0020
RC-KA-008501,Rekha Naik,PHH,8,40,10,30,kn,FPS-KA-RAI-0001
RC-KA-008502,Arjun Reddy,PHH,3,15,0,15,kn,FPS-KA-RAI-0002
RC-KA-008503,Sneha Rao,PHH,4,20,20,0,en,FPS-KA-RAI-0003
RC-KA-008504,Shankar Patil,PHH,3,15,0,15,kn,FPS-KA-RAI-0004
RC-KA-008505,Ananya Reddy,PHH,1,5,5,0,kn,FPS-KA-RAI-0005
RC-KA-008506,Divya Joshi,PHH,3,15,0,15,kn,FPS-KA-RAI-0006
RC-KA-008507,Vijay Rao,PHH,5,25,10,15,kn,FPS-KA-RAI-0007
RC-KA-008508,Sneha Poojary,PHH,8,40,5,35,kn,FPS-KA-RAI-0008
RC-KA-008509,Manoj Poojary,PHH,5,25,0,25,hi,FPS-KA-RAI-0009
RC-KA-008510,Harish Kulkarni,PHH,7,35,30,5,kn,FPS-KA-RAI-0010
RC-KA-008511,Ananya Kulkarni,PHH,4,20,20,0,kn,FPS-KA-RAI-0011
RC-KA-008512,Kiran Desai,PHH,5,25,10,15,kn,FPS-KA-RAI-0012
RC-KA-008513,Sneha Desai,PHH,8,40,30,10,en,FPS-KA-RAI-0013
RC-KA-008514,Divya Desai,PHH,7,35,30,5,kn,FPS-KA-RAI-0014
RC-KA-008515,Arjun Patil,PHH,7,35,0,35,kn,FPS-KA-RAI-0015
RC-KA-008516,Prakash Kulkarni,PHH,6,30,30,0,kn,FPS-KA-RAI-0016
RC-KA-008517,Vijay Shetty,PHH,5,25,10,15,en,FPS-KA-RAI-0017
RC-KA-008518,Ganesh Sharma,PHH,2,10,5,5,kn,FPS-KA-RAI-0018
RC-KA-008519,Pooja Joshi,PHH,8,40,40,0,kn,FPS-KA-RAI-0019
RC-KA-008520,Ganesh Bhat,PHH,8,40,10,30,kn,FPS-KA-RAI-0020
RC-KA-008521,Lakshmi Gowda,PHH,5,25,5,20,kn,FPS-KA-RAM-0001
RC-KA-008522,Swathi Sharma,PHH,6,30,25,5,kn,FPS-KA-RAM-0002
RC-KA-008523,Deepa Poojary,PHH,3,15,15,0,hi,FPS-KA-RAM-0003
RC-KA-008524,Kiran Rao,PHH,7,35,20,15,kn,FPS-KA-RAM-0004
RC-KA-008525,Suresh Kulkarni,PHH,8,40,10,30,kn,FPS-KA-RAM-0005
RC-KA-008526,Bhavana Rao,PHH,4,20,20,0,kn,FPS-KA-RAM-0006
RC-KA-008527,Chetan Gowda,PHH,2,10,5,5,kn,FPS-KA-RAM-0007
RC-KA-008528,Deepa Reddy,PHH,4,20,20,0,hi,FPS-KA-RAM-0008
RC-KA-008529,Ananya Rao,PHH,1,5,0,5,kn,FPS-KA-RAM-0009
RC-KA-008530,Kavya Naik,PHH,5,25,25,0,kn,FPS-KA-RAM-0010
RC-KA-008531,Harish Hegde,PHH,6,30,10,20,kn,FPS-KA-RAM-0011
RC-KA-008532,Prakash Kulkarni,PHH,3,15,10,5,kn,FPS-KA-RAM-0012
RC-KA-008533,Chetan Kulkarni,PHH,2,10,5,5,kn,FPS-KA-RAM-0013
RC-KA-008534,Rekha Joshi,PHH,8,40,20,20,kn,FPS-KA-RAM-0014
RC-KA-008535,Manoj Sharma,PHH,4,20,10,10,kn,FPS-KA-RAM-0015
RC-KA-008536,Vijay Gowda,PHH,4,20,20,0,kn,FPS-KA-RAM-0016
RC-KA-008537,Kiran Kulkarni,PHH,4,20,10,10,kn,FPS-KA-RAM-0017
RC-KA-008538,Chetan Rao,PHH,7,35,15,20,kn,FPS-KA-RAM-0018
RC-KA-008539,Pooja Kulkarni,PHH,6,30,25,5,en,FPS-KA-RAM-0019
RC-KA-008540,Pooja Nayak,PHH,5,25,0,25,kn,FPS-KA-RAM-0020
RC-KA-008541,Kiran Nayak,PHH,3,15,10,5,en,FPS-KA-SHI-0001
RC-KA-008542,Sanjay Sharma,PHH,1,5,0,5,kn,FPS-KA-SHI-0002
RC-KA-008543,Divya Kumar,PHH,2,10,10,0,kn,FPS-KA-SHI-0003
RC-KA-008544,Lakshmi Bhat,PHH,7,35,20,15,kn,FPS-KA-SHI-0004
RC-KA-008545,Swathi Poojary,PHH,3,15,5,10,kn,FPS-KA-SHI-0005
RC-KA-008546,Suresh Hegde,PHH,5,25,5,20,kn,FPS-KA-SHI-0006
RC-KA-008547,Manoj Reddy,PHH,2,10,5,5,en,FPS-KA-SHI-0007
RC-KA-008548,Sneha Sharma,PHH,7,35,35,0,kn,FPS-KA-SHI-0008
RC-KA-008549,Aarav Shetty,PHH,1,5,0,5,hi,FPS-KA-SHI-0009
RC-KA-008550,Aditi Poojary,PHH,8,40,5,35,kn,FPS-KA-SHI-0010
RC-KA-008551,Ravi Kumar,PHH,6,30,30,0,hi,FPS-KA-SHI-0011
RC-KA-008552,Ravi Desai,PHH,3,15,0,15,kn,FPS-KA-SHI-0012
RC-KA-008553,Ananya Rao,PHH,3,15,0,15,en,FPS-KA-SHI-0013
RC-KA-008554,Aditi Poojary,PHH,6,30,25,5,kn,FPS-KA-SHI-0014
RC-KA-008555,Kiran Shetty,PHH,5,25,10,15,hi,FPS-KA-SHI-0015
RC-KA-008556,Rekha Shetty,PHH,5,25,25,0,kn,FPS-KA-SHI-0016
RC-KA-008557,Harish Kulkarni,PHH,3,15,0,15,kn,FPS-KA-SHI-0017
RC-KA-008558,Deepa Sharma,PHH,7,35,15,20,kn,FPS-KA-SHI-0018
RC-KA-008559,Arjun Naik,PHH,4,20,10,10,kn,FPS-KA-SHI-0019
RC-KA-008560,Harish Reddy,PHH,4,20,5,15,kn,FPS-KA-SHI-0020
RC-KA-008561,Aditi Poojary,PHH,2,10,5,5,kn,FPS-KA-TUM-0001
RC-KA-008562,Suresh Sharma,PHH,8,40,25,15,kn,FPS-KA-TUM-0002
RC-KA-008563,Swathi Shetty,PHH,5,25,0,25,kn,FPS-KA-TUM-0003
RC-KA-008564,Naveen Naik,PHH,1,5,0,5,en,FPS-KA-TUM-0004
RC-KA-008565,Divya Hegde,PHH,4,20,10,10,kn,FPS-KA-TUM-0005
RC-KA-008566,Deepa Shetty,PHH,1,5,0,5,hi,FPS-KA-TUM-0006
RC-KA-008567,Divya Naik,PHH,1,5,5,0,kn,FPS-KA-TUM-0007
RC-KA-008568,Chetan Gowda,PHH,1,5,5,0,en,FPS-KA-TUM-0008
RC-KA-008569,Ananya Poojary,PHH,1,5,0,5,kn,FPS-KA-TUM-0009
RC-KA-008570,Rekha Bhat,PHH,3,15,5,10,kn,FPS-KA-TUM-0010
RC-KA-008571,Meena Desai,PHH,4,20,5,15,hi,FPS-KA-TUM-0011
RC-KA-008572,Harish Naik,PHH,4,20,15,5,kn,FPS-KA-TUM-0012
RC-KA-008573,Arjun Desai,PHH,8,40,30,10,kn,FPS-KA-TUM-0013
RC-KA-008574,Harish Hegde,PHH,6,30,15,15,en,FPS-KA-TUM-0014
RC-KA-008575,Ganesh Desai,PHH,5,25,20,5,en,FPS-KA-TUM-0015
RC-KA-008576,Lakshmi Kulkarni,PHH,2,10,0,10,en,FPS-KA-TUM-0016
RC-KA-008577,Deepa Sharma,PHH,2,10,5,5,en,FPS-KA-TUM-0017
RC-KA-008578,Arjun Sharma,PHH,4,20,20,0,hi,FPS-KA-TUM-0018
RC-KA-008579,Aditi Kumar,PHH,5,25,5,20,kn,FPS-KA-TUM-0019
RC-KA-008580,Vijay Poojary,PHH,3,15,0,15,kn,FPS-KA-TUM-0020
RC-KA-008581,Sneha Kumar,PHH,2,10,0,10,en,FPS-KA-UDP-0001
RC-KA-008582,Lakshmi Shetty,PHH,4,20,5,15,kn,FPS-KA-UDP-0002
RC-KA-008583,Rahul Nayak,PHH,8,40,40,0,en,FPS-KA-UDP-0003
RC-KA-008584,Ganesh Rao,PHH,6,30,20,10,kn,FPS-KA-UDP-0004
RC-KA-008585,Rekha Nayak,PHH,8,40,35,5,kn,FPS-KA-UDP-0005
RC-KA-008586,Priya Kumar,PHH,2,10,0,10,kn,FPS-KA-UDP-0006
RC-KA-008587,Ananya Bhat,PHH,1,5,0,5,kn,FPS-KA-UDP-0007
RC-KA-008588,Kavya Sharma,PHH,2,10,0,10,en,FPS-KA-UDP-0008
RC-KA-008589,Kavya Hegde,PHH,4,20,20,0,kn,FPS-KA-UDP-0009
RC-KA-008590,Shankar Shetty,PHH,8,40,5,35,en,FPS-KA-UDP-0010
RC-KA-008591,Ravi Shetty,PHH,2,10,10,0,kn,FPS-KA-UDP-0011
RC-KA-008592,Rekha Kulkarni,PHH,3,15,0,15,hi,FPS-KA-UDP-0012
RC-KA-008593,Aarav Bhat,PHH,6,30,20,10,kn,FPS-KA-UDP-0013
RC-KA-008594,Divya Nayak,PHH,5,25,10,15,kn,FPS-KA-UDP-0014
RC-KA-008595,Divya Reddy,PHH,4,20,15,5,kn,FPS-KA-UDP-0015
RC-KA-008596,Divya Shetty,PHH,3,15,15,0,kn,FPS-KA-UDP-0016
RC-KA-008597,Manoj Poojary,PHH,3,15,0,15,kn,FPS-KA-UDP-0017
RC-KA-008598,Manoj Kulkarni,PHH,3,15,5,10,en,FPS-KA-UDP-0018
RC-KA-008599,Naveen Patil,PHH,4,20,10,10,kn,FPS-KA-UDP-0019
RC-KA-008600,Meena Gowda,PHH,8,40,40,0,kn,FPS-KA-UDP-0020
RC-KA-008601,Shalini Hegde,PHH,1,5,0,5,kn,FPS-KA-UK-0001
RC-KA-008602,Prakash Patil,PHH,4,20,0,20,kn,FPS-KA-UK-0002
RC-KA-008603,Arjun Hegde,PHH,1,5,5,0,kn,FPS-KA-UK-0003
RC-KA-008604,Swathi Hegde,PHH,7,35,35,0,en,FPS-KA-UK-0004
RC-KA-008605,Lakshmi Gowda,PHH,5,25,15,10,kn,FPS-KA-UK-0005
RC-KA-008606,Ganesh Desai,PHH,8,40,10,30,kn,FPS-KA-UK-0006
RC-KA-008607,Shankar Kulkarni,PHH,1,5,0,5,kn,FPS-KA-UK-0007
RC-KA-008608,Ganesh Kumar,PHH,4,20,5,15,kn,FPS-KA-UK-0008
RC-KA-008609,Shalini Poojary,PHH,7,35,25,10,kn,FPS-KA-UK-0009
RC-KA-008610,Shalini Gowda,PHH,7,35,20,15,en,FPS-KA-UK-0010
RC-KA-008611,Sanjay Reddy,PHH,6,30,10,20,hi,FPS-KA-UK-0011
RC-KA-008612,Meena Reddy,PHH,6,30,0,30,kn,FPS-KA-UK-0012
RC-KA-008613,Naveen Hegde,PHH,6,30,30,0,kn,FPS-KA-UK-0013
RC-KA-008614,Meena Kulkarni,PHH,2,10,10,0,hi,FPS-KA-UK-0014
RC-KA-008615,Prakash Hegde,PHH,7,35,25,10,hi,FPS-KA-UK-0015
RC-KA-008616,Aarav Patil,PHH,7,35,25,10,hi,FPS-KA-UK-0016
RC-KA-008617,Harish Shetty,PHH,4,20,5,15,kn,FPS-KA-UK-0017
RC-KA-008618,Naveen Naik,PHH,3,15,15,0,hi,FPS-KA-UK-0018
RC-KA-008619,Bhavana Shetty,PHH,3,15,0,15,kn,FPS-KA-UK-0019
RC-KA-008620,Divya Hegde,PHH,3,15,10,5,kn,FPS-KA-UK-0020
RC-KA-008621,Rahul Hegde,PHH,6,30,15,15,en,FPS-KA-VIJ-0001
RC-KA-008622,Deepa Desai,PHH,4,20,15,5,kn,FPS-KA-VIJ-0002
RC-KA-008623,Akash Naik,PHH,7,35,30,5,kn,FPS-KA-VIJ-0003
RC-KA-008624,Aditi Shetty,PHH,3,15,15,0,kn,FPS-KA-VIJ-0004
RC-KA-008625,Deepa Rao,PHH,8,40,0,40,kn,FPS-KA-VIJ-0005
RC-KA-008626,Pooja Shetty,PHH,8,40,10,30,kn,FPS-KA-VIJ-0006
RC-KA-008627,Chetan Hegde,PHH,2,10,0,10,kn,FPS-KA-VIJ-0007
RC-KA-008628,Ravi Reddy,PHH,3,15,10,5,en,FPS-KA-VIJ-0008
RC-KA-008629,Kavya Patil,PHH,3,15,5,10,kn,FPS-KA-VIJ-0009
RC-KA-008630,Ravi Nayak,PHH,2,10,10,0,en,FPS-KA-VIJ-0010
RC-KA-008631,Arjun Joshi,PHH,5,25,20,5,kn,FPS-KA-VIJ-0011
RC-KA-008632,Lakshmi Poojary,PHH,5,25,0,25,kn,FPS-KA-VIJ-0012
RC-KA-008633,Vijay Joshi,PHH,6,30,5,25,kn,FPS-KA-VIJ-0013
RC-KA-008634,Ravi Poojary,PHH,8,40,40,0,en,FPS-KA-VIJ-0014
RC-KA-008635,Ravi Sharma,PHH,5,25,15,10,kn,FPS-KA-VIJ-0015
RC-KA-008636,Manoj Joshi,PHH,1,5,0,5,en,FPS-KA-VIJ-0016
RC-KA-008637,Lakshmi Kulkarni,PHH,3,15,10,5,kn,FPS-KA-VIJ-0017
RC-KA-008638,Deepa Kulkarni,PHH,7,35,20,15,kn,FPS-KA-VIJ-0018
RC-KA-008639,Lakshmi Joshi,PHH,1,5,5,0,kn,FPS-KA-VIJ-0019
RC-KA-008640,Aarav Joshi,PHH,3,15,10,5,en,FPS-KA-VIJ-0020
RC-KA-008641,Harish Rao,PHH,6,30,10,20,kn,FPS-KA-VIG-0001
RC-KA-008642,Shankar Shetty,PHH,7,35,10,25,kn,FPS-KA-VIG-0002
RC-KA-008643,Suresh Shetty,PHH,7,35,30,5,kn,FPS-KA-VIG-0003
RC-KA-008644,Sanjay Kumar,PHH,4,20,5,15,kn,FPS-KA-VIG-0004
RC-KA-008645,Ganesh Bhat,PHH,3,15,15,0,kn,FPS-KA-VIG-0005
RC-KA-008646,Aditi Bhat,PHH,7,35,10,25,kn,FPS-KA-VIG-0006
RC-KA-008647,Shalini Poojary,PHH,5,25,15,10,kn,FPS-KA-VIG-0007
RC-KA-008648,Swathi Nayak,PHH,4,20,10,10,kn,FPS-KA-VIG-0008
RC-KA-008649,Aditi Hegde,PHH,7,35,30,5,kn,FPS-KA-VIG-0009
RC-KA-008650,Sanjay Kulkarni,PHH,2,10,5,5,kn,FPS-KA-VIG-0010
RC-KA-008651,Kiran Kumar,PHH,2,10,10,0,kn,FPS-KA-VIG-0011
RC-KA-008652,Pooja Kulkarni,PHH,7,35,10,25,kn,FPS-KA-VIG-0012
RC-KA-008653,Divya Sharma,PHH,8,40,10,30,kn,FPS-KA-VIG-0013
RC-KA-008654,Ravi Nayak,PHH,5,25,0,25,hi,FPS-KA-VIG-0014
RC-KA-008655,Lakshmi Sharma,PHH,6,30,0,30,kn,FPS-KA-VIG-0015
RC-KA-008656,Deepa Poojary,PHH,6,30,15,15,hi,FPS-KA-VIG-0016
RC-KA-008657,Pooja Joshi,PHH,5,25,10,15,kn,FPS-KA-VIG-0017
RC-KA-008658,Pooja Reddy,PHH,4,20,5,15,en,FPS-KA-VIG-0018
RC-KA-008659,Sanjay Reddy,PHH,1,5,0,5,kn,FPS-KA-VIG-0019
RC-KA-008660,Akash Rao,PHH,5,25,15,10,kn,FPS-KA-VIG-0020
RC-KA-008661,Meena Sharma,PHH,3,15,5,10,kn,FPS-KA-YAD-0001
RC-KA-008662,Aarav Gowda,PHH,4,20,20,0,kn,FPS-KA-YAD-0002
RC-KA-008663,Aarav Gowda,PHH,3,15,5,10,en,FPS-KA-YAD-0003
RC-KA-008664,Shalini Hegde,PHH,7,35,15,20,kn,FPS-KA-YAD-0004
RC-KA-008665,Arjun Reddy,PHH,3,15,0,15,kn,FPS-KA-YAD-0005
RC-KA-008666,Akash Nayak,PHH,2,10,5,5,kn,FPS-KA-YAD-0006
RC-KA-008667,Kiran Poojary,PHH,4,20,5,15,hi,FPS-KA-YAD-0007
RC-KA-008668,Aarav Sharma,PHH,4,20,0,20,kn,FPS-KA-YAD-0008
RC-KA-008669,Aditi Shetty,PHH,3,15,0,15,kn,FPS-KA-YAD-0009
RC-KA-008670,Vijay Kulkarni,PHH,4,20,0,20,kn,FPS-KA-YAD-0010
RC-KA-008671,Ananya Shetty,PHH,8,40,10,30,kn,FPS-KA-YAD-0011
RC-KA-008672,Suresh Reddy,PHH,6,30,20,10,kn,FPS-KA-YAD-0012
RC-KA-008673,Meena Poojary,PHH,2,10,10,0,hi,FPS-KA-YAD-0013
RC-KA-008674,Rekha Bhat,PHH,6,30,15,15,en,FPS-KA-YAD-0014
RC-KA-008675,Rekha Gowda,PHH,1,5,0,5,kn,FPS-KA-YAD-0015
RC-KA-008676,Harish Kumar,PHH,2,10,5,5,kn,FPS-KA-YAD-0016
RC-KA-008677,Suresh Naik,PHH,4,20,5,15,en,FPS-KA-YAD-0017
RC-KA-008678,Shankar Kumar,PHH,4,20,10,10,en,FPS-KA-YAD-0018
RC-KA-008679,Akash Hegde,PHH,8,40,5,35,kn,FPS-KA-YAD-0019
RC-KA-008680,Lakshmi Sharma,PHH,5,25,25,0,kn,FPS-KA-YAD-0020
RC-KA-008681,Rahul Patil,PHH,2,10,0,10,kn,FPS-KA-BAG-0001
RC-KA-008682,Arjun Joshi,PHH,8,40,0,40,kn,FPS-KA-BAG-0002
RC-KA-008683,Aditi Patil,PHH,3,15,0,15,hi,FPS-KA-BAG-0003
RC-KA-008684,Suresh Joshi,PHH,4,20,20,0,kn,FPS-KA-BAG-0004
RC-KA-008685,Prakash Poojary,PHH,4,20,10,10,kn,FPS-KA-BAG-0005
RC-KA-008686,Bhavana Gowda,PHH,2,10,0,10,hi,FPS-KA-BAG-0006
RC-KA-008687,Suresh Sharma,PHH,7,35,0,35,kn,FPS-KA-BAG-0007
RC-KA-008688,Akash Joshi,PHH,4,20,5,15,kn,FPS-KA-BAG-0008
RC-KA-008689,Shalini Hegde,PHH,4,20,5,15,kn,FPS-KA-BAG-0009
RC-KA-008690,Kavya Shetty,PHH,3,15,15,0,kn,FPS-KA-BAG-0010
RC-KA-008691,Ananya Gowda,PHH,1,5,0,5,kn,FPS-KA-BAG-0011
RC-KA-008692,Sanjay Naik,PHH,7,35,35,0,kn,FPS-KA-BAG-0012
RC-KA-008693,Kiran Desai,PHH,3,15,5,10,kn,FPS-KA-BAG-0013
RC-KA-008694,Akash Kulkarni,PHH,1,5,0,5,hi,FPS-KA-BAG-0014
RC-KA-008695,Shankar Kulkarni,PHH,8,40,40,0,kn,FPS-KA-BAG-0015
RC-KA-008696,Arjun Sharma,PHH,8,40,40,0,kn,FPS-KA-BAG-0016
RC-KA-008697,Harish Reddy,PHH,1,5,0,5,kn,FPS-KA-BAG-0017
RC-KA-008698,Lakshmi Desai,PHH,7,35,20,15,hi,FPS-KA-BAG-0018
RC-KA-008699,Aditi Sharma,PHH,4,20,0,20,kn,FPS-KA-BAG-0019
RC-KA-008700,Shankar Nayak,PHH,5,25,0,25,kn,FPS-KA-BAG-0020
RC-KA-008701,Aarav Naik,PHH,6,30,5,25,kn,FPS-KA-BAL-0001
RC-KA-008702,Akash Sharma,PHH,1,5,5,0,hi,FPS-KA-BAL-0002
RC-KA-008703,Harish Patil,PHH,5,25,0,25,kn,FPS-KA-BAL-0003
RC-KA-008704,Aarav Joshi,PHH,8,40,25,15,hi,FPS-KA-BAL-0004
RC-KA-008705,Pooja Naik,PHH,5,25,20,5,kn,FPS-KA-BAL-0005
RC-KA-008706,Deepa Rao,PHH,7,35,35,0,kn,FPS-KA-BAL-0006
RC-KA-008707,Manoj Sharma,PHH,8,40,40,0,kn,FPS-KA-BAL-0007
RC-KA-008708,Pooja Poojary,PHH,8,40,0,40,hi,FPS-KA-BAL-0008
RC-KA-008709,Kiran Naik,PHH,4,20,0,20,kn,FPS-KA-BAL-0009
RC-KA-008710,Naveen Reddy,PHH,5,25,0,25,kn,FPS-KA-BAL-0010
RC-KA-008711,Aarav Gowda,PHH,6,30,10,20,hi,FPS-KA-BAL-0011
RC-KA-008712,Manoj Poojary,PHH,8,40,10,30,kn,FPS-KA-BAL-0012
RC-KA-008713,Arjun Joshi,PHH,8,40,15,25,en,FPS-KA-BAL-0013
RC-KA-008714,Rekha Joshi,PHH,3,15,0,15,kn,FPS-KA-BAL-0014
RC-KA-008715,Ananya Gowda,PHH,4,20,5,15,kn,FPS-KA-BAL-0015
RC-KA-008716,Divya Patil,PHH,3,15,0,15,hi,FPS-KA-BAL-0016
RC-KA-008717,Pooja Patil,PHH,7,35,15,20,hi,FPS-KA-BAL-0017
RC-KA-008718,Kavya Patil,PHH,2,10,10,0,kn,FPS-KA-BAL-0018
RC-KA-008719,Harish Gowda,PHH,3,15,10,5,kn,FPS-KA-BAL-0019
RC-KA-008720,Rekha Kumar,PHH,2,10,10,0,kn,FPS-KA-BAL-0020
RC-KA-008721,Sanjay Gowda,PHH,5,25,15,10,hi,FPS-KA-BEL-0001
RC-KA-008722,Divya Joshi,PHH,8,40,0,40,kn,FPS-KA-BEL-0002
RC-KA-008723,Prakash Kulkarni,PHH,6,30,30,0,en,FPS-KA-BEL-0003
RC-KA-008724,Akash Shetty,PHH,7,35,15,20,kn,FPS-KA-BEL-0004
RC-KA-008725,Ravi Sharma,PHH,5,25,0,25,kn,FPS-KA-BEL-0005
RC-KA-008726,Pooja Poojary,PHH,1,5,5,0,kn,FPS-KA-BEL-0006
RC-KA-008727,Ravi Joshi,PHH,2,10,0,10,kn,FPS-KA-BEL-0007
RC-KA-008728,Ananya Gowda,PHH,2,10,10,0,kn,FPS-KA-BEL-0008
RC-KA-008729,Meena Rao,PHH,5,25,10,15,kn,FPS-KA-BEL-0009
RC-KA-008730,Swathi Gowda,PHH,7,35,35,0,kn,FPS-KA-BEL-0010
RC-KA-008731,Kiran Bhat,PHH,6,30,5,25,kn,FPS-KA-BEL-0011
RC-KA-008732,Prakash Shetty,PHH,1,5,0,5,kn,FPS-KA-BEL-0012
RC-KA-008733,Harish Gowda,PHH,2,10,5,5,kn,FPS-KA-BEL-0013
RC-KA-008734,Aditi Shetty,PHH,8,40,35,5,hi,FPS-KA-BEL-0014
RC-KA-008735,Divya Bhat,PHH,3,15,5,10,kn,FPS-KA-BEL-0015
RC-KA-008736,Naveen Kumar,PHH,6,30,5,25,kn,FPS-KA-BEL-0016
RC-KA-008737,Arjun Hegde,PHH,3,15,15,0,kn,FPS-KA-BEL-0017
RC-KA-008738,Vijay Hegde,PHH,4,20,5,15,kn,FPS-KA-BEL-0018
RC-KA-008739,Pooja Desai,PHH,3,15,10,5,kn,FPS-KA-BEL-0019
RC-KA-008740,Meena Shetty,PHH,4,20,10,10,hi,FPS-KA-BEL-0020
RC-KA-008741,Swathi Reddy,PHH,8,40,10,30,kn,FPS-KA-BLR-R-0001
RC-KA-008742,Swathi Poojary,PHH,4,20,10,10,hi,FPS-KA-BLR-R-0002
RC-KA-008743,Divya Patil,PHH,1,5,0,5,hi,FPS-KA-BLR-R-0003
RC-KA-008744,Ravi Kulkarni,PHH,4,20,20,0,kn,FPS-KA-BLR-R-0004
RC-KA-008745,Ganesh Rao,PHH,4,20,20,0,hi,FPS-KA-BLR-R-0005
RC-KA-008746,Divya Shetty,PHH,7,35,20,15,kn,FPS-KA-BLR-R-0006
RC-KA-008747,Deepa Hegde,PHH,8,40,15,25,kn,FPS-KA-BLR-R-0007
RC-KA-008748,Deepa Sharma,PHH,7,35,25,10,kn,FPS-KA-BLR-R-0008
RC-KA-008749,Lakshmi Poojary,PHH,2,10,10,0,hi,FPS-KA-BLR-R-0009
RC-KA-008750,Arjun Desai,PHH,8,40,30,10,kn,FPS-KA-BLR-R-0010
RC-KA-008751,Suresh Reddy,PHH,4,20,10,10,en,FPS-KA-BLR-R-0011
RC-KA-008752,Kiran Poojary,PHH,4,20,10,10,en,FPS-KA-BLR-R-0012
RC-KA-008753,Lakshmi Kulkarni,PHH,3,15,0,15,en,FPS-KA-BLR-R-0013
RC-KA-008754,Aditi Gowda,PHH,4,20,5,15,kn,FPS-KA-BLR-R-0014
RC-KA-008755,Akash Hegde,PHH,5,25,25,0,en,FPS-KA-BLR-R-0015
RC-KA-008756,Rekha Hegde,PHH,7,35,15,20,kn,FPS-KA-BLR-R-0016
RC-KA-008757,Bhavana Rao,PHH,3,15,15,0,kn,FPS-KA-BLR-R-0017
RC-KA-008758,Chetan Hegde,PHH,7,35,10,25,en,FPS-KA-BLR-R-0018
RC-KA-008759,Divya Hegde,PHH,8,40,0,40,kn,FPS-KA-BLR-R-0019
RC-KA-008760,Sanjay Nayak,PHH,6,30,30,0,hi,FPS-KA-BLR-R-0020
RC-KA-008761,Ganesh Nayak,PHH,5,25,5,20,kn,FPS-KA-BLR-U-0001
RC-KA-008762,Manoj Hegde,PHH,3,15,0,15,kn,FPS-KA-BLR-U-0002
RC-KA-008763,Prakash Hegde,PHH,5,25,20,5,kn,FPS-KA-BLR-U-0003
RC-KA-008764,Sneha Gowda,PHH,8,40,20,20,kn,FPS-KA-BLR-U-0004
RC-KA-008765,Shalini Naik,PHH,5,25,5,20,en,FPS-KA-BLR-U-0005
RC-KA-008766,Swathi Hegde,PHH,7,35,15,20,kn,FPS-KA-BLR-U-0006
RC-KA-008767,Ananya Nayak,PHH,2,10,0,10,kn,FPS-KA-BLR-U-0007
RC-KA-008768,Rahul Sharma,PHH,7,35,20,15,hi,FPS-KA-BLR-U-0008
RC-KA-008769,Ganesh Shetty,PHH,3,15,10,5,kn,FPS-KA-BLR-U-0009
RC-KA-008770,Sanjay Reddy,PHH,8,40,10,30,kn,FPS-KA-BLR-U-0010
RC-KA-008771,Priya Sharma,PHH,6,30,5,25,kn,FPS-KA-BLR-U-0011
RC-KA-008772,Prakash Rao,PHH,8,40,25,15,hi,FPS-KA-BLR-U-0012
RC-KA-008773,Aarav Patil,PHH,2,10,5,5,kn,FPS-KA-BLR-U-0013
RC-KA-008774,Divya Hegde,PHH,8,40,25,15,hi,FPS-KA-BLR-U-0014
RC-KA-008775,Divya Desai,PHH,2,10,10,0,kn,FPS-KA-BLR-U-0015
RC-KA-008776,Manoj Kumar,PHH,3,15,5,10,kn,FPS-KA-BLR-U-0016
RC-KA-008777,Chetan Gowda,PHH,3,15,10,5,kn,FPS-KA-BLR-U-0017
RC-KA-008778,Kiran Naik,PHH,1,5,0,5,kn,FPS-KA-BLR-U-0018
RC-KA-008779,Ravi Kumar,PHH,4,20,15,5,kn,FPS-KA-BLR-U-0019
RC-KA-008780,Sanjay Patil,PHH,7,35,10,25,kn,FPS-KA-BLR-U-0020
RC-KA-008781,Aarav Kulkarni,PHH,2,10,5,5,kn,FPS-KA-BID-0001
RC-KA-008782,Aarav Kulkarni,PHH,7,35,30,5,kn,FPS-KA-BID-0002
RC-KA-008783,Vijay Naik,PHH,7,35,15,20,hi,FPS-KA-BID-0003
RC-KA-008784,Shankar Gowda,PHH,2,10,0,10,hi,FPS-KA-BID-0004
RC-KA-008785,Aarav Kulkarni,PHH,8,40,0,40,kn,FPS-KA-BID-0005
RC-KA-008786,Kavya Sharma,PHH,2,10,5,5,kn,FPS-KA-BID-0006
RC-KA-008787,Bhavana Hegde,PHH,1,5,0,5,kn,FPS-KA-BID-0007
RC-KA-008788,Chetan Gowda,PHH,1,5,0,5,hi,FPS-KA-BID-0008
RC-KA-008789,Divya Rao,PHH,7,35,0,35,kn,FPS-KA-BID-0009
RC-KA-008790,Meena Shetty,PHH,1,5,0,5,en,FPS-KA-BID-0010
RC-KA-008791,Ananya Nayak,PHH,7,35,15,20,kn,FPS-KA-BID-0011
RC-KA-008792,Swathi Gowda,PHH,3,15,0,15,kn,FPS-KA-BID-0012
RC-KA-008793,Pooja Naik,PHH,5,25,25,0,hi,FPS-KA-BID-0013
RC-KA-008794,Manoj Sharma,PHH,3,15,10,5,kn,FPS-KA-BID-0014
RC-KA-008795,Sneha Poojary,PHH,7,35,30,5,kn,FPS-KA-BID-0015
RC-KA-008796,Bhavana Patil,PHH,8,40,40,0,en,FPS-KA-BID-0016
RC-KA-008797,Divya Kumar,PHH,1,5,0,5,kn,FPS-KA-BID-0017
RC-KA-008798,Aarav Poojary,PHH,5,25,5,20,kn,FPS-KA-BID-0018
RC-KA-008799,Bhavana Reddy,PHH,8,40,15,25,hi,FPS-KA-BID-0019
RC-KA-008800,Kavya Sharma,PHH,7,35,5,30,hi,FPS-KA-BID-0020
RC-KA-008801,Vijay Kumar,PHH,6,30,5,25,kn,FPS-KA-CHA-0001
RC-KA-008802,Suresh Sharma,PHH,6,30,25,5,kn,FPS-KA-CHA-0002
RC-KA-008803,Ravi Desai,PHH,5,25,15,10,en,FPS-KA-CHA-0003
RC-KA-008804,Swathi Desai,PHH,7,35,15,20,en,FPS-KA-CHA-0004
RC-KA-008805,Harish Desai,PHH,3,15,5,10,kn,FPS-KA-CHA-0005
RC-KA-008806,Priya Poojary,PHH,8,40,35,5,kn,FPS-KA-CHA-0006
RC-KA-008807,Aarav Desai,PHH,4,20,15,5,kn,FPS-KA-CHA-0007
RC-KA-008808,Aditi Hegde,PHH,5,25,25,0,kn,FPS-KA-CHA-0008
RC-KA-008809,Ravi Joshi,PHH,4,20,20,0,kn,FPS-KA-CHA-0009
RC-KA-008810,Divya Kumar,PHH,2,10,5,5,kn,FPS-KA-CHA-0010
RC-KA-008811,Deepa Hegde,PHH,4,20,20,0,kn,FPS-KA-CHA-0011
RC-KA-008812,Naveen Hegde,PHH,7,35,0,35,en,FPS-KA-CHA-0012
RC-KA-008813,Aarav Kumar,PHH,7,35,30,5,kn,FPS-KA-CHA-0013
RC-KA-008814,Ravi Desai,PHH,7,35,15,20,kn,FPS-KA-CHA-0014
RC-KA-008815,Harish Kumar,PHH,7,35,0,35,en,FPS-KA-CHA-0015
RC-KA-008816,Akash Joshi,PHH,2,10,0,10,kn,FPS-KA-CHA-0016
RC-KA-008817,Ravi Shetty,PHH,5,25,5,20,kn,FPS-KA-CHA-0017
RC-KA-008818,Ganesh Nayak,PHH,7,35,20,15,hi,FPS-KA-CHA-0018
RC-KA-008819,Shankar Shetty,PHH,2,10,10,0,kn,FPS-KA-CHA-0019
RC-KA-008820,Aditi Joshi,PHH,5,25,10,15,kn,FPS-KA-CHA-0020
RC-KA-008821,Deepa Hegde,PHH,6,30,30,0,kn,FPS-KA-CHB-0001
RC-KA-008822,Bhavana Rao,PHH,7,35,25,10,kn,FPS-KA-CHB-0002
RC-KA-008823,Shalini Desai,PHH,5,25,25,0,kn,FPS-KA-CHB-0003
RC-KA-008824,Sanjay Nayak,PHH,6,30,0,30,hi,FPS-KA-CHB-0004
RC-KA-008825,Harish Desai,PHH,7,35,25,10,hi,FPS-KA-CHB-0005
RC-KA-008826,Divya Joshi,PHH,4,20,15,5,en,FPS-KA-CHB-0006
RC-KA-008827,Arjun Hegde,PHH,6,30,25,5,en,FPS-KA-CHB-0007
RC-KA-008828,Harish Kumar,PHH,2,10,0,10,kn,FPS-KA-CHB-0008
RC-KA-008829,Prakash Kumar,PHH,5,25,15,10,kn,FPS-KA-CHB-0009
RC-KA-008830,Shankar Hegde,PHH,1,5,0,5,kn,FPS-KA-CHB-0010
RC-KA-008831,Prakash Rao,PHH,3,15,5,10,en,FPS-KA-CHB-0011
RC-KA-008832,Shalini Kumar,PHH,3,15,10,5,kn,FPS-KA-CHB-0012
RC-KA-008833,Chetan Rao,PHH,7,35,25,10,en,FPS-KA-CHB-0013
RC-KA-008834,Suresh Sharma,PHH,7,35,35,0,kn,FPS-KA-CHB-0014
RC-KA-008835,Deepa Poojary,PHH,1,5,0,5,kn,FPS-KA-CHB-0015
RC-KA-008836,Aarav Patil,PHH,6,30,10,20,kn,FPS-KA-CHB-0016
RC-KA-008837,Rekha Gowda,PHH,5,25,0,25,kn,FPS-KA-CHB-0017
RC-KA-008838,Prakash Bhat,PHH,3,15,10,5,kn,FPS-KA-CHB-0018
RC-KA-008839,Deepa Kumar,PHH,6,30,15,15,en,FPS-KA-CHB-0019
RC-KA-008840,Chetan Poojary,PHH,6,30,0,30,hi,FPS-KA-CHB-0020
RC-KA-008841,Harish Shetty,PHH,8,40,30,10,hi,FPS-KA-CHK-0001
RC-KA-008842,Arjun Bhat,PHH,5,25,15,10,kn,FPS-KA-CHK-0002
RC-KA-008843,Aditi Joshi,PHH,7,35,10,25,kn,FPS-KA-CHK-0003
RC-KA-008844,Shankar Reddy,PHH,6,30,5,25,kn,FPS-KA-CHK-0004
RC-KA-008845,Akash Gowda,PHH,4,20,10,10,en,FPS-KA-CHK-0005
RC-KA-008846,Manoj Shetty,PHH,8,40,40,0,kn,FPS-KA-CHK-0006
RC-KA-008847,Priya Nayak,PHH,3,15,15,0,en,FPS-KA-CHK-0007
RC-KA-008848,Aditi Naik,PHH,4,20,5,15,kn,FPS-KA-CHK-0008
RC-KA-008849,Akash Desai,PHH,2,10,10,0,en,FPS-KA-CHK-0009
RC-KA-008850,Deepa Reddy,PHH,2,10,5,5,kn,FPS-KA-CHK-0010
RC-KA-008851,Kavya Naik,PHH,4,20,0,20,kn,FPS-KA-CHK-0011
RC-KA-008852,Ganesh Reddy,PHH,5,25,0,25,kn,FPS-KA-CHK-0012
RC-KA-008853,Bhavana Poojary,PHH,7,35,30,5,kn,FPS-KA-CHK-0013
RC-KA-008854,Meena Nayak,PHH,1,5,0,5,kn,FPS-KA-CHK-0014
RC-KA-008855,Akash Patil,PHH,1,5,0,5,kn,FPS-KA-CHK-0015
RC-KA-008856,Sanjay Nayak,PHH,4,20,15,5,kn,FPS-KA-CHK-0016
RC-KA-008857,Shankar Desai,PHH,7,35,35,0,en,FPS-KA-CHK-0017
RC-KA-008858,Harish Rao,PHH,8,40,15,25,en,FPS-KA-CHK-0018
RC-KA-008859,Kavya Naik,PHH,8,40,30,10,kn,FPS-KA-CHK-0019
RC-KA-008860,Chetan Naik,PHH,6,30,20,10,en,FPS-KA-CHK-0020
RC-KA-008861,Suresh Bhat,PHH,2,10,10,0,kn,FPS-KA-CHI-0001
RC-KA-008862,Sanjay Bhat,PHH,5,25,5,20,kn,FPS-KA-CHI-0002
RC-KA-008863,Arjun Kulkarni,PHH,2,10,0,10,en,FPS-KA-CHI-0003
RC-KA-008864,Chetan Reddy,PHH,4,20,20,0,kn,FPS-KA-CHI-0004
RC-KA-008865,Deepa Reddy,PHH,1,5,0,5,kn,FPS-KA-CHI-0005
RC-KA-008866,Sanjay Gowda,PHH,2,10,0,10,kn,FPS-KA-CHI-0006
RC-KA-008867,Harish Bhat,PHH,5,25,25,0,kn,FPS-KA-CHI-0007
RC-KA-008868,Kiran Naik,PHH,1,5,5,0,kn,FPS-KA-CHI-0008
RC-KA-008869,Shankar Kulkarni,PHH,1,5,5,0,kn,FPS-KA-CHI-0009
RC-KA-008870,Rekha Gowda,PHH,1,5,5,0,kn,FPS-KA-CHI-0010
RC-KA-008871,Sanjay Kumar,PHH,6,30,25,5,en,FPS-KA-CHI-0011
RC-KA-008872,Meena Kulkarni,PHH,5,25,10,15,hi,FPS-KA-CHI-0012
RC-KA-008873,Swathi Kulkarni,PHH,3,15,0,15,en,FPS-KA-CHI-0013
RC-KA-008874,Sanjay Naik,PHH,5,25,20,5,en,FPS-KA-CHI-0014
RC-KA-008875,Sneha Nayak,PHH,3,15,15,0,kn,FPS-KA-CHI-0015
RC-KA-008876,Prakash Naik,PHH,8,40,15,25,kn,FPS-KA-CHI-0016
RC-KA-008877,Sneha Desai,PHH,1,5,5,0,kn,FPS-KA-CHI-0017
RC-KA-008878,Aditi Shetty,PHH,3,15,10,5,kn,FPS-KA-CHI-0018
RC-KA-008879,Chetan Desai,PHH,4,20,10,10,kn,FPS-KA-CHI-0019
RC-KA-008880,Pooja Shetty,PHH,8,40,5,35,kn,FPS-KA-CHI-0020
RC-KA-008881,Pooja Sharma,PHH,5,25,20,5,en,FPS-KA-DK-0001
RC-KA-008882,Sneha Bhat,PHH,2,10,10,0,kn,FPS-KA-DK-0002
RC-KA-008883,Akash Kulkarni,PHH,5,25,20,5,kn,FPS-KA-DK-0003
RC-KA-008884,Sanjay Bhat,PHH,6,30,20,10,kn,FPS-KA-DK-0004
RC-KA-008885,Kiran Poojary,PHH,5,25,10,15,hi,FPS-KA-DK-0005
RC-KA-008886,Shalini Hegde,PHH,5,25,10,15,kn,FPS-KA-DK-0006
RC-KA-008887,Aarav Patil,PHH,3,15,5,10,hi,FPS-KA-DK-0007
RC-KA-008888,Bhavana Naik,PHH,5,25,0,25,en,FPS-KA-DK-0008
RC-KA-008889,Kavya Hegde,PHH,3,15,15,0,kn,FPS-KA-DK-0009
RC-KA-008890,Shankar Gowda,PHH,5,25,15,10,en,FPS-KA-DK-0010
RC-KA-008891,Kavya Rao,PHH,8,40,35,5,kn,FPS-KA-DK-0011
RC-KA-008892,Ganesh Kulkarni,PHH,1,5,0,5,en,FPS-KA-DK-0012
RC-KA-008893,Priya Poojary,PHH,8,40,0,40,hi,FPS-KA-DK-0013
RC-KA-008894,Shalini Poojary,PHH,4,20,15,5,kn,FPS-KA-DK-0014
RC-KA-008895,Vijay Joshi,PHH,6,30,0,30,hi,FPS-KA-DK-0015
RC-KA-008896,Ganesh Poojary,PHH,1,5,0,5,hi,FPS-KA-DK-0016
RC-KA-008897,Rekha Patil,PHH,2,10,5,5,kn,FPS-KA-DK-0017
RC-KA-008898,Suresh Kulkarni,PHH,8,40,15,25,kn,FPS-KA-DK-0018
RC-KA-008899,Ananya Reddy,PHH,1,5,0,5,kn,FPS-KA-DK-0019
RC-KA-008900,Prakash Sharma,PHH,5,25,0,25,hi,FPS-KA-DK-0020
RC-KA-008901,Divya Hegde,PHH,3,15,0,15,kn,FPS-KA-DAV-0001
RC-KA-008902,Meena Hegde,PHH,8,40,25,15,hi,FPS-KA-DAV-0002
RC-KA-008903,Naveen Bhat,PHH,5,25,25,0,kn,FPS-KA-DAV-0003
RC-KA-008904,Shalini Kulkarni,PHH,4,20,5,15,hi,FPS-KA-DAV-0004
RC-KA-008905,Akash Hegde,PHH,8,40,40,0,kn,FPS-KA-DAV-0005
RC-KA-008906,Kiran Joshi,PHH,1,5,5,0,en,FPS-KA-DAV-0006
RC-KA-008907,Manoj Gowda,PHH,2,10,5,5,kn,FPS-KA-DAV-0007
RC-KA-008908,Ravi Kulkarni,PHH,6,30,10,20,hi,FPS-KA-DAV-0008
RC-KA-008909,Prakash Nayak,PHH,2,10,5,5,kn,FPS-KA-DAV-0009
RC-KA-008910,Lakshmi Nayak,PHH,5,25,0,25,kn,FPS-KA-DAV-0010
RC-KA-008911,Rahul Patil,PHH,4,20,15,5,kn,FPS-KA-DAV-0011
RC-KA-008912,Harish Gowda,PHH,6,30,20,10,en,FPS-KA-DAV-0012
RC-KA-008913,Akash Reddy,PHH,7,35,5,30,en,FPS-KA-DAV-0013
RC-KA-008914,Chetan Shetty,PHH,4,20,20,0,kn,FPS-KA-DAV-0014
RC-KA-008915,Vijay Gowda,PHH,3,15,10,5,en,FPS-KA-DAV-0015
RC-KA-008916,Kiran Gowda,PHH,3,15,10,5,kn,FPS-KA-DAV-0016
RC-KA-008917,Rahul Bhat,PHH,3,15,0,15,en,FPS-KA-DAV-0017
RC-KA-008918,Swathi Naik,PHH,7,35,35,0,hi,FPS-KA-DAV-0018
RC-KA-008919,Naveen Desai,PHH,7,35,35,0,kn,FPS-KA-DAV-0019
RC-KA-008920,Lakshmi Nayak,PHH,7,35,15,20,kn,FPS-KA-DAV-0020
RC-KA-008921,Meena Poojary,PHH,4,20,0,20,kn,FPS-KA-DHA-0001
RC-KA-008922,Kiran Sharma,PHH,1,5,5,0,hi,FPS-KA-DHA-0002
RC-KA-008923,Sneha Sharma,PHH,3,15,5,10,hi,FPS-KA-DHA-0003
RC-KA-008924,Deepa Patil,PHH,2,10,5,5,kn,FPS-KA-DHA-0004
RC-KA-008925,Kiran Sharma,PHH,2,10,0,10,kn,FPS-KA-DHA-0005
RC-KA-008926,Chetan Gowda,PHH,1,5,0,5,kn,FPS-KA-DHA-0006
RC-KA-008927,Suresh Kulkarni,PHH,2,10,10,0,hi,FPS-KA-DHA-0007
RC-KA-008928,Rahul Patil,PHH,4,20,15,5,en,FPS-KA-DHA-0008
RC-KA-008929,Shankar Kulkarni,PHH,6,30,25,5,kn,FPS-KA-DHA-0009
RC-KA-008930,Bhavana Reddy,PHH,1,5,5,0,hi,FPS-KA-DHA-0010
RC-KA-008931,Lakshmi Desai,PHH,1,5,5,0,kn,FPS-KA-DHA-0011
RC-KA-008932,Kavya Kulkarni,PHH,4,20,10,10,kn,FPS-KA-DHA-0012
RC-KA-008933,Naveen Naik,PHH,5,25,5,20,hi,FPS-KA-DHA-0013
RC-KA-008934,Swathi Patil,PHH,2,10,0,10,hi,FPS-KA-DHA-0014
RC-KA-008935,Bhavana Desai,PHH,1,5,0,5,en,FPS-KA-DHA-0015
RC-KA-008936,Arjun Naik,PHH,4,20,0,20,kn,FPS-KA-DHA-0016
RC-KA-008937,Rekha Kulkarni,PHH,3,15,15,0,kn,FPS-KA-DHA-0017
RC-KA-008938,Sanjay Reddy,PHH,4,20,10,10,kn,FPS-KA-DHA-0018
RC-KA-008939,Ananya Joshi,PHH,6,30,30,0,kn,FPS-KA-DHA-0019
RC-KA-008940,Sneha Joshi,PHH,3,15,0,15,en,FPS-KA-DHA-0020
RC-KA-008941,Ravi Bhat,PHH,1,5,5,0,en,FPS-KA-GAD-0001
RC-KA-008942,Lakshmi Shetty,PHH,6,30,20,10,kn,FPS-KA-GAD-0002
RC-KA-008943,Vijay Poojary,PHH,2,10,10,0,kn,FPS-KA-GAD-0003
RC-KA-008944,Rahul Nayak,PHH,2,10,10,0,kn,FPS-KA-GAD-0004
RC-KA-008945,Shankar Sharma,PHH,3,15,0,15,kn,FPS-KA-GAD-0005
RC-KA-008946,Lakshmi Kulkarni,PHH,1,5,0,5,kn,FPS-KA-GAD-0006
RC-KA-008947,Sanjay Sharma,PHH,7,35,15,20,kn,FPS-KA-GAD-0007
RC-KA-008948,Akash Poojary,PHH,5,25,15,10,kn,FPS-KA-GAD-0008
RC-KA-008949,Suresh Hegde,PHH,4,20,5,15,kn,FPS-KA-GAD-0009
RC-KA-008950,Chetan Poojary,PHH,5,25,10,15,kn,FPS-KA-GAD-0010
RC-KA-008951,Ravi Poojary,PHH,8,40,0,40,hi,FPS-KA-GAD-0011
RC-KA-008952,Meena Hegde,PHH,5,25,0,25,hi,FPS-KA-GAD-0012
RC-KA-008953,Chetan Poojary,PHH,4,20,10,10,kn,FPS-KA-GAD-0013
RC-KA-008954,Rekha Naik,PHH,2,10,10,0,kn,FPS-KA-GAD-0014
RC-KA-008955,Manoj Bhat,PHH,6,30,5,25,hi,FPS-KA-GAD-0015
RC-KA-008956,Ananya Sharma,PHH,6,30,15,15,kn,FPS-KA-GAD-0016
RC-KA-008957,Sneha Rao,PHH,6,30,0,30,hi,FPS-KA-GAD-0017
RC-KA-008958,Naveen Desai,PHH,4,20,0,20,kn,FPS-KA-GAD-0018
RC-KA-008959,Arjun Bhat,PHH,1,5,5,0,hi,FPS-KA-GAD-0019
RC-KA-008960,Suresh Kumar,PHH,7,35,25,10,kn,FPS-KA-GAD-0020
RC-KA-008961,Naveen Hegde,PHH,5,25,20,5,kn,FPS-KA-HAS-0001
RC-KA-008962,Swathi Shetty,PHH,3,15,5,10,kn,FPS-KA-HAS-0002
RC-KA-008963,Divya Sharma,PHH,1,5,0,5,kn,FPS-KA-HAS-0003
RC-KA-008964,Divya Sharma,PHH,8,40,35,5,kn,FPS-KA-HAS-0004
RC-KA-008965,Akash Kulkarni,PHH,2,10,0,10,kn,FPS-KA-HAS-0005
RC-KA-008966,Kavya Shetty,PHH,6,30,15,15,kn,FPS-KA-HAS-0006
RC-KA-008967,Shankar Rao,PHH,3,15,5,10,hi,FPS-KA-HAS-0007
RC-KA-008968,Rahul Hegde,PHH,7,35,5,30,hi,FPS-KA-HAS-0008
RC-KA-008969,Ravi Kumar,PHH,5,25,25,0,en,FPS-KA-HAS-0009
RC-KA-008970,Pooja Kumar,PHH,1,5,0,5,kn,FPS-KA-HAS-0010
RC-KA-008971,Chetan Poojary,PHH,5,25,20,5,hi,FPS-KA-HAS-0011
RC-KA-008972,Manoj Desai,PHH,5,25,25,0,en,FPS-KA-HAS-0012
RC-KA-008973,Swathi Reddy,PHH,7,35,30,5,kn,FPS-KA-HAS-0013
RC-KA-008974,Aarav Rao,PHH,7,35,25,10,kn,FPS-KA-HAS-0014
RC-KA-008975,Priya Hegde,PHH,1,5,0,5,kn,FPS-KA-HAS-0015
RC-KA-008976,Arjun Reddy,PHH,7,35,35,0,kn,FPS-KA-HAS-0016
RC-KA-008977,Chetan Kulkarni,PHH,6,30,30,0,kn,FPS-KA-HAS-0017
RC-KA-008978,Ganesh Gowda,PHH,1,5,0,5,kn,FPS-KA-HAS-0018
RC-KA-008979,Kiran Gowda,PHH,3,15,15,0,kn,FPS-KA-HAS-0019
RC-KA-008980,Aditi Bhat,PHH,6,30,25,5,kn,FPS-KA-HAS-0020
RC-KA-008981,Vijay Desai,PHH,8,40,40,0,kn,FPS-KA-HAV-0001
RC-KA-008982,Aarav Nayak,PHH,3,15,0,15,kn,FPS-KA-HAV-0002
RC-KA-008983,Pooja Gowda,PHH,4,20,5,15,kn,FPS-KA-HAV-0003
RC-KA-008984,Vijay Sharma,PHH,2,10,0,10,kn,FPS-KA-HAV-0004
RC-KA-008985,Lakshmi Reddy,PHH,7,35,30,5,en,FPS-KA-HAV-0005
RC-KA-008986,Chetan Poojary,PHH,8,40,10,30,en,FPS-KA-HAV-0006
RC-KA-008987,Divya Joshi,PHH,8,40,15,25,kn,FPS-KA-HAV-0007
RC-KA-008988,Meena Patil,PHH,4,20,15,5,kn,FPS-KA-HAV-0008
RC-KA-008989,Rekha Patil,PHH,8,40,5,35,kn,FPS-KA-HAV-0009
RC-KA-008990,Harish Desai,PHH,6,30,15,15,kn,FPS-KA-HAV-0010
RC-KA-008991,Meena Desai,PHH,5,25,5,20,kn,FPS-KA-HAV-0011
RC-KA-008992,Sneha Desai,PHH,1,5,5,0,kn,FPS-KA-HAV-0012
RC-KA-008993,Kiran Naik,PHH,4,20,20,0,kn,FPS-KA-HAV-0013
RC-KA-008994,Lakshmi Nayak,PHH,1,5,5,0,kn,FPS-KA-HAV-0014
RC-KA-008995,Aditi Rao,PHH,8,40,15,25,hi,FPS-KA-HAV-0015
RC-KA-008996,Lakshmi Joshi,PHH,6,30,20,10,en,FPS-KA-HAV-0016
RC-KA-008997,Harish Reddy,PHH,2,10,0,10,hi,FPS-KA-HAV-0017
RC-KA-008998,Shankar Shetty,PHH,2,10,0,10,en,FPS-KA-HAV-0018
RC-KA-008999,Divya Desai,PHH,7,35,30,5,kn,FPS-KA-HAV-0019
RC-KA-009000,Naveen Patil,PHH,1,5,0,5,kn,FPS-KA-HAV-0020
RC-KA-009001,Shalini Naik,AAY,5,35,0,35,hi,FPS-KA-KAL-0001
RC-KA-009002,Priya Rao,AAY,7,35,5,30,hi,FPS-KA-KAL-0002
RC-KA-009003,Akash Nayak,AAY,8,35,0,35,kn,FPS-KA-KAL-0003
RC-KA-009004,Naveen Joshi,AAY,1,35,0,35,kn,FPS-KA-KAL-0004
RC-KA-009005,Vijay Rao,AAY,6,35,20,15,kn,FPS-KA-KAL-0005
RC-KA-009006,Ganesh Reddy,AAY,4,35,20,15,hi,FPS-KA-KAL-0006
RC-KA-009007,Rahul Patil,AAY,7,35,15,20,hi,FPS-KA-KAL-0007
RC-KA-009008,Prakash Joshi,AAY,5,35,5,30,kn,FPS-KA-KAL-0008
RC-KA-009009,Naveen Reddy,AAY,6,35,30,5,kn,FPS-KA-KAL-0009
RC-KA-009010,Aarav Hegde,AAY,3,35,5,30,kn,FPS-KA-KAL-0010
RC-KA-009011,Pooja Poojary,AAY,5,35,10,25,en,FPS-KA-KAL-0011
RC-KA-009012,Akash Gowda,AAY,5,35,10,25,kn,FPS-KA-KAL-0012
RC-KA-009013,Kavya Sharma,AAY,2,35,0,35,kn,FPS-KA-KAL-0013
RC-KA-009014,Bhavana Poojary,AAY,5,35,0,35,kn,FPS-KA-KAL-0014
RC-KA-009015,Harish Sharma,AAY,5,35,5,30,hi,FPS-KA-KAL-0015
RC-KA-009016,Deepa Rao,AAY,8,35,0,35,hi,FPS-KA-KAL-0016
RC-KA-009017,Rekha Desai,AAY,3,35,15,20,kn,FPS-KA-KAL-0017
RC-KA-009018,Lakshmi Patil,AAY,7,35,35,0,kn,FPS-KA-KAL-0018
RC-KA-009019,Naveen Sharma,AAY,7,35,10,25,hi,FPS-KA-KAL-0019
RC-KA-009020,Shalini Kumar,AAY,6,35,5,30,en,FPS-KA-KAL-0020
RC-KA-009021,Prakash Sharma,AAY,5,35,0,35,kn,FPS-KA-KOD-0001
RC-KA-009022,Ganesh Naik,AAY,8,35,15,20,kn,FPS-KA-KOD-0002
RC-KA-009023,Naveen Reddy,AAY,4,35,0,35,kn,FPS-KA-KOD-0003
RC-KA-009024,Shalini Sharma,AAY,7,35,15,20,kn,FPS-KA-KOD-0004
RC-KA-009025,Bhavana Kulkarni,AAY,4,35,35,0,hi,FPS-KA-KOD-0005
RC-KA-009026,Swathi Patil,AAY,7,35,15,20,kn,FPS-KA-KOD-0006
RC-KA-009027,Ganesh Joshi,AAY,8,35,5,30,kn,FPS-KA-KOD-0007
RC-KA-009028,Deepa Kumar,AAY,2,35,25,10,kn,FPS-KA-KOD-0008
RC-KA-009029,Naveen Kulkarni,AAY,2,35,5,30,hi,FPS-KA-KOD-0009
RC-KA-009030,Manoj Kulkarni,AAY,1,35,25,10,kn,FPS-KA-KOD-0010
RC-KA-009031,Arjun Bhat,AAY,8,35,35,0,kn,FPS-KA-KOD-0011
RC-KA-009032,Aditi Nayak,AAY,3,35,0,35,en,FPS-KA-KOD-0012
RC-KA-009033,Manoj Naik,AAY,3,35,35,0,kn,FPS-KA-KOD-0013
RC-KA-009034,Shalini Nayak,AAY,1,35,25,10,kn,FPS-KA-KOD-0014
RC-KA-009035,Aarav Reddy,AAY,3,35,15,20,kn,FPS-KA-KOD-0015
RC-KA-009036,Meena Joshi,AAY,7,35,0,35,kn,FPS-KA-KOD-0016
RC-KA-009037,Rahul Shetty,AAY,8,35,5,30,kn,FPS-KA-KOD-0017
RC-KA-009038,Bhavana Kulkarni,AAY,5,35,35,0,kn,FPS-KA-KOD-0018
RC-KA-009039,Manoj Gowda,AAY,6,35,25,10,hi,FPS-KA-KOD-0019
RC-KA-009040,Sneha Kulkarni,AAY,4,35,30,5,kn,FPS-KA-KOD-0020
RC-KA-009041,Ananya Bhat,AAY,8,35,20,15,kn,FPS-KA-KOL-0001
RC-KA-009042,Kavya Rao,AAY,5,35,25,10,kn,FPS-KA-KOL-0002
RC-KA-009043,Ganesh Rao,AAY,3,35,25,10,kn,FPS-KA-KOL-0003
RC-KA-009044,Harish Shetty,AAY,5,35,10,25,en,FPS-KA-KOL-0004
RC-KA-009045,Sneha Joshi,AAY,7,35,0,35,hi,FPS-KA-KOL-0005
RC-KA-009046,Ananya Kumar,AAY,6,35,5,30,hi,FPS-KA-KOL-0006
RC-KA-009047,Meena Nayak,AAY,2,35,25,10,hi,FPS-KA-KOL-0007
RC-KA-009048,Kavya Gowda,AAY,4,35,15,20,kn,FPS-KA-KOL-0008
RC-KA-009049,Sanjay Kulkarni,AAY,6,35,35,0,kn,FPS-KA-KOL-0009
RC-KA-009050,Aditi Poojary,AAY,8,35,0,35,kn,FPS-KA-KOL-0010
RC-KA-009051,Pooja Reddy,AAY,7,35,0,35,en,FPS-KA-KOL-0011
RC-KA-009052,Deepa Naik,AAY,4,35,5,30,en,FPS-KA-KOL-0012
RC-KA-009053,Bhavana Rao,AAY,7,35,25,10,hi,FPS-KA-KOL-0013
RC-KA-009054,Lakshmi Patil,AAY,8,35,25,10,kn,FPS-KA-KOL-0014
RC-KA-009055,Swathi Hegde,AAY,4,35,20,15,hi,FPS-KA-KOL-0015
RC-KA-009056,Suresh Reddy,AAY,7,35,15,20,kn,FPS-KA-KOL-0016
RC-KA-009057,Swathi Hegde,AAY,3,35,15,20,kn,FPS-KA-KOL-0017
RC-KA-009058,Manoj Patil,AAY,3,35,20,15,hi,FPS-KA-KOL-0018
RC-KA-009059,Swathi Kumar,AAY,6,35,5,30,kn,FPS-KA-KOL-0019
RC-KA-009060,Rahul Shetty,AAY,6,35,35,0,en,FPS-KA-KOL-0020
RC-KA-009061,Aarav Kumar,AAY,7,35,15,20,kn,FPS-KA-KOP-0001
RC-KA-009062,Ravi Bhat,AAY,4,35,10,25,en,FPS-KA-KOP-0002
RC-KA-009063,Ananya Poojary,AAY,3,35,35,0,kn,FPS-KA-KOP-0003
RC-KA-009064,Rekha Joshi,AAY,7,35,10,25,hi,FPS-KA-KOP-0004
RC-KA-009065,Divya Desai,AAY,7,35,35,0,en,FPS-KA-KOP-0005
RC-KA-009066,Chetan Poojary,AAY,7,35,10,25,en,FPS-KA-KOP-0006
RC-KA-009067,Pooja Hegde,AAY,8,35,0,35,kn,FPS-KA-KOP-0007
RC-KA-009068,Manoj Rao,AAY,5,35,35,0,kn,FPS-KA-KOP-0008
RC-KA-009069,Prakash Kumar,AAY,3,35,30,5,kn,FPS-KA-KOP-0009
RC-KA-009070,Arjun Shetty,AAY,4,35,5,30,hi,FPS-KA-KOP-0010
RC-KA-009071,Rekha Shetty,AAY,5,35,5,30,hi,FPS-KA-KOP-0011
RC-KA-009072,Rekha Patil,AAY,4,35,10,25,kn,FPS-KA-KOP-0012
RC-KA-009073,Ravi Sharma,AAY,7,35,10,25,kn,FPS-KA-KOP-0013
RC-KA-009074,Kavya Naik,AAY,5,35,5,30,en,FPS-KA-KOP-0014
RC-KA-009075,Sneha Joshi,AAY,6,35,25,10,kn,FPS-KA-KOP-0015
RC-KA-009076,Naveen Nayak,AAY,3,35,25,10,kn,FPS-KA-KOP-0016
RC-KA-009077,Aarav Patil,AAY,4,35,5,30,kn,FPS-KA-KOP-0017
RC-KA-009078,Aarav Reddy,AAY,4,35,25,10,kn,FPS-KA-KOP-0018
RC-KA-009079,Chetan Hegde,AAY,3,35,10,25,kn,FPS-KA-KOP-0019
RC-KA-009080,Manoj Sharma,AAY,5,35,0,35,kn,FPS-KA-KOP-0020
RC-KA-009081,Lakshmi Kumar,AAY,7,35,25,10,kn,FPS-KA-MAN-0001
RC-KA-009082,Arjun Rao,AAY,7,35,10,25,kn,FPS-KA-MAN-0002
RC-KA-009083,Bhavana Kumar,AAY,6,35,0,35,kn,FPS-KA-MAN-0003
RC-KA-009084,Rahul Reddy,AAY,7,35,25,10,kn,FPS-KA-MAN-0004
RC-KA-009085,Ravi Poojary,AAY,5,35,35,0,kn,FPS-KA-MAN-0005
RC-KA-009086,Bhavana Kumar,AAY,3,35,15,20,kn,FPS-KA-MAN-0006
RC-KA-009087,Priya Rao,AAY,6,35,35,0,kn,FPS-KA-MAN-0007
RC-KA-009088,Swathi Poojary,AAY,5,35,30,5,kn,FPS-KA-MAN-0008
RC-KA-009089,Kiran Reddy,AAY,4,35,30,5,kn,FPS-KA-MAN-0009
RC-KA-009090,Ganesh Kulkarni,AAY,4,35,0,35,en,FPS-KA-MAN-0010
RC-KA-009091,Sanjay Kulkarni,AAY,1,35,5,30,kn,FPS-KA-MAN-0011
RC-KA-009092,Chetan Bhat,AAY,3,35,0,35,kn,FPS-KA-MAN-0012
RC-KA-009093,Naveen Kumar,AAY,7,35,20,15,kn,FPS-KA-MAN-0013
RC-KA-009094,Akash Poojary,AAY,5,35,35,0,kn,FPS-KA-MAN-0014
RC-KA-009095,Deepa Naik,AAY,2,35,30,5,hi,FPS-KA-MAN-0015
RC-KA-009096,Ananya Patil,AAY,4,35,0,35,kn,FPS-KA-MAN-0016
RC-KA-009097,Shalini Kulkarni,AAY,2,35,30,5,kn,FPS-KA-MAN-0017
RC-KA-009098,Arjun Joshi,AAY,7,35,10,25,en,FPS-KA-MAN-0018
RC-KA-009099,Ganesh Gowda,AAY,5,35,25,10,hi,FPS-KA-MAN-0019
RC-KA-009100,Harish Desai,AAY,5,35,0,35,kn,FPS-KA-MAN-0020
RC-KA-009101,Prakash Hegde,AAY,7,35,10,25,kn,FPS-KA-MYS-0001
RC-KA-009102,Naveen Naik,AAY,2,35,5,30,kn,FPS-KA-MYS-0002
RC-KA-009103,Sanjay Rao,AAY,7,35,5,30,kn,FPS-KA-MYS-0003
RC-KA-009104,Shankar Patil,AAY,7,35,0,35,hi,FPS-KA-MYS-0004
RC-KA-009105,Ganesh Kulkarni,AAY,3,35,30,5,en,FPS-KA-MYS-0005
RC-KA-009106,Priya Poojary,AAY,1,35,5,30,kn,FPS-KA-MYS-0006
RC-KA-009107,Rahul Sharma,AAY,6,35,15,20,kn,FPS-KA-MYS-0007
RC-KA-009108,Arjun Nayak,AAY,2,35,30,5,en,FPS-KA-MYS-0008
RC-KA-009109,Aarav Kulkarni,AAY,5,35,20,15,kn,FPS-KA-MYS-0009
RC-KA-009110,Ganesh Hegde,AAY,7,35,35,0,kn,FPS-KA-MYS-0010
RC-KA-009111,Arjun Nayak,AAY,8,35,15,20,hi,FPS-KA-MYS-0011
RC-KA-009112,Suresh Shetty,AAY,2,35,30,5,kn,FPS-KA-MYS-0012
RC-KA-009113,Shalini Joshi,AAY,5,35,10,25,en,FPS-KA-MYS-0013
RC-KA-009114,Divya Kumar,AAY,4,35,25,10,kn,FPS-KA-MYS-0014
RC-KA-009115,Akash Poojary,AAY,1,35,35,0,kn,FPS-KA-MYS-0015
RC-KA-009116,Priya Joshi,AAY,1,35,35,0,hi,FPS-KA-MYS-0016
RC-KA-009117,Ravi Poojary,AAY,6,35,0,35,kn,FPS-KA-MYS-0017
RC-KA-009118,Sanjay Patil,AAY,1,35,25,10,kn,FPS-KA-MYS-0018
RC-KA-009119,Divya Joshi,AAY,7,35,30,5,kn,FPS-KA-MYS-0019
RC-KA-009120,Ravi Reddy,AAY,6,35,15,20,en,FPS-KA-MYS-0020
RC-KA-009121,Divya Desai,AAY,2,35,35,0,hi,FPS-KA-RAI-0001
RC-KA-009122,Shankar Gowda,AAY,6,35,25,10,kn,FPS-KA-RAI-0002
RC-KA-009123,Shalini Sharma,AAY,3,35,10,25,kn,FPS-KA-RAI-0003
RC-KA-009124,Shankar Shetty,AAY,3,35,10,25,kn,FPS-KA-RAI-0004
RC-KA-009125,Bhavana Patil,AAY,2,35,25,10,hi,FPS-KA-RAI-0005
RC-KA-009126,Manoj Kumar,AAY,6,35,10,25,kn,FPS-KA-RAI-0006
RC-KA-009127,Sneha Shetty,AAY,7,35,0,35,kn,FPS-KA-RAI-0007
RC-KA-009128,Aditi Kumar,AAY,7,35,30,5,kn,FPS-KA-RAI-0008
RC-KA-009129,Deepa Bhat,AAY,6,35,0,35,kn,FPS-KA-RAI-0009
RC-KA-009130,Priya Gowda,AAY,3,35,20,15,hi,FPS-KA-RAI-0010
RC-KA-009131,Deepa Kumar,AAY,4,35,20,15,kn,FPS-KA-RAI-0011
RC-KA-009132,Shalini Shetty,AAY,3,35,25,10,kn,FPS-KA-RAI-0012
RC-KA-009133,Sneha Shetty,AAY,8,35,20,15,kn,FPS-KA-RAI-0013
RC-KA-009134,Ganesh Naik,AAY,4,35,15,20,kn,FPS-KA-RAI-0014
RC-KA-009135,Kiran Hegde,AAY,1,35,15,20,kn,FPS-KA-RAI-0015
RC-KA-009136,Prakash Naik,AAY,5,35,15,20,kn,FPS-KA-RAI-0016
RC-KA-009137,Aarav Reddy,AAY,3,35,25,10,hi,FPS-KA-RAI-0017
RC-KA-009138,Rahul Naik,AAY,4,35,0,35,kn,FPS-KA-RAI-0018
RC-KA-009139,Rahul Reddy,AAY,2,35,20,15,kn,FPS-KA-RAI-0019
RC-KA-009140,Shankar Patil,AAY,3,35,0,35,kn,FPS-KA-RAI-0020
RC-KA-009141,Divya Nayak,AAY,6,35,0,35,hi,FPS-KA-RAM-0001
RC-KA-009142,Aarav Kumar,AAY,8,35,5,30,kn,FPS-KA-RAM-0002
RC-KA-009143,Vijay Reddy,AAY,6,35,5,30,kn,FPS-KA-RAM-0003
RC-KA-009144,Aditi Sharma,AAY,8,35,35,0,kn,FPS-KA-RAM-0004
RC-KA-009145,Divya Desai,AAY,1,35,35,0,kn,FPS-KA-RAM-0005
RC-KA-009146,Meena Gowda,AAY,4,35,5,30,kn,FPS-KA-RAM-0006
RC-KA-009147,Aarav Patil,AAY,8,35,20,15,en,FPS-KA-RAM-0007
RC-KA-009148,Naveen Poojary,AAY,4,35,20,15,kn,FPS-KA-RAM-0008
RC-KA-009149,Vijay Desai,AAY,5,35,30,5,kn,FPS-KA-RAM-0009
RC-KA-009150,Divya Sharma,AAY,4,35,35,0,kn,FPS-KA-RAM-0010
RC-KA-009151,Aarav Desai,AAY,7,35,30,5,kn,FPS-KA-RAM-0011
RC-KA-009152,Sanjay Patil,AAY,3,35,15,20,kn,FPS-KA-RAM-0012
RC-KA-009153,Arjun Patil,AAY,5,35,35,0,kn,FPS-KA-RAM-0013
RC-KA-009154,Naveen Sharma,AAY,2,35,0,35,kn,FPS-KA-RAM-0014
RC-KA-009155,Suresh Shetty,AAY,4,35,10,25,kn,FPS-KA-RAM-0015
RC-KA-009156,Prakash Reddy,AAY,5,35,0,35,kn,FPS-KA-RAM-0016
RC-KA-009157,Arjun Kulkarni,AAY,6,35,5,30,kn,FPS-KA-RAM-0017
RC-KA-009158,Kavya Shetty,AAY,6,35,35,0,en,FPS-KA-RAM-0018
RC-KA-009159,Pooja Nayak,AAY,7,35,30,5,kn,FPS-KA-RAM-0019
RC-KA-009160,Ananya Kulkarni,AAY,1,35,15,20,kn,FPS-KA-RAM-0020
RC-KA-009161,Akash Desai,AAY,4,35,30,5,kn,FPS-KA-SHI-0001
RC-KA-009162,Rahul Joshi,AAY,6,35,10,25,kn,FPS-KA-SHI-0002
RC-KA-009163,Meena Kulkarni,AAY,2,35,15,20,kn,FPS-KA-SHI-0003
RC-KA-009164,Swathi Joshi,AAY,5,35,10,25,kn,FPS-KA-SHI-0004
RC-KA-009165,Priya Rao,AAY,4,35,15,20,kn,FPS-KA-SHI-0005
RC-KA-009166,Arjun Bhat,AAY,6,35,15,20,kn,FPS-KA-SHI-0006
RC-KA-009167,Pooja Hegde,AAY,7,35,0,35,kn,FPS-KA-SHI-0007
RC-KA-009168,Pooja Kumar,AAY,4,35,10,25,kn,FPS-KA-SHI-0008
RC-KA-009169,Suresh Patil,AAY,8,35,15,20,kn,FPS-KA-SHI-0009
RC-KA-009170,Shankar Sharma,AAY,2,35,5,30,kn,FPS-KA-SHI-0010
RC-KA-009171,Harish Naik,AAY,8,35,20,15,kn,FPS-KA-SHI-0011
RC-KA-009172,Rahul Desai,AAY,8,35,15,20,kn,FPS-KA-SHI-0012
RC-KA-009173,Prakash Sharma,AAY,8,35,0,35,kn,FPS-KA-SHI-0013
RC-KA-009174,Akash Sharma,AAY,1,35,30,5,kn,FPS-KA-SHI-0014
RC-KA-009175,Kiran Kumar,AAY,5,35,25,10,hi,FPS-KA-SHI-0015
RC-KA-009176,Deepa Sharma,AAY,6,35,35,0,en,FPS-KA-SHI-0016
RC-KA-009177,Aditi Poojary,AAY,7,35,5,30,hi,FPS-KA-SHI-0017
RC-KA-009178,Meena Reddy,AAY,4,35,20,15,kn,FPS-KA-SHI-0018
RC-KA-009179,Naveen Kumar,AAY,7,35,5,30,en,FPS-KA-SHI-0019
RC-KA-009180,Rekha Poojary,AAY,1,35,20,15,hi,FPS-KA-SHI-0020
RC-KA-009181,Rahul Naik,AAY,8,35,25,10,kn,FPS-KA-TUM-0001
RC-KA-009182,Rekha Nayak,AAY,4,35,0,35,kn,FPS-KA-TUM-0002
RC-KA-009183,Naveen Poojary,AAY,3,35,5,30,en,FPS-KA-TUM-0003
RC-KA-009184,Ravi Bhat,AAY,8,35,35,0,hi,FPS-KA-TUM-0004
RC-KA-009185,Naveen Desai,AAY,7,35,5,30,kn,FPS-KA-TUM-0005
RC-KA-009186,Ganesh Rao,AAY,3,35,15,20,kn,FPS-KA-TUM-0006
RC-KA-009187,Pooja Kumar,AAY,2,35,5,30,kn,FPS-KA-TUM-0007
RC-KA-009188,Vijay Bhat,AAY,6,35,35,0,en,FPS-KA-TUM-0008
RC-KA-009189,Ananya Shetty,AAY,7,35,35,0,en,FPS-KA-TUM-0009
RC-KA-009190,Rekha Shetty,AAY,7,35,25,10,hi,FPS-KA-TUM-0010
RC-KA-009191,Prakash Kumar,AAY,2,35,10,25,hi,FPS-KA-TUM-0011
RC-KA-009192,Shalini Joshi,AAY,2,35,10,25,hi,FPS-KA-TUM-0012
RC-KA-009193,Ravi Sharma,AAY,6,35,10,25,kn,FPS-KA-TUM-0013
RC-KA-009194,Naveen Naik,AAY,2,35,30,5,kn,FPS-KA-TUM-0014
RC-KA-009195,Pooja Rao,AAY,2,35,25,10,kn,FPS-KA-TUM-0015
RC-KA-009196,Rekha Reddy,AAY,6,35,25,10,kn,FPS-KA-TUM-0016
RC-KA-009197,Swathi Kulkarni,AAY,1,35,20,15,kn,FPS-KA-TUM-0017
RC-KA-009198,Kavya Sharma,AAY,4,35,5,30,kn,FPS-KA-TUM-0018
RC-KA-009199,Sneha Gowda,AAY,7,35,35,0,kn,FPS-KA-TUM-0019
RC-KA-009200,Rekha Nayak,AAY,7,35,20,15,kn,FPS-KA-TUM-0020
RC-KA-009201,Aarav Patil,AAY,2,35,20,15,hi,FPS-KA-UDP-0001
RC-KA-009202,Manoj Hegde,AAY,1,35,20,15,kn,FPS-KA-UDP-0002
RC-KA-009203,Shalini Kumar,AAY,7,35,0,35,kn,FPS-KA-UDP-0003
RC-KA-009204,Ganesh Rao,AAY,2,35,0,35,hi,FPS-KA-UDP-0004
RC-KA-009205,Priya Desai,AAY,1,35,35,0,hi,FPS-KA-UDP-0005
RC-KA-009206,Bhavana Shetty,AAY,3,35,30,5,kn,FPS-KA-UDP-0006
RC-KA-009207,Vijay Reddy,AAY,6,35,20,15,kn,FPS-KA-UDP-0007
RC-KA-009208,Rekha Desai,AAY,5,35,20,15,en,FPS-KA-UDP-0008
RC-KA-009209,Suresh Poojary,AAY,3,35,25,10,kn,FPS-KA-UDP-0009
RC-KA-009210,Lakshmi Poojary,AAY,8,35,15,20,hi,FPS-KA-UDP-0010
RC-KA-009211,Kavya Joshi,AAY,6,35,20,15,kn,FPS-KA-UDP-0011
RC-KA-009212,Meena Nayak,AAY,8,35,15,20,en,FPS-KA-UDP-0012
RC-KA-009213,Harish Reddy,AAY,2,35,0,35,hi,FPS-KA-UDP-0013
RC-KA-009214,Prakash Patil,AAY,3,35,25,10,kn,FPS-KA-UDP-0014
RC-KA-009215,Pooja Hegde,AAY,7,35,35,0,kn,FPS-KA-UDP-0015
RC-KA-009216,Rahul Gowda,AAY,4,35,30,5,kn,FPS-KA-UDP-0016
RC-KA-009217,Rekha Patil,AAY,8,35,20,15,en,FPS-KA-UDP-0017
RC-KA-009218,Bhavana Hegde,AAY,5,35,0,35,en,FPS-KA-UDP-0018
RC-KA-009219,Ananya Reddy,AAY,7,35,0,35,kn,FPS-KA-UDP-0019
RC-KA-009220,Suresh Desai,AAY,2,35,30,5,kn,FPS-KA-UDP-0020
RC-KA-009221,Shalini Patil,AAY,8,35,25,10,kn,FPS-KA-UK-0001
RC-KA-009222,Swathi Desai,AAY,8,35,5,30,en,FPS-KA-UK-0002
RC-KA-009223,Chetan Bhat,AAY,8,35,5,30,kn,FPS-KA-UK-0003
RC-KA-009224,Shankar Rao,AAY,6,35,0,35,kn,FPS-KA-UK-0004
RC-KA-009225,Manoj Shetty,AAY,5,35,10,25,en,FPS-KA-UK-0005
RC-KA-009226,Pooja Poojary,AAY,1,35,20,15,kn,FPS-KA-UK-0006
RC-KA-009227,Lakshmi Desai,AAY,2,35,35,0,en,FPS-KA-UK-0007
RC-KA-009228,Bhavana Kumar,AAY,7,35,10,25,en,FPS-KA-UK-0008
RC-KA-009229,Kavya Naik,AAY,8,35,0,35,kn,FPS-KA-UK-0009
RC-KA-009230,Deepa Sharma,AAY,4,35,5,30,kn,FPS-KA-UK-0010
RC-KA-009231,Lakshmi Naik,AAY,2,35,25,10,kn,FPS-KA-UK-0011
RC-KA-009232,Aditi Kumar,AAY,8,35,10,25,kn,FPS-KA-UK-0012
RC-KA-009233,Swathi Joshi,AAY,5,35,30,5,hi,FPS-KA-UK-0013
RC-KA-009234,Lakshmi Sharma,AAY,3,35,0,35,kn,FPS-KA-UK-0014
RC-KA-009235,Ananya Hegde,AAY,1,35,30,5,kn,FPS-KA-UK-0015
RC-KA-009236,Bhavana Kulkarni,AAY,6,35,0,35,kn,FPS-KA-UK-0016
RC-KA-009237,Rekha Sharma,AAY,2,35,15,20,kn,FPS-KA-UK-0017
RC-KA-009238,Arjun Shetty,AAY,8,35,15,20,kn,FPS-KA-UK-0018
RC-KA-009239,Lakshmi Kulkarni,AAY,1,35,30,5,kn,FPS-KA-UK-0019
RC-KA-009240,Harish Reddy,AAY,6,35,20,15,kn,FPS-KA-UK-0020
RC-KA-009241,Rahul Gowda,AAY,3,35,20,15,kn,FPS-KA-VIJ-0001
RC-KA-009242,Deepa Bhat,AAY,7,35,20,15,kn,FPS-KA-VIJ-0002
RC-KA-009243,Manoj Joshi,AAY,3,35,30,5,en,FPS-KA-VIJ-0003
RC-KA-009244,Akash Reddy,AAY,1,35,25,10,kn,FPS-KA-VIJ-0004
RC-KA-009245,Bhavana Gowda,AAY,1,35,25,10,kn,FPS-KA-VIJ-0005
RC-KA-009246,Manoj Kumar,AAY,4,35,30,5,hi,FPS-KA-VIJ-0006
RC-KA-009247,Sneha Hegde,AAY,7,35,20,15,kn,FPS-KA-VIJ-0007
RC-KA-009248,Ananya Patil,AAY,3,35,30,5,kn,FPS-KA-VIJ-0008
RC-KA-009249,Kavya Poojary,AAY,8,35,0,35,en,FPS-KA-VIJ-0009
RC-KA-009250,Bhavana Sharma,AAY,6,35,35,0,kn,FPS-KA-VIJ-0010
RC-KA-009251,Pooja Desai,AAY,6,35,0,35,kn,FPS-KA-VIJ-0011
RC-KA-009252,Shalini Reddy,AAY,5,35,20,15,kn,FPS-KA-VIJ-0012
RC-KA-009253,Vijay Nayak,AAY,6,35,30,5,kn,FPS-KA-VIJ-0013
RC-KA-009254,Suresh Kulkarni,AAY,6,35,30,5,kn,FPS-KA-VIJ-0014
RC-KA-009255,Aditi Kulkarni,AAY,4,35,25,10,kn,FPS-KA-VIJ-0015
RC-KA-009256,Akash Hegde,AAY,3,35,25,10,kn,FPS-KA-VIJ-0016
RC-KA-009257,Prakash Kumar,AAY,2,35,35,0,hi,FPS-KA-VIJ-0017
RC-KA-009258,Prakash Reddy,AAY,8,35,25,10,kn,FPS-KA-VIJ-0018
RC-KA-009259,Chetan Gowda,AAY,8,35,20,15,kn,FPS-KA-VIJ-0019
RC-KA-009260,Divya Rao,AAY,3,35,35,0,hi,FPS-KA-VIJ-0020
RC-KA-009261,Aarav Poojary,AAY,5,35,25,10,kn,FPS-KA-VIG-0001
RC-KA-009262,Bhavana Gowda,AAY,2,35,35,0,kn,FPS-KA-VIG-0002
RC-KA-009263,Akash Kulkarni,AAY,4,35,20,15,kn,FPS-KA-VIG-0003
RC-KA-009264,Arjun Bhat,AAY,5,35,30,5,kn,FPS-KA-VIG-0004
RC-KA-009265,Shankar Shetty,AAY,7,35,25,10,kn,FPS-KA-VIG-0005
RC-KA-009266,Shalini Desai,AAY,3,35,20,15,en,FPS-KA-VIG-0006
RC-KA-009267,Aarav Gowda,AAY,1,35,5,30,en,FPS-KA-VIG-0007
RC-KA-009268,Sanjay Desai,AAY,5,35,5,30,kn,FPS-KA-VIG-0008
RC-KA-009269,Sneha Joshi,AAY,2,35,20,15,kn,FPS-KA-VIG-0009
RC-KA-009270,Shankar Naik,AAY,5,35,15,20,kn,FPS-KA-VIG-0010
RC-KA-009271,Naveen Gowda,AAY,2,35,10,25,en,FPS-KA-VIG-0011
RC-KA-009272,Aarav Joshi,AAY,8,35,15,20,kn,FPS-KA-VIG-0012
RC-KA-009273,Shankar Sharma,AAY,1,35,25,10,kn,FPS-KA-VIG-0013
RC-KA-009274,Vijay Joshi,AAY,1,35,25,10,en,FPS-KA-VIG-0014
RC-KA-009275,Chetan Reddy,AAY,1,35,5,30,kn,FPS-KA-VIG-0015
RC-KA-009276,Aditi Joshi,AAY,5,35,0,35,kn,FPS-KA-VIG-0016
RC-KA-009277,Rekha Reddy,AAY,2,35,0,35,kn,FPS-KA-VIG-0017
RC-KA-009278,Prakash Sharma,AAY,6,35,30,5,hi,FPS-KA-VIG-0018
RC-KA-009279,Shalini Reddy,AAY,1,35,10,25,en,FPS-KA-VIG-0019
RC-KA-009280,Lakshmi Sharma,AAY,2,35,5,30,kn,FPS-KA-VIG-0020
RC-KA-009281,Arjun Poojary,AAY,5,35,30,5,kn,FPS-KA-YAD-0001
RC-KA-009282,Swathi Naik,AAY,2,35,10,25,en,FPS-KA-YAD-0002
RC-KA-009283,Shalini Naik,AAY,7,35,35,0,hi,FPS-KA-YAD-0003
RC-KA-009284,Ravi Bhat,AAY,3,35,5,30,kn,FPS-KA-YAD-0004
RC-KA-009285,Bhavana Patil,AAY,6,35,15,20,kn,FPS-KA-YAD-0005
RC-KA-009286,Sneha Joshi,AAY,8,35,20,15,kn,FPS-KA-YAD-0006
RC-KA-009287,Suresh Shetty,AAY,5,35,25,10,kn,FPS-KA-YAD-0007
RC-KA-009288,Arjun Patil,AAY,7,35,0,35,en,FPS-KA-YAD-0008
RC-KA-009289,Sneha Naik,AAY,4,35,15,20,kn,FPS-KA-YAD-0009
RC-KA-009290,Ravi Hegde,AAY,7,35,25,10,kn,FPS-KA-YAD-0010
RC-KA-009291,Kiran Hegde,AAY,8,35,5,30,hi,FPS-KA-YAD-0011
RC-KA-009292,Ganesh Sharma,AAY,8,35,5,30,kn,FPS-KA-YAD-0012
RC-KA-009293,Vijay Joshi,AAY,6,35,0,35,kn,FPS-KA-YAD-0013
RC-KA-009294,Kiran Naik,AAY,7,35,20,15,kn,FPS-KA-YAD-0014
RC-KA-009295,Arjun Nayak,AAY,6,35,0,35,kn,FPS-KA-YAD-0015
RC-KA-009296,Arjun Rao,AAY,6,35,15,20,hi,FPS-KA-YAD-0016
RC-KA-009297,Arjun Naik,AAY,3,35,15,20,kn,FPS-KA-YAD-0017
RC-KA-009298,Vijay Shetty,AAY,8,35,30,5,kn,FPS-KA-YAD-0018
RC-KA-009299,Ravi Kumar,AAY,7,35,5,30,en,FPS-KA-YAD-0019
RC-KA-009300,Harish Joshi,AAY,6,35,25,10,kn,FPS-KA-YAD-0020
RC-KA-009301,Aarav Bhat,AAY,7,35,5,30,kn,FPS-KA-BAG-0001
RC-KA-009302,Ganesh Nayak,AAY,6,35,15,20,kn,FPS-KA-BAG-0002
RC-KA-009303,Rahul Kumar,AAY,1,35,15,20,kn,FPS-KA-BAG-0003
RC-KA-009304,Meena Joshi,AAY,5,35,10,25,kn,FPS-KA-BAG-0004
RC-KA-009305,Aarav Kulkarni,AAY,6,35,5,30,kn,FPS-KA-BAG-0005
RC-KA-009306,Chetan Shetty,AAY,7,35,25,10,kn,FPS-KA-BAG-0006
RC-KA-009307,Manoj Kulkarni,AAY,6,35,30,5,hi,FPS-KA-BAG-0007
RC-KA-009308,Pooja Reddy,AAY,3,35,10,25,kn,FPS-KA-BAG-0008
RC-KA-009309,Deepa Nayak,AAY,2,35,10,25,kn,FPS-KA-BAG-0009
RC-KA-009310,Priya Bhat,AAY,5,35,5,30,kn,FPS-KA-BAG-0010
RC-KA-009311,Meena Kumar,AAY,6,35,25,10,kn,FPS-KA-BAG-0011
RC-KA-009312,Shankar Nayak,AAY,1,35,10,25,en,FPS-KA-BAG-0012
RC-KA-009313,Manoj Desai,AAY,3,35,0,35,kn,FPS-KA-BAG-0013
RC-KA-009314,Prakash Naik,AAY,2,35,0,35,kn,FPS-KA-BAG-0014
RC-KA-009315,Kiran Poojary,AAY,6,35,0,35,kn,FPS-KA-BAG-0015
RC-KA-009316,Shalini Hegde,AAY,5,35,20,15,kn,FPS-KA-BAG-0016
RC-KA-009317,Swathi Kumar,AAY,4,35,20,15,kn,FPS-KA-BAG-0017
RC-KA-009318,Aarav Bhat,AAY,5,35,15,20,kn,FPS-KA-BAG-0018
RC-KA-009319,Sanjay Bhat,AAY,4,35,10,25,en,FPS-KA-BAG-0019
RC-KA-009320,Sanjay Kulkarni,AAY,2,35,30,5,hi,FPS-KA-BAG-0020
RC-KA-009321,Lakshmi Poojary,AAY,8,35,0,35,en,FPS-KA-BAL-0001
RC-KA-009322,Rahul Poojary,AAY,8,35,20,15,kn,FPS-KA-BAL-0002
RC-KA-009323,Ananya Gowda,AAY,3,35,0,35,hi,FPS-KA-BAL-0003
RC-KA-009324,Deepa Joshi,AAY,1,35,20,15,kn,FPS-KA-BAL-0004
RC-KA-009325,Suresh Joshi,AAY,5,35,15,20,hi,FPS-KA-BAL-0005
RC-KA-009326,Akash Poojary,AAY,3,35,30,5,kn,FPS-KA-BAL-0006
RC-KA-009327,Shankar Sharma,AAY,8,35,35,0,hi,FPS-KA-BAL-0007
RC-KA-009328,Vijay Bhat,AAY,6,35,15,20,kn,FPS-KA-BAL-0008
RC-KA-009329,Chetan Sharma,AAY,5,35,10,25,kn,FPS-KA-BAL-0009
RC-KA-009330,Arjun Hegde,AAY,4,35,10,25,kn,FPS-KA-BAL-0010
RC-KA-009331,Bhavana Desai,AAY,8,35,35,0,kn,FPS-KA-BAL-0011
RC-KA-009332,Ravi Hegde,AAY,8,35,20,15,kn,FPS-KA-BAL-0012
RC-KA-009333,Ravi Rao,AAY,1,35,10,25,en,FPS-KA-BAL-0013
RC-KA-009334,Vijay Nayak,AAY,6,35,10,25,kn,FPS-KA-BAL-0014
RC-KA-009335,Aditi Reddy,AAY,5,35,20,15,kn,FPS-KA-BAL-0015
RC-KA-009336,Prakash Kumar,AAY,7,35,15,20,kn,FPS-KA-BAL-0016
RC-KA-009337,Naveen Kumar,AAY,7,35,35,0,kn,FPS-KA-BAL-0017
RC-KA-009338,Aarav Rao,AAY,5,35,10,25,hi,FPS-KA-BAL-0018
RC-KA-009339,Rekha Poojary,AAY,5,35,35,0,kn,FPS-KA-BAL-0019
RC-KA-009340,Shankar Sharma,AAY,4,35,25,10,kn,FPS-KA-BAL-0020
RC-KA-009341,Aditi Nayak,AAY,5,35,35,0,hi,FPS-KA-BEL-0001
RC-KA-009342,Bhavana Joshi,AAY,7,35,15,20,kn,FPS-KA-BEL-0002
RC-KA-009343,Rahul Patil,AAY,6,35,15,20,kn,FPS-KA-BEL-0003
RC-KA-009344,Akash Kumar,AAY,3,35,25,10,kn,FPS-KA-BEL-0004
RC-KA-009345,Ganesh Kulkarni,AAY,7,35,35,0,kn,FPS-KA-BEL-0005
RC-KA-009346,Shankar Gowda,AAY,8,35,35,0,kn,FPS-KA-BEL-0006
RC-KA-009347,Sanjay Nayak,AAY,7,35,15,20,hi,FPS-KA-BEL-0007
RC-KA-009348,Harish Sharma,AAY,2,35,15,20,en,FPS-KA-BEL-0008
RC-KA-009349,Prakash Shetty,AAY,5,35,25,10,en,FPS-KA-BEL-0009
RC-KA-009350,Harish Bhat,AAY,2,35,5,30,hi,FPS-KA-BEL-0010
RC-KA-009351,Rahul Hegde,AAY,8,35,10,25,kn,FPS-KA-BEL-0011
RC-KA-009352,Manoj Reddy,AAY,1,35,5,30,kn,FPS-KA-BEL-0012
RC-KA-009353,Arjun Kulkarni,AAY,8,35,35,0,kn,FPS-KA-BEL-0013
RC-KA-009354,Kavya Naik,AAY,4,35,30,5,en,FPS-KA-BEL-0014
RC-KA-009355,Rekha Desai,AAY,8,35,35,0,kn,FPS-KA-BEL-0015
RC-KA-009356,Pooja Bhat,AAY,3,35,10,25,kn,FPS-KA-BEL-0016
RC-KA-009357,Ananya Bhat,AAY,2,35,0,35,hi,FPS-KA-BEL-0017
RC-KA-009358,Lakshmi Poojary,AAY,5,35,10,25,kn,FPS-KA-BEL-0018
RC-KA-009359,Harish Gowda,AAY,7,35,0,35,kn,FPS-KA-BEL-0019
RC-KA-009360,Harish Gowda,AAY,6,35,35,0,kn,FPS-KA-BEL-0020
RC-KA-009361,Kiran Desai,AAY,5,35,0,35,kn,FPS-KA-BLR-R-0001
RC-KA-009362,Aarav Patil,AAY,2,35,0,35,kn,FPS-KA-BLR-R-0002
RC-KA-009363,Meena Nayak,AAY,5,35,25,10,kn,FPS-KA-BLR-R-0003
RC-KA-009364,Bhavana Desai,AAY,3,35,20,15,kn,FPS-KA-BLR-R-0004
RC-KA-009365,Rekha Poojary,AAY,5,35,30,5,kn,FPS-KA-BLR-R-0005
RC-KA-009366,Chetan Kumar,AAY,3,35,20,15,hi,FPS-KA-BLR-R-0006
RC-KA-009367,Ananya Sharma,AAY,1,35,25,10,kn,FPS-KA-BLR-R-0007
RC-KA-009368,Akash Shetty,AAY,8,35,10,25,hi,FPS-KA-BLR-R-0008
RC-KA-009369,Deepa Hegde,AAY,4,35,20,15,kn,FPS-KA-BLR-R-0009
RC-KA-009370,Ravi Desai,AAY,4,35,30,5,kn,FPS-KA-BLR-R-0010
RC-KA-009371,Divya Nayak,AAY,8,35,35,0,kn,FPS-KA-BLR-R-0011
RC-KA-009372,Shalini Hegde,AAY,3,35,30,5,hi,FPS-KA-BLR-R-0012
RC-KA-009373,Ravi Gowda,AAY,8,35,25,10,kn,FPS-KA-BLR-R-0013
RC-KA-009374,Prakash Desai,AAY,1,35,20,15,hi,FPS-KA-BLR-R-0014
RC-KA-009375,Vijay Desai,AAY,2,35,20,15,kn,FPS-KA-BLR-R-0015
RC-KA-009376,Aarav Rao,AAY,2,35,10,25,en,FPS-KA-BLR-R-0016
RC-KA-009377,Prakash Sharma,AAY,7,35,5,30,en,FPS-KA-BLR-R-0017
RC-KA-009378,Kiran Kulkarni,AAY,1,35,35,0,hi,FPS-KA-BLR-R-0018
RC-KA-009379,Divya Desai,AAY,7,35,35,0,hi,FPS-KA-BLR-R-0019
RC-KA-009380,Shalini Nayak,AAY,3,35,5,30,kn,FPS-KA-BLR-R-0020
RC-KA-009381,Kavya Kulkarni,AAY,3,35,20,15,hi,FPS-KA-BLR-U-0001
RC-KA-009382,Sanjay Patil,AAY,7,35,15,20,hi,FPS-KA-BLR-U-0002
RC-KA-009383,Chetan Kulkarni,AAY,4,35,10,25,kn,FPS-KA-BLR-U-0003
RC-KA-009384,Harish Joshi,AAY,6,35,10,25,en,FPS-KA-BLR-U-0004
RC-KA-009385,Harish Bhat,AAY,8,35,30,5,kn,FPS-KA-BLR-U-0005
RC-KA-009386,Shalini Gowda,AAY,1,35,35,0,en,FPS-KA-BLR-U-0006
RC-KA-009387,Rekha Reddy,AAY,1,35,35,0,kn,FPS-KA-BLR-U-0007
RC-KA-009388,Divya Bhat,AAY,5,35,35,0,hi,FPS-KA-BLR-U-0008
RC-KA-009389,Kiran Gowda,AAY,7,35,5,30,kn,FPS-KA-BLR-U-0009
RC-KA-009390,Ravi Nayak,AAY,5,35,15,20,kn,FPS-KA-BLR-U-0010
RC-KA-009391,Kiran Shetty,AAY,4,35,5,30,hi,FPS-KA-BLR-U-0011
RC-KA-009392,Ganesh Naik,AAY,8,35,25,10,kn,FPS-KA-BLR-U-0012
RC-KA-009393,Akash Poojary,AAY,4,35,0,35,kn,FPS-KA-BLR-U-0013
RC-KA-009394,Kiran Reddy,AAY,6,35,30,5,en,FPS-KA-BLR-U-0014
RC-KA-009395,Chetan Kulkarni,AAY,1,35,0,35,kn,FPS-KA-BLR-U-0015
RC-KA-009396,Aditi Hegde,AAY,3,35,5,30,hi,FPS-KA-BLR-U-0016
RC-KA-009397,Manoj Joshi,AAY,2,35,30,5,kn,FPS-KA-BLR-U-0017
RC-KA-009398,Sneha Nayak,AAY,8,35,0,35,en,FPS-KA-BLR-U-0018
RC-KA-009399,Rahul Hegde,AAY,2,35,5,30,kn,FPS-KA-BLR-U-0019
RC-KA-009400,Ravi Poojary,AAY,4,35,35,0,hi,FPS-KA-BLR-U-0020
RC-KA-009401,Bhavana Desai,AAY,4,35,30,5,kn,FPS-KA-BID-0001
RC-KA-009402,Pooja Kulkarni,AAY,3,35,25,10,kn,FPS-KA-BID-0002
RC-KA-009403,Aditi Hegde,AAY,8,35,35,0,kn,FPS-KA-BID-0003
RC-KA-009404,Prakash Bhat,AAY,6,35,20,15,kn,FPS-KA-BID-0004
RC-KA-009405,Bhavana Bhat,AAY,1,35,35,0,kn,FPS-KA-BID-0005
RC-KA-009406,Rekha Joshi,AAY,7,35,5,30,kn,FPS-KA-BID-0006
RC-KA-009407,Ravi Shetty,AAY,3,35,35,0,kn,FPS-KA-BID-0007
RC-KA-009408,Sneha Gowda,AAY,4,35,15,20,hi,FPS-KA-BID-0008
RC-KA-009409,Prakash Reddy,AAY,4,35,10,25,kn,FPS-KA-BID-0009
RC-KA-009410,Bhavana Gowda,AAY,8,35,20,15,kn,FPS-KA-BID-0010
RC-KA-009411,Suresh Joshi,AAY,4,35,30,5,hi,FPS-KA-BID-0011
RC-KA-009412,Meena Gowda,AAY,5,35,5,30,kn,FPS-KA-BID-0012
RC-KA-009413,Bhavana Bhat,AAY,3,35,5,30,kn,FPS-KA-BID-0013
RC-KA-009414,Kavya Rao,AAY,6,35,5,30,hi,FPS-KA-BID-0014
RC-KA-009415,Ravi Nayak,AAY,7,35,5,30,kn,FPS-KA-BID-0015
RC-KA-009416,Bhavana Shetty,AAY,6,35,25,10,kn,FPS-KA-BID-0016
RC-KA-009417,Arjun Bhat,AAY,4,35,25,10,kn,FPS-KA-BID-0017
RC-KA-009418,Suresh Nayak,AAY,6,35,35,0,kn,FPS-KA-BID-0018
RC-KA-009419,Ravi Shetty,AAY,7,35,15,20,kn,FPS-KA-BID-0019
RC-KA-009420,Deepa Rao,AAY,3,35,10,25,kn,FPS-KA-BID-0020
RC-KA-009421,Pooja Kumar,AAY,4,35,25,10,en,FPS-KA-CHA-0001
RC-KA-009422,Sanjay Nayak,AAY,8,35,35,0,kn,FPS-KA-CHA-0002
RC-KA-009423,Priya Poojary,AAY,4,35,25,10,hi,FPS-KA-CHA-0003
RC-KA-009424,Bhavana Kulkarni,AAY,7,35,20,15,kn,FPS-KA-CHA-0004
RC-KA-009425,Divya Poojary,AAY,5,35,35,0,kn,FPS-KA-CHA-0005
RC-KA-009426,Ravi Shetty,AAY,6,35,25,10,kn,FPS-KA-CHA-0006
RC-KA-009427,Vijay Gowda,AAY,4,35,5,30,hi,FPS-KA-CHA-0007
RC-KA-009428,Aditi Nayak,AAY,6,35,0,35,kn,FPS-KA-CHA-0008
RC-KA-009429,Ganesh Kumar,AAY,8,35,25,10,kn,FPS-KA-CHA-0009
RC-KA-009430,Harish Joshi,AAY,6,35,0,35,hi,FPS-KA-CHA-0010
RC-KA-009431,Aarav Gowda,AAY,2,35,0,35,kn,FPS-KA-CHA-0011
RC-KA-009432,Meena Rao,AAY,1,35,30,5,kn,FPS-KA-CHA-0012
RC-KA-009433,Akash Sharma,AAY,5,35,20,15,kn,FPS-KA-CHA-0013
RC-KA-009434,Shalini Bhat,AAY,4,35,35,0,kn,FPS-KA-CHA-0014
RC-KA-009435,Kiran Rao,AAY,7,35,30,5,kn,FPS-KA-CHA-0015
RC-KA-009436,Deepa Nayak,AAY,5,35,30,5,hi,FPS-KA-CHA-0016
RC-KA-009437,Manoj Desai,AAY,4,35,15,20,kn,FPS-KA-CHA-0017
RC-KA-009438,Chetan Desai,AAY,5,35,30,5,en,FPS-KA-CHA-0018
RC-KA-009439,Vijay Bhat,AAY,3,35,10,25,hi,FPS-KA-CHA-0019
RC-KA-009440,Priya Nayak,AAY,7,35,10,25,kn,FPS-KA-CHA-0020
RC-KA-009441,Chetan Desai,AAY,2,35,25,10,kn,FPS-KA-CHB-0001
RC-KA-009442,Rahul Desai,AAY,5,35,15,20,kn,FPS-KA-CHB-0002
RC-KA-009443,Aditi Hegde,AAY,4,35,20,15,en,FPS-KA-CHB-0003
RC-KA-009444,Aarav Hegde,AAY,3,35,5,30,kn,FPS-KA-CHB-0004
RC-KA-009445,Shalini Kulkarni,AAY,1,35,20,15,kn,FPS-KA-CHB-0005
RC-KA-009446,Rahul Sharma,AAY,1,35,35,0,en,FPS-KA-CHB-0006
RC-KA-009447,Divya Hegde,AAY,7,35,10,25,kn,FPS-KA-CHB-0007
RC-KA-009448,Lakshmi Kulkarni,AAY,8,35,35,0,kn,FPS-KA-CHB-0008
RC-KA-009449,Priya Joshi,AAY,1,35,25,10,kn,FPS-KA-CHB-0009
RC-KA-009450,Meena Bhat,AAY,2,35,35,0,hi,FPS-KA-CHB-0010
RC-KA-009451,Chetan Sharma,AAY,4,35,30,5,kn,FPS-KA-CHB-0011
RC-KA-009452,Shankar Naik,AAY,8,35,25,10,kn,FPS-KA-CHB-0012
RC-KA-009453,Deepa Gowda,AAY,6,35,25,10,kn,FPS-KA-CHB-0013
RC-KA-009454,Shankar Bhat,AAY,5,35,20,15,kn,FPS-KA-CHB-0014
RC-KA-009455,Deepa Kumar,AAY,7,35,5,30,en,FPS-KA-CHB-0015
RC-KA-009456,Divya Desai,AAY,6,35,10,25,kn,FPS-KA-CHB-0016
RC-KA-009457,Manoj Poojary,AAY,8,35,35,0,kn,FPS-KA-CHB-0017
RC-KA-009458,Naveen Naik,AAY,3,35,5,30,kn,FPS-KA-CHB-0018
RC-KA-009459,Swathi Kumar,AAY,8,35,35,0,kn,FPS-KA-CHB-0019
RC-KA-009460,Shalini Sharma,AAY,2,35,5,30,en,FPS-KA-CHB-0020
RC-KA-009461,Prakash Kumar,AAY,8,35,25,10,kn,FPS-KA-CHK-0001
RC-KA-009462,Sneha Sharma,AAY,4,35,10,25,hi,FPS-KA-CHK-0002
RC-KA-009463,Harish Sharma,AAY,1,35,0,35,en,FPS-KA-CHK-0003
RC-KA-009464,Sanjay Gowda,AAY,1,35,25,10,kn,FPS-KA-CHK-0004
RC-KA-009465,Pooja Hegde,AAY,8,35,15,20,kn,FPS-KA-CHK-0005
RC-KA-009466,Prakash Gowda,AAY,5,35,0,35,kn,FPS-KA-CHK-0006
RC-KA-009467,Bhavana Naik,AAY,4,35,20,15,kn,FPS-KA-CHK-0007
RC-KA-009468,Sanjay Kumar,AAY,7,35,10,25,en,FPS-KA-CHK-0008
RC-KA-009469,Chetan Sharma,AAY,8,35,5,30,en,FPS-KA-CHK-0009
RC-KA-009470,Vijay Patil,AAY,4,35,15,20,en,FPS-KA-CHK-0010
RC-KA-009471,Kavya Nayak,AAY,7,35,25,10,kn,FPS-KA-CHK-0011
RC-KA-009472,Meena Hegde,AAY,4,35,25,10,kn,FPS-KA-CHK-0012
RC-KA-009473,Bhavana Joshi,AAY,1,35,30,5,en,FPS-KA-CHK-0013
RC-KA-009474,Vijay Patil,AAY,3,35,5,30,kn,FPS-KA-CHK-0014
RC-KA-009475,Harish Poojary,AAY,8,35,35,0,hi,FPS-KA-CHK-0015
RC-KA-009476,Shankar Desai,AAY,8,35,10,25,hi,FPS-KA-CHK-0016
RC-KA-009477,Lakshmi Reddy,AAY,4,35,35,0,en,FPS-KA-CHK-0017
RC-KA-009478,Prakash Poojary,AAY,1,35,35,0,kn,FPS-KA-CHK-0018
RC-KA-009479,Lakshmi Patil,AAY,4,35,30,5,hi,FPS-KA-CHK-0019
RC-KA-009480,Harish Nayak,AAY,8,35,35,0,kn,FPS-KA-CHK-0020
RC-KA-009481,Shalini Patil,AAY,6,35,0,35,hi,FPS-KA-CHI-0001
RC-KA-009482,Ravi Patil,AAY,5,35,20,15,en,FPS-KA-CHI-0002
RC-KA-009483,Bhavana Sharma,AAY,8,35,10,25,kn,FPS-KA-CHI-0003
RC-KA-009484,Manoj Sharma,AAY,1,35,5,30,kn,FPS-KA-CHI-0004
RC-KA-009485,Arjun Kulkarni,AAY,4,35,10,25,kn,FPS-KA-CHI-0005
RC-KA-009486,Bhavana Hegde,AAY,6,35,10,25,kn,FPS-KA-CHI-0006
RC-KA-009487,Harish Sharma,AAY,5,35,30,5,kn,FPS-KA-CHI-0007
RC-KA-009488,Lakshmi Desai,AAY,5,35,5,30,hi,FPS-KA-CHI-0008
RC-KA-009489,Harish Reddy,AAY,2,35,5,30,kn,FPS-KA-CHI-0009
RC-KA-009490,Rahul Hegde,AAY,8,35,10,25,kn,FPS-KA-CHI-0010
RC-KA-009491,Naveen Poojary,AAY,2,35,35,0,kn,FPS-KA-CHI-0011
RC-KA-009492,Rekha Hegde,AAY,5,35,0,35,kn,FPS-KA-CHI-0012
RC-KA-009493,Sanjay Kulkarni,AAY,4,35,0,35,kn,FPS-KA-CHI-0013
RC-KA-009494,Naveen Reddy,AAY,6,35,35,0,kn,FPS-KA-CHI-0014
RC-KA-009495,Sanjay Bhat,AAY,6,35,0,35,hi,FPS-KA-CHI-0015
RC-KA-009496,Chetan Kumar,AAY,1,35,25,10,kn,FPS-KA-CHI-0016
RC-KA-009497,Manoj Shetty,AAY,1,35,30,5,kn,FPS-KA-CHI-0017
RC-KA-009498,Harish Kulkarni,AAY,2,35,10,25,kn,FPS-KA-CHI-0018
RC-KA-009499,Sneha Nayak,AAY,4,35,35,0,hi,FPS-KA-CHI-0019
RC-KA-009500,Naveen Nayak,AAY,3,35,35,0,en,FPS-KA-CHI-0020
RC-KA-009501,Swathi Kumar,AAY,6,35,15,20,kn,FPS-KA-DK-0001
RC-KA-009502,Sanjay Sharma,AAY,3,35,5,30,kn,FPS-KA-DK-0002
RC-KA-009503,Meena Gowda,AAY,3,35,20,15,kn,FPS-KA-DK-0003
RC-KA-009504,Swathi Kulkarni,AAY,8,35,15,20,kn,FPS-KA-DK-0004
RC-KA-009505,Naveen Hegde,AAY,4,35,0,35,hi,FPS-KA-DK-0005
RC-KA-009506,Divya Poojary,AAY,4,35,0,35,kn,FPS-KA-DK-0006
RC-KA-009507,Shalini Joshi,AAY,4,35,30,5,hi,FPS-KA-DK-0007
RC-KA-009508,Chetan Joshi,AAY,2,35,30,5,kn,FPS-KA-DK-0008
RC-KA-009509,Lakshmi Patil,AAY,7,35,30,5,kn,FPS-KA-DK-0009
RC-KA-009510,Vijay Hegde,AAY,7,35,35,0,kn,FPS-KA-DK-0010
RC-KA-009511,Sanjay Nayak,AAY,6,35,35,0,hi,FPS-KA-DK-0011
RC-KA-009512,Aarav Hegde,AAY,6,35,20,15,kn,FPS-KA-DK-0012
RC-KA-009513,Arjun Hegde,AAY,8,35,35,0,en,FPS-KA-DK-0013
RC-KA-009514,Harish Bhat,AAY,1,35,20,15,kn,FPS-KA-DK-0014
RC-KA-009515,Vijay Hegde,AAY,2,35,0,35,kn,FPS-KA-DK-0015
RC-KA-009516,Harish Desai,AAY,6,35,35,0,kn,FPS-KA-DK-0016
RC-KA-009517,Rahul Shetty,AAY,5,35,25,10,hi,FPS-KA-DK-0017
RC-KA-009518,Ananya Patil,AAY,1,35,0,35,kn,FPS-KA-DK-0018
RC-KA-009519,Shankar Desai,AAY,5,35,5,30,kn,FPS-KA-DK-0019
RC-KA-009520,Kiran Patil,AAY,5,35,15,20,kn,FPS-KA-DK-0020
RC-KA-009521,Sneha Gowda,AAY,2,35,30,5,hi,FPS-KA-DAV-0001
RC-KA-009522,Rahul Kulkarni,AAY,2,35,25,10,kn,FPS-KA-DAV-0002
RC-KA-009523,Ganesh Patil,AAY,7,35,5,30,kn,FPS-KA-DAV-0003
RC-KA-009524,Kavya Patil,AAY,5,35,35,0,kn,FPS-KA-DAV-0004
RC-KA-009525,Ganesh Hegde,AAY,1,35,0,35,en,FPS-KA-DAV-0005
RC-KA-009526,Pooja Sharma,AAY,5,35,0,35,en,FPS-KA-DAV-0006
RC-KA-009527,Aarav Kulkarni,AAY,3,35,10,25,kn,FPS-KA-DAV-0007
RC-KA-009528,Shankar Naik,AAY,1,35,30,5,kn,FPS-KA-DAV-0008
RC-KA-009529,Kavya Bhat,AAY,4,35,25,10,kn,FPS-KA-DAV-0009
RC-KA-009530,Kiran Reddy,AAY,1,35,15,20,hi,FPS-KA-DAV-0010
RC-KA-009531,Arjun Kumar,AAY,4,35,30,5,kn,FPS-KA-DAV-0011
RC-KA-009532,Shalini Joshi,AAY,3,35,20,15,kn,FPS-KA-DAV-0012
RC-KA-009533,Sanjay Reddy,AAY,2,35,35,0,kn,FPS-KA-DAV-0013
RC-KA-009534,Shalini Rao,AAY,4,35,25,10,kn,FPS-KA-DAV-0014
RC-KA-009535,Rahul Poojary,AAY,5,35,10,25,kn,FPS-KA-DAV-0015
RC-KA-009536,Ravi Sharma,AAY,7,35,30,5,hi,FPS-KA-DAV-0016
RC-KA-009537,Divya Hegde,AAY,1,35,0,35,hi,FPS-KA-DAV-0017
RC-KA-009538,Suresh Nayak,AAY,4,35,0,35,kn,FPS-KA-DAV-0018
RC-KA-009539,Sneha Hegde,AAY,7,35,35,0,kn,FPS-KA-DAV-0019
RC-KA-009540,Prakash Kulkarni,AAY,2,35,20,15,kn,FPS-KA-DAV-0020
RC-KA-009541,Prakash Joshi,AAY,2,35,35,0,kn,FPS-KA-DHA-0001
RC-KA-009542,Sneha Patil,AAY,8,35,15,20,kn,FPS-KA-DHA-0002
RC-KA-009543,Pooja Nayak,AAY,2,35,30,5,en,FPS-KA-DHA-0003
RC-KA-009544,Deepa Kumar,AAY,2,35,15,20,en,FPS-KA-DHA-0004
RC-KA-009545,Ravi Shetty,AAY,5,35,30,5,kn,FPS-KA-DHA-0005
RC-KA-009546,Kiran Naik,AAY,2,35,25,10,kn,FPS-KA-DHA-0006
RC-KA-009547,Kiran Shetty,AAY,6,35,20,15,en,FPS-KA-DHA-0007
RC-KA-009548,Arjun Kumar,AAY,6,35,35,0,kn,FPS-KA-DHA-0008
RC-KA-009549,Arjun Desai,AAY,6,35,15,20,kn,FPS-KA-DHA-0009
RC-KA-009550,Shalini Kumar,AAY,7,35,35,0,kn,FPS-KA-DHA-0010
RC-KA-009551,Shankar Bhat,AAY,3,35,25,10,en,FPS-KA-DHA-0011
RC-KA-009552,Aditi Joshi,AAY,5,35,35,0,kn,FPS-KA-DHA-0012
RC-KA-009553,Swathi Reddy,AAY,1,35,35,0,kn,FPS-KA-DHA-0013
RC-KA-009554,Shalini Desai,AAY,4,35,5,30,hi,FPS-KA-DHA-0014
RC-KA-009555,Divya Shetty,AAY,2,35,30,5,kn,FPS-KA-DHA-0015
RC-KA-009556,Vijay Rao,AAY,7,35,5,30,kn,FPS-KA-DHA-0016
RC-KA-009557,Lakshmi Hegde,AAY,5,35,35,0,kn,FPS-KA-DHA-0017
RC-KA-009558,Ananya Hegde,AAY,1,35,20,15,kn,FPS-KA-DHA-0018
RC-KA-009559,Kavya Poojary,AAY,3,35,30,5,kn,FPS-KA-DHA-0019
RC-KA-009560,Ganesh Bhat,AAY,3,35,30,5,hi,FPS-KA-DHA-0020
RC-KA-009561,Ravi Kumar,AAY,6,35,20,15,kn,FPS-KA-GAD-0001
RC-KA-009562,Sneha Desai,AAY,2,35,15,20,en,FPS-KA-GAD-0002
RC-KA-009563,Meena Kumar,AAY,1,35,20,15,kn,FPS-KA-GAD-0003
RC-KA-009564,Chetan Rao,AAY,7,35,10,25,kn,FPS-KA-GAD-0004
RC-KA-009565,Kiran Nayak,AAY,4,35,35,0,kn,FPS-KA-GAD-0005
RC-KA-009566,Bhavana Kumar,AAY,6,35,10,25,kn,FPS-KA-GAD-0006
RC-KA-009567,Shankar Desai,AAY,8,35,30,5,kn,FPS-KA-GAD-0007
RC-KA-009568,Divya Kumar,AAY,5,35,5,30,kn,FPS-KA-GAD-0008
RC-KA-009569,Lakshmi Bhat,AAY,5,35,0,35,hi,FPS-KA-GAD-0009
RC-KA-009570,Ganesh Shetty,AAY,2,35,15,20,kn,FPS-KA-GAD-0010
RC-KA-009571,Akash Joshi,AAY,6,35,25,10,kn,FPS-KA-GAD-0011
RC-KA-009572,Lakshmi Bhat,AAY,4,35,10,25,hi,FPS-KA-GAD-0012
RC-KA-009573,Divya Gowda,AAY,3,35,5,30,kn,FPS-KA-GAD-0013
RC-KA-009574,Aarav Sharma,AAY,6,35,25,10,kn,FPS-KA-GAD-0014
RC-KA-009575,Suresh Poojary,AAY,6,35,20,15,en,FPS-KA-GAD-0015
RC-KA-009576,Harish Patil,AAY,6,35,10,25,en,FPS-KA-GAD-0016
RC-KA-009577,Naveen Poojary,AAY,6,35,30,5,en,FPS-KA-GAD-0017
RC-KA-009578,Naveen Nayak,AAY,1,35,20,15,kn,FPS-KA-GAD-0018
RC-KA-009579,Meena Gowda,AAY,3,35,0,35,kn,FPS-KA-GAD-0019
RC-KA-009580,Ganesh Patil,AAY,3,35,30,5,kn,FPS-KA-GAD-0020
RC-KA-009581,Vijay Gowda,AAY,3,35,15,20,kn,FPS-KA-HAS-0001
RC-KA-009582,Bhavana Desai,AAY,4,35,10,25,kn,FPS-KA-HAS-0002
RC-KA-009583,Lakshmi Shetty,AAY,4,35,15,20,kn,FPS-KA-HAS-0003
RC-KA-009584,Lakshmi Desai,AAY,8,35,35,0,en,FPS-KA-HAS-0004
RC-KA-009585,Harish Nayak,AAY,5,35,30,5,en,FPS-KA-HAS-0005
RC-KA-009586,Pooja Desai,AAY,2,35,20,15,hi,FPS-KA-HAS-0006
RC-KA-009587,Arjun Sharma,AAY,8,35,20,15,kn,FPS-KA-HAS-0007
RC-KA-009588,Chetan Rao,AAY,5,35,20,15,kn,FPS-KA-HAS-0008
RC-KA-009589,Kavya Poojary,AAY,2,35,15,20,kn,FPS-KA-HAS-0009
RC-KA-009590,Sneha Bhat,AAY,8,35,10,25,en,FPS-KA-HAS-0010
RC-KA-009591,Rekha Kumar,AAY,7,35,30,5,kn,FPS-KA-HAS-0011
RC-KA-009592,Rahul Kulkarni,AAY,1,35,25,10,kn,FPS-KA-HAS-0012
RC-KA-009593,Aditi Reddy,AAY,8,35,15,20,hi,FPS-KA-HAS-0013
RC-KA-009594,Rekha Bhat,AAY,2,35,30,5,kn,FPS-KA-HAS-0014
RC-KA-009595,Priya Patil,AAY,4,35,5,30,kn,FPS-KA-HAS-0015
RC-KA-009596,Vijay Reddy,AAY,6,35,15,20,kn,FPS-KA-HAS-0016
RC-KA-009597,Rahul Hegde,AAY,4,35,15,20,kn,FPS-KA-HAS-0017
RC-KA-009598,Kiran Naik,AAY,2,35,0,35,kn,FPS-KA-HAS-0018
RC-KA-009599,Arjun Joshi,AAY,1,35,10,25,kn,FPS-KA-HAS-0019
RC-KA-009600,Deepa Joshi,AAY,1,35,5,30,en,FPS-KA-HAS-0020
RC-KA-009601,Kavya Naik,AAY,6,35,15,20,kn,FPS-KA-HAV-0001
RC-KA-009602,Ananya Hegde,AAY,4,35,35,0,kn,FPS-KA-HAV-0002
RC-KA-009603,Akash Kumar,AAY,8,35,15,20,kn,FPS-KA-HAV-0003
RC-KA-009604,Kiran Rao,AAY,6,35,5,30,kn,FPS-KA-HAV-0004
RC-KA-009605,Suresh Shetty,AAY,7,35,0,35,kn,FPS-KA-HAV-0005
RC-KA-009606,Ganesh Kulkarni,AAY,4,35,30,5,kn,FPS-KA-HAV-0006
RC-KA-009607,Rahul Shetty,AAY,1,35,10,25,kn,FPS-KA-HAV-0007
RC-KA-009608,Meena Joshi,AAY,3,35,20,15,en,FPS-KA-HAV-0008
RC-KA-009609,Harish Gowda,AAY,3,35,10,25,en,FPS-KA-HAV-0009
RC-KA-009610,Ananya Rao,AAY,3,35,30,5,en,FPS-KA-HAV-0010
RC-KA-009611,Lakshmi Shetty,AAY,4,35,25,10,kn,FPS-KA-HAV-0011
RC-KA-009612,Aditi Gowda,AAY,2,35,0,35,kn,FPS-KA-HAV-0012
RC-KA-009613,Swathi Sharma,AAY,6,35,35,0,hi,FPS-KA-HAV-0013
RC-KA-009614,Rekha Sharma,AAY,8,35,0,35,kn,FPS-KA-HAV-0014
RC-KA-009615,Priya Desai,AAY,2,35,0,35,kn,FPS-KA-HAV-0015
RC-KA-009616,Lakshmi Joshi,AAY,6,35,10,25,en,FPS-KA-HAV-0016
RC-KA-009617,Aditi Joshi,AAY,7,35,30,5,en,FPS-KA-HAV-0017
RC-KA-009618,Shalini Kulkarni,AAY,4,35,30,5,kn,FPS-KA-HAV-0018
RC-KA-009619,Manoj Reddy,AAY,3,35,5,30,kn,FPS-KA-HAV-0019
RC-KA-009620,Ravi Desai,AAY,8,35,15,20,kn,FPS-KA-HAV-0020
RC-KA-009621,Prakash Patil,AAY,2,35,20,15,hi,FPS-KA-KAL-0001
RC-KA-009622,Arjun Patil,AAY,4,35,0,35,kn,FPS-KA-KAL-0002
RC-KA-009623,Sanjay Poojary,AAY,1,35,25,10,hi,FPS-KA-KAL-0003
RC-KA-009624,Aditi Desai,AAY,7,35,10,25,kn,FPS-KA-KAL-0004
RC-KA-009625,Vijay Naik,AAY,1,35,10,25,en,FPS-KA-KAL-0005
RC-KA-009626,Harish Nayak,AAY,8,35,20,15,kn,FPS-KA-KAL-0006
RC-KA-009627,Bhavana Desai,AAY,8,35,10,25,kn,FPS-KA-KAL-0007
RC-KA-009628,Bhavana Shetty,AAY,4,35,5,30,en,FPS-KA-KAL-0008
RC-KA-009629,Manoj Poojary,AAY,4,35,10,25,kn,FPS-KA-KAL-0009
RC-KA-009630,Ananya Naik,AAY,3,35,25,10,kn,FPS-KA-KAL-0010
RC-KA-009631,Swathi Hegde,AAY,4,35,20,15,kn,FPS-KA-KAL-0011
RC-KA-009632,Naveen Joshi,AAY,5,35,15,20,kn,FPS-KA-KAL-0012
RC-KA-009633,Divya Desai,AAY,7,35,20,15,kn,FPS-KA-KAL-0013
RC-KA-009634,Rahul Kumar,AAY,1,35,0,35,kn,FPS-KA-KAL-0014
RC-KA-009635,Chetan Kulkarni,AAY,3,35,20,15,hi,FPS-KA-KAL-0015
RC-KA-009636,Kavya Hegde,AAY,7,35,15,20,kn,FPS-KA-KAL-0016
RC-KA-009637,Vijay Hegde,AAY,6,35,0,35,kn,FPS-KA-KAL-0017
RC-KA-009638,Aarav Kumar,AAY,4,35,35,0,kn,FPS-KA-KAL-0018
RC-KA-009639,Priya Sharma,AAY,8,35,35,0,en,FPS-KA-KAL-0019
RC-KA-009640,Shankar Shetty,AAY,1,35,15,20,kn,FPS-KA-KAL-0020
RC-KA-009641,Shalini Hegde,AAY,2,35,5,30,hi,FPS-KA-KOD-0001
RC-KA-009642,Deepa Gowda,AAY,1,35,20,15,kn,FPS-KA-KOD-0002
RC-KA-009643,Divya Patil,AAY,6,35,30,5,kn,FPS-KA-KOD-0003
RC-KA-009644,Kiran Patil,AAY,2,35,0,35,kn,FPS-KA-KOD-0004
RC-KA-009645,Vijay Reddy,AAY,2,35,15,20,en,FPS-KA-KOD-0005
RC-KA-009646,Vijay Kulkarni,AAY,6,35,10,25,kn,FPS-KA-KOD-0006
RC-KA-009647,Kiran Patil,AAY,3,35,10,25,hi,FPS-KA-KOD-0007
RC-KA-009648,Sanjay Naik,AAY,4,35,5,30,en,FPS-KA-KOD-0008
RC-KA-009649,Vijay Reddy,AAY,3,35,30,5,kn,FPS-KA-KOD-0009
RC-KA-009650,Ganesh Patil,AAY,4,35,5,30,kn,FPS-KA-KOD-0010
RC-KA-009651,Akash Desai,AAY,3,35,15,20,kn,FPS-KA-KOD-0011
RC-KA-009652,Shankar Sharma,AAY,2,35,35,0,kn,FPS-KA-KOD-0012
RC-KA-009653,Sanjay Naik,AAY,5,35,25,10,kn,FPS-KA-KOD-0013
RC-KA-009654,Priya Poojary,AAY,1,35,25,10,hi,FPS-KA-KOD-0014
RC-KA-009655,Priya Nayak,AAY,6,35,0,35,kn,FPS-KA-KOD-0015
RC-KA-009656,Shalini Kumar,AAY,1,35,0,35,hi,FPS-KA-KOD-0016
RC-KA-009657,Shankar Rao,AAY,6,35,30,5,hi,FPS-KA-KOD-0017
RC-KA-009658,Lakshmi Reddy,AAY,4,35,25,10,kn,FPS-KA-KOD-0018
RC-KA-009659,Shankar Kulkarni,AAY,6,35,25,10,kn,FPS-KA-KOD-0019
RC-KA-009660,Ananya Reddy,AAY,4,35,25,10,kn,FPS-KA-KOD-0020
RC-KA-009661,Shankar Nayak,AAY,1,35,10,25,hi,FPS-KA-KOL-0001
RC-KA-009662,Aditi Kulkarni,AAY,7,35,35,0,en,FPS-KA-KOL-0002
RC-KA-009663,Aarav Shetty,AAY,7,35,25,10,hi,FPS-KA-KOL-0003
RC-KA-009664,Kavya Nayak,AAY,5,35,10,25,en,FPS-KA-KOL-0004
RC-KA-009665,Akash Poojary,AAY,8,35,35,0,kn,FPS-KA-KOL-0005
RC-KA-009666,Akash Desai,AAY,5,35,0,35,kn,FPS-KA-KOL-0006
RC-KA-009667,Rekha Desai,AAY,6,35,15,20,kn,FPS-KA-KOL-0007
RC-KA-009668,Ananya Hegde,AAY,8,35,25,10,kn,FPS-KA-KOL-0008
RC-KA-009669,Sanjay Joshi,AAY,8,35,5,30,kn,FPS-KA-KOL-0009
RC-KA-009670,Ananya Hegde,AAY,4,35,5,30,kn,FPS-KA-KOL-0010
RC-KA-009671,Bhavana Bhat,AAY,2,35,5,30,kn,FPS-KA-KOL-0011
RC-KA-009672,Rekha Rao,AAY,5,35,5,30,kn,FPS-KA-KOL-0012
RC-KA-009673,Lakshmi Desai,AAY,5,35,25,10,en,FPS-KA-KOL-0013
RC-KA-009674,Vijay Reddy,AAY,4,35,5,30,en,FPS-KA-KOL-0014
RC-KA-009675,Meena Nayak,AAY,8,35,5,30,en,FPS-KA-KOL-0015
RC-KA-009676,Vijay Patil,AAY,5,35,5,30,kn,FPS-KA-KOL-0016
RC-KA-009677,Ganesh Nayak,AAY,7,35,30,5,kn,FPS-KA-KOL-0017
RC-KA-009678,Meena Bhat,AAY,6,35,0,35,kn,FPS-KA-KOL-0018
RC-KA-009679,Swathi Gowda,AAY,1,35,15,20,kn,FPS-KA-KOL-0019
RC-KA-009680,Vijay Gowda,AAY,2,35,35,0,kn,FPS-KA-KOL-0020
RC-KA-009681,Chetan Poojary,AAY,8,35,0,35,kn,FPS-KA-KOP-0001
RC-KA-009682,Arjun Desai,AAY,1,35,5,30,kn,FPS-KA-KOP-0002
RC-KA-009683,Ravi Joshi,AAY,4,35,15,20,en,FPS-KA-KOP-0003
RC-KA-009684,Deepa Hegde,AAY,2,35,35,0,kn,FPS-KA-KOP-0004
RC-KA-009685,Sneha Kulkarni,AAY,8,35,30,5,kn,FPS-KA-KOP-0005
RC-KA-009686,Prakash Gowda,AAY,5,35,0,35,kn,FPS-KA-KOP-0006
RC-KA-009687,Shalini Kulkarni,AAY,6,35,20,15,en,FPS-KA-KOP-0007
RC-KA-009688,Arjun Kumar,AAY,1,35,35,0,kn,FPS-KA-KOP-0008
RC-KA-009689,Suresh Naik,AAY,5,35,5,30,kn,FPS-KA-KOP-0009
RC-KA-009690,Bhavana Naik,AAY,4,35,20,15,hi,FPS-KA-KOP-0010
RC-KA-009691,Meena Hegde,AAY,2,35,5,30,kn,FPS-KA-KOP-0011
RC-KA-009692,Arjun Naik,AAY,5,35,30,5,en,FPS-KA-KOP-0012
RC-KA-009693,Sneha Patil,AAY,3,35,10,25,kn,FPS-KA-KOP-0013
RC-KA-009694,Akash Rao,AAY,7,35,20,15,kn,FPS-KA-KOP-0014
RC-KA-009695,Divya Kulkarni,AAY,2,35,30,5,en,FPS-KA-KOP-0015
RC-KA-009696,Priya Rao,AAY,1,35,15,20,kn,FPS-KA-KOP-0016
RC-KA-009697,Harish Sharma,AAY,6,35,5,30,kn,FPS-KA-KOP-0017
RC-KA-009698,Rekha Kulkarni,AAY,3,35,15,20,kn,FPS-KA-KOP-0018
RC-KA-009699,Suresh Rao,AAY,7,35,25,10,kn,FPS-KA-KOP-0019
RC-KA-009700,Harish Reddy,AAY,8,35,20,15,kn,FPS-KA-KOP-0020
RC-KA-009701,Shalini Kumar,AAY,4,35,5,30,en,FPS-KA-MAN-0001
RC-KA-009702,Aditi Rao,AAY,5,35,25,10,kn,FPS-KA-MAN-0002
RC-KA-009703,Rekha Nayak,AAY,6,35,20,15,kn,FPS-KA-MAN-0003
RC-KA-009704,Vijay Poojary,AAY,4,35,35,0,en,FPS-KA-MAN-0004
RC-KA-009705,Ganesh Poojary,AAY,2,35,15,20,kn,FPS-KA-MAN-0005
RC-KA-009706,Shalini Poojary,AAY,7,35,15,20,kn,FPS-KA-MAN-0006
RC-KA-009707,Suresh Poojary,AAY,1,35,35,0,kn,FPS-KA-MAN-0007
RC-KA-009708,Prakash Kumar,AAY,1,35,35,0,kn,FPS-KA-MAN-0008
RC-KA-009709,Aditi Gowda,AAY,6,35,35,0,hi,FPS-KA-MAN-0009
RC-KA-009710,Rekha Poojary,AAY,4,35,0,35,kn,FPS-KA-MAN-0010
RC-KA-009711,Meena Naik,AAY,6,35,20,15,kn,FPS-KA-MAN-0011
RC-KA-009712,Rekha Reddy,AAY,8,35,15,20,kn,FPS-KA-MAN-0012
RC-KA-009713,Shalini Sharma,AAY,6,35,35,0,kn,FPS-KA-MAN-0013
RC-KA-009714,Lakshmi Joshi,AAY,8,35,0,35,kn,FPS-KA-MAN-0014
RC-KA-009715,Kavya Kumar,AAY,6,35,10,25,hi,FPS-KA-MAN-0015
RC-KA-009716,Sneha Bhat,AAY,4,35,5,30,kn,FPS-KA-MAN-0016
RC-KA-009717,Aarav Rao,AAY,8,35,25,10,kn,FPS-KA-MAN-0017
RC-KA-009718,Vijay Bhat,AAY,4,35,35,0,kn,FPS-KA-MAN-0018
RC-KA-009719,Pooja Sharma,AAY,2,35,25,10,kn,FPS-KA-MAN-0019
RC-KA-009720,Sanjay Sharma,AAY,8,35,20,15,kn,FPS-KA-MAN-0020
RC-KA-009721,Harish Bhat,AAY,6,35,10,25,kn,FPS-KA-MYS-0001
RC-KA-009722,Meena Nayak,AAY,6,35,0,35,kn,FPS-KA-MYS-0002
RC-KA-009723,Manoj Bhat,AAY,3,35,5,30,kn,FPS-KA-MYS-0003
RC-KA-009724,Aditi Kulkarni,AAY,3,35,30,5,kn,FPS-KA-MYS-0004
RC-KA-009725,Lakshmi Poojary,AAY,4,35,10,25,kn,FPS-KA-MYS-0005
RC-KA-009726,Suresh Naik,AAY,2,35,5,30,kn,FPS-KA-MYS-0006
RC-KA-009727,Meena Joshi,AAY,1,35,30,5,kn,FPS-KA-MYS-0007
RC-KA-009728,Shankar Reddy,AAY,1,35,0,35,kn,FPS-KA-MYS-0008
RC-KA-009729,Ravi Kumar,AAY,2,35,5,30,kn,FPS-KA-MYS-0009
RC-KA-009730,Harish Sharma,AAY,2,35,35,0,en,FPS-KA-MYS-0010
RC-KA-009731,Swathi Shetty,AAY,3,35,10,25,hi,FPS-KA-MYS-0011
RC-KA-009732,Bhavana Hegde,AAY,4,35,15,20,en,FPS-KA-MYS-0012
RC-KA-009733,Kavya Patil,AAY,7,35,35,0,kn,FPS-KA-MYS-0013
RC-KA-009734,Swathi Kulkarni,AAY,4,35,25,10,en,FPS-KA-MYS-0014
RC-KA-009735,Manoj Bhat,AAY,2,35,30,5,kn,FPS-KA-MYS-0015
RC-KA-009736,Divya Rao,AAY,2,35,20,15,kn,FPS-KA-MYS-0016
RC-KA-009737,Meena Reddy,AAY,3,35,35,0,kn,FPS-KA-MYS-0017
RC-KA-009738,Meena Reddy,AAY,3,35,15,20,kn,FPS-KA-MYS-0018
RC-KA-009739,Shankar Gowda,AAY,8,35,20,15,kn,FPS-KA-MYS-0019
RC-KA-009740,Divya Shetty,AAY,5,35,10,25,kn,FPS-KA-MYS-0020
RC-KA-009741,Swathi Desai,AAY,1,35,35,0,kn,FPS-KA-RAI-0001
RC-KA-009742,Naveen Desai,AAY,5,35,5,30,kn,FPS-KA-RAI-0002
RC-KA-009743,Aditi Kumar,AAY,2,35,20,15,kn,FPS-KA-RAI-0003
RC-KA-009744,Suresh Rao,AAY,6,35,10,25,kn,FPS-KA-RAI-0004
RC-KA-009745,Swathi Poojary,AAY,6,35,15,20,en,FPS-KA-RAI-0005
RC-KA-009746,Suresh Bhat,AAY,1,35,25,10,kn,FPS-KA-RAI-0006
RC-KA-009747,Rekha Sharma,AAY,8,35,35,0,kn,FPS-KA-RAI-0007
RC-KA-009748,Shankar Shetty,AAY,4,35,30,5,kn,FPS-KA-RAI-0008
RC-KA-009749,Kavya Desai,AAY,8,35,15,20,kn,FPS-KA-RAI-0009
RC-KA-009750,Rahul Gowda,AAY,3,35,15,20,kn,FPS-KA-RAI-0010
RC-KA-009751,Arjun Gowda,AAY,7,35,5,30,kn,FPS-KA-RAI-0011
RC-KA-009752,Ravi Nayak,AAY,4,35,25,10,kn,FPS-KA-RAI-0012
RC-KA-009753,Aditi Gowda,AAY,2,35,15,20,kn,FPS-KA-RAI-0013
RC-KA-009754,Kavya Rao,AAY,1,35,35,0,kn,FPS-KA-RAI-0014
RC-KA-009755,Kiran Sharma,AAY,1,35,10,25,en,FPS-KA-RAI-0015
RC-KA-009756,Swathi Gowda,AAY,5,35,20,15,hi,FPS-KA-RAI-0016
RC-KA-009757,Sanjay Shetty,AAY,3,35,15,20,kn,FPS-KA-RAI-0017
RC-KA-009758,Vijay Patil,AAY,3,35,15,20,en,FPS-KA-RAI-0018
RC-KA-009759,Harish Nayak,AAY,8,35,15,20,kn,FPS-KA-RAI-0019
RC-KA-009760,Shalini Rao,AAY,8,35,0,35,en,FPS-KA-RAI-0020
RC-KA-009761,Sneha Gowda,AAY,5,35,15,20,kn,FPS-KA-RAM-0001
RC-KA-009762,Naveen Hegde,AAY,4,35,35,0,kn,FPS-KA-RAM-0002
RC-KA-009763,Bhavana Gowda,AAY,8,35,15,20,kn,FPS-KA-RAM-0003
RC-KA-009764,Sanjay Joshi,AAY,4,35,5,30,kn,FPS-KA-RAM-0004
RC-KA-009765,Aditi Joshi,AAY,3,35,10,25,kn,FPS-KA-RAM-0005
RC-KA-009766,Kavya Gowda,AAY,1,35,15,20,kn,FPS-KA-RAM-0006
RC-KA-009767,Sneha Joshi,AAY,4,35,5,30,en,FPS-KA-RAM-0007
RC-KA-009768,Pooja Joshi,AAY,5,35,20,15,hi,FPS-KA-RAM-0008
RC-KA-009769,Rahul Naik,AAY,4,35,0,35,kn,FPS-KA-RAM-0009
RC-KA-009770,Ananya Reddy,AAY,8,35,15,20,kn,FPS-KA-RAM-0010
RC-KA-009771,Divya Sharma,AAY,4,35,35,0,kn,FPS-KA-RAM-0011
RC-KA-009772,Sneha Hegde,AAY,5,35,30,5,kn,FPS-KA-RAM-0012
RC-KA-009773,Suresh Desai,AAY,6,35,20,15,kn,FPS-KA-RAM-0013
RC-KA-009774,Deepa Nayak,AAY,1,35,0,35,kn,FPS-KA-RAM-0014
RC-KA-009775,Naveen Joshi,AAY,6,35,25,10,kn,FPS-KA-RAM-0015
RC-KA-009776,Pooja Bhat,AAY,3,35,15,20,en,FPS-KA-RAM-0016
RC-KA-009777,Aarav Poojary,AAY,2,35,5,30,hi,FPS-KA-RAM-0017
RC-KA-009778,Harish Patil,AAY,3,35,15,20,kn,FPS-KA-RAM-0018
RC-KA-009779,Prakash Joshi,AAY,3,35,20,15,kn,FPS-KA-RAM-0019
RC-KA-009780,Sanjay Hegde,AAY,3,35,25,10,kn,FPS-KA-RAM-0020
RC-KA-009781,Kavya Kulkarni,AAY,4,35,35,0,kn,FPS-KA-SHI-0001
RC-KA-009782,Suresh Rao,AAY,5,35,5,30,kn,FPS-KA-SHI-0002
RC-KA-009783,Manoj Rao,AAY,4,35,15,20,hi,FPS-KA-SHI-0003
RC-KA-009784,Ravi Nayak,AAY,1,35,30,5,kn,FPS-KA-SHI-0004
RC-KA-009785,Ravi Bhat,AAY,8,35,0,35,kn,FPS-KA-SHI-0005
RC-KA-009786,Deepa Gowda,AAY,7,35,15,20,hi,FPS-KA-SHI-0006
RC-KA-009787,Rekha Gowda,AAY,2,35,5,30,hi,FPS-KA-SHI-0007
RC-KA-009788,Deepa Patil,AAY,2,35,25,10,kn,FPS-KA-SHI-0008
RC-KA-009789,Ananya Kumar,AAY,4,35,35,0,kn,FPS-KA-SHI-0009
RC-KA-009790,Deepa Desai,AAY,4,35,20,15,kn,FPS-KA-SHI-0010
RC-KA-009791,Aarav Rao,AAY,8,35,5,30,en,FPS-KA-SHI-0011
RC-KA-009792,Rahul Reddy,AAY,4,35,35,0,kn,FPS-KA-SHI-0012
RC-KA-009793,Pooja Sharma,AAY,1,35,30,5,kn,FPS-KA-SHI-0013
RC-KA-009794,Ganesh Nayak,AAY,3,35,0,35,en,FPS-KA-SHI-0014
RC-KA-009795,Arjun Rao,AAY,6,35,10,25,kn,FPS-KA-SHI-0015
RC-KA-009796,Divya Desai,AAY,2,35,30,5,kn,FPS-KA-SHI-0016
RC-KA-009797,Pooja Naik,AAY,5,35,10,25,kn,FPS-KA-SHI-0017
RC-KA-009798,Swathi Rao,AAY,8,35,15,20,kn,FPS-KA-SHI-0018
RC-KA-009799,Harish Kumar,AAY,6,35,0,35,hi,FPS-KA-SHI-0019
RC-KA-009800,Swathi Reddy,AAY,3,35,0,35,kn,FPS-KA-SHI-0020
RC-KA-009801,Ananya Shetty,AAY,7,35,35,0,kn,FPS-KA-TUM-0001
RC-KA-009802,Vijay Nayak,AAY,1,35,35,0,en,FPS-KA-TUM-0002
RC-KA-009803,Sneha Poojary,AAY,1,35,25,10,kn,FPS-KA-TUM-0003
RC-KA-009804,Rekha Hegde,AAY,1,35,15,20,kn,FPS-KA-TUM-0004
RC-KA-009805,Shalini Rao,AAY,1,35,5,30,kn,FPS-KA-TUM-0005
RC-KA-009806,Lakshmi Hegde,AAY,7,35,20,15,kn,FPS-KA-TUM-0006
RC-KA-009807,Manoj Naik,AAY,8,35,5,30,hi,FPS-KA-TUM-0007
RC-KA-009808,Harish Naik,AAY,5,35,10,25,kn,FPS-KA-TUM-0008
RC-KA-009809,Swathi Nayak,AAY,1,35,25,10,en,FPS-KA-TUM-0009
RC-KA-009810,Shankar Naik,AAY,6,35,25,10,kn,FPS-KA-TUM-0010
RC-KA-009811,Sanjay Kulkarni,AAY,1,35,10,25,kn,FPS-KA-TUM-0011
RC-KA-009812,Priya Poojary,AAY,8,35,25,10,kn,FPS-KA-TUM-0012
RC-KA-009813,Aarav Gowda,AAY,4,35,0,35,en,FPS-KA-TUM-0013
RC-KA-009814,Akash Naik,AAY,4,35,20,15,en,FPS-KA-TUM-0014
RC-KA-009815,Pooja Patil,AAY,1,35,25,10,hi,FPS-KA-TUM-0015
RC-KA-009816,Akash Kumar,AAY,7,35,35,0,kn,FPS-KA-TUM-0016
RC-KA-009817,Kavya Naik,AAY,5,35,20,15,en,FPS-KA-TUM-0017
RC-KA-009818,Aarav Patil,AAY,5,35,0,35,en,FPS-KA-TUM-0018
RC-KA-009819,Rekha Kulkarni,AAY,5,35,0,35,kn,FPS-KA-TUM-0019
RC-KA-009820,Manoj Kulkarni,AAY,5,35,25,10,kn,FPS-KA-TUM-0020
RC-KA-009821,Pooja Rao,AAY,4,35,20,15,hi,FPS-KA-UDP-0001
RC-KA-009822,Lakshmi Patil,AAY,8,35,25,10,kn,FPS-KA-UDP-0002
RC-KA-009823,Kiran Kulkarni,AAY,5,35,10,25,en,FPS-KA-UDP-0003
RC-KA-009824,Aditi Gowda,AAY,3,35,25,10,kn,FPS-KA-UDP-0004
RC-KA-009825,Priya Hegde,AAY,4,35,0,35,kn,FPS-KA-UDP-0005
RC-KA-009826,Ananya Shetty,AAY,2,35,5,30,en,FPS-KA-UDP-0006
RC-KA-009827,Ravi Poojary,AAY,2,35,30,5,kn,FPS-KA-UDP-0007
RC-KA-009828,Ananya Hegde,AAY,6,35,0,35,kn,FPS-KA-UDP-0008
RC-KA-009829,Ananya Hegde,AAY,6,35,0,35,kn,FPS-KA-UDP-0009
RC-KA-009830,Vijay Kumar,AAY,1,35,35,0,en,FPS-KA-UDP-0010
RC-KA-009831,Rahul Kulkarni,AAY,2,35,35,0,kn,FPS-KA-UDP-0011
RC-KA-009832,Meena Kumar,AAY,5,35,35,0,en,FPS-KA-UDP-0012
RC-KA-009833,Sneha Kumar,AAY,7,35,15,20,hi,FPS-KA-UDP-0013
RC-KA-009834,Swathi Reddy,AAY,2,35,0,35,kn,FPS-KA-UDP-0014
RC-KA-009835,Manoj Kulkarni,AAY,3,35,15,20,kn,FPS-KA-UDP-0015
RC-KA-009836,Ganesh Kulkarni,AAY,8,35,0,35,kn,FPS-KA-UDP-0016
RC-KA-009837,Vijay Naik,AAY,2,35,30,5,kn,FPS-KA-UDP-0017
RC-KA-009838,Ganesh Hegde,AAY,5,35,30,5,kn,FPS-KA-UDP-0018
RC-KA-009839,Akash Poojary,AAY,3,35,20,15,kn,FPS-KA-UDP-0019
RC-KA-009840,Shalini Gowda,AAY,4,35,10,25,kn,FPS-KA-UDP-0020
RC-KA-009841,Rahul Shetty,AAY,2,35,15,20,en,FPS-KA-UK-0001
RC-KA-009842,Vijay Bhat,AAY,5,35,20,15,hi,FPS-KA-UK-0002
RC-KA-009843,Harish Sharma,AAY,3,35,35,0,hi,FPS-KA-UK-0003
RC-KA-009844,Ganesh Joshi,AAY,2,35,20,15,en,FPS-KA-UK-0004
RC-KA-009845,Prakash Poojary,AAY,5,35,0,35,en,FPS-KA-UK-0005
RC-KA-009846,Shalini Kumar,AAY,5,35,30,5,kn,FPS-KA-UK-0006
RC-KA-009847,Shankar Sharma,AAY,5,35,30,5,kn,FPS-KA-UK-0007
RC-KA-009848,Sneha Rao,AAY,3,35,20,15,kn,FPS-KA-UK-0008
RC-KA-009849,Meena Rao,AAY,8,35,0,35,kn,FPS-KA-UK-0009
RC-KA-009850,Rahul Poojary,AAY,4,35,35,0,kn,FPS-KA-UK-0010
RC-KA-009851,Suresh Sharma,AAY,8,35,30,5,hi,FPS-KA-UK-0011
RC-KA-009852,Aditi Hegde,AAY,8,35,15,20,kn,FPS-KA-UK-0012
RC-KA-009853,Kavya Gowda,AAY,4,35,20,15,en,FPS-KA-UK-0013
RC-KA-009854,Arjun Kumar,AAY,2,35,35,0,kn,FPS-KA-UK-0014
RC-KA-009855,Shankar Desai,AAY,8,35,20,15,kn,FPS-KA-UK-0015
RC-KA-009856,Kiran Rao,AAY,7,35,30,5,kn,FPS-KA-UK-0016
RC-KA-009857,Priya Reddy,AAY,1,35,5,30,kn,FPS-KA-UK-0017
RC-KA-009858,Divya Shetty,AAY,6,35,10,25,kn,FPS-KA-UK-0018
RC-KA-009859,Lakshmi Kumar,AAY,6,35,15,20,kn,FPS-KA-UK-0019
RC-KA-009860,Kavya Kulkarni,AAY,8,35,0,35,kn,FPS-KA-UK-0020
RC-KA-009861,Aarav Poojary,AAY,8,35,25,10,kn,FPS-KA-VIJ-0001
RC-KA-009862,Chetan Rao,AAY,6,35,30,5,hi,FPS-KA-VIJ-0002
RC-KA-009863,Ganesh Kumar,AAY,7,35,35,0,kn,FPS-KA-VIJ-0003
RC-KA-009864,Meena Nayak,AAY,5,35,35,0,kn,FPS-KA-VIJ-0004
RC-KA-009865,Shankar Desai,AAY,2,35,20,15,kn,FPS-KA-VIJ-0005
RC-KA-009866,Kavya Bhat,AAY,8,35,0,35,kn,FPS-KA-VIJ-0006
RC-KA-009867,Ganesh Naik,AAY,1,35,5,30,kn,FPS-KA-VIJ-0007
RC-KA-009868,Shankar Sharma,AAY,5,35,0,35,kn,FPS-KA-VIJ-0008
RC-KA-009869,Arjun Hegde,AAY,6,35,35,0,hi,FPS-KA-VIJ-0009
RC-KA-009870,Vijay Naik,AAY,7,35,15,20,kn,FPS-KA-VIJ-0010
RC-KA-009871,Harish Bhat,AAY,5,35,25,10,kn,FPS-KA-VIJ-0011
RC-KA-009872,Shalini Poojary,AAY,8,35,30,5,en,FPS-KA-VIJ-0012
RC-KA-009873,Harish Bhat,AAY,7,35,15,20,kn,FPS-KA-VIJ-0013
RC-KA-009874,Swathi Hegde,AAY,5,35,10,25,kn,FPS-KA-VIJ-0014
RC-KA-009875,Shalini Patil,AAY,1,35,25,10,en,FPS-KA-VIJ-0015
RC-KA-009876,Sanjay Desai,AAY,8,35,10,25,kn,FPS-KA-VIJ-0016
RC-KA-009877,Prakash Hegde,AAY,3,35,10,25,kn,FPS-KA-VIJ-0017
RC-KA-009878,Pooja Sharma,AAY,8,35,0,35,en,FPS-KA-VIJ-0018
RC-KA-009879,Rahul Kulkarni,AAY,5,35,10,25,hi,FPS-KA-VIJ-0019
RC-KA-009880,Vijay Kulkarni,AAY,7,35,0,35,kn,FPS-KA-VIJ-0020
RC-KA-009881,Lakshmi Poojary,AAY,1,35,10,25,hi,FPS-KA-VIG-0001
RC-KA-009882,Rahul Nayak,AAY,5,35,20,15,kn,FPS-KA-VIG-0002
RC-KA-009883,Aditi Patil,AAY,5,35,15,20,kn,FPS-KA-VIG-0003
RC-KA-009884,Lakshmi Hegde,AAY,8,35,30,5,hi,FPS-KA-VIG-0004
RC-KA-009885,Shalini Desai,AAY,4,35,35,0,kn,FPS-KA-VIG-0005
RC-KA-009886,Ananya Kulkarni,AAY,5,35,10,25,kn,FPS-KA-VIG-0006
RC-KA-009887,Kiran Reddy,AAY,5,35,5,30,kn,FPS-KA-VIG-0007
RC-KA-009888,Sneha Poojary,AAY,7,35,25,10,kn,FPS-KA-VIG-0008
RC-KA-009889,Bhavana Hegde,AAY,8,35,10,25,kn,FPS-KA-VIG-0009
RC-KA-009890,Akash Hegde,AAY,1,35,5,30,kn,FPS-KA-VIG-0010
RC-KA-009891,Meena Sharma,AAY,7,35,35,0,kn,FPS-KA-VIG-0011
RC-KA-009892,Ravi Patil,AAY,3,35,15,20,kn,FPS-KA-VIG-0012
RC-KA-009893,Shalini Kumar,AAY,1,35,5,30,kn,FPS-KA-VIG-0013
RC-KA-009894,Shalini Desai,AAY,5,35,0,35,kn,FPS-KA-VIG-0014
RC-KA-009895,Lakshmi Sharma,AAY,5,35,15,20,kn,FPS-KA-VIG-0015
RC-KA-009896,Ananya Joshi,AAY,3,35,20,15,kn,FPS-KA-VIG-0016
RC-KA-009897,Ravi Sharma,AAY,1,35,5,30,kn,FPS-KA-VIG-0017
RC-KA-009898,Rekha Shetty,AAY,6,35,5,30,kn,FPS-KA-VIG-0018
RC-KA-009899,Aditi Reddy,AAY,5,35,30,5,en,FPS-KA-VIG-0019
RC-KA-009900,Pooja Desai,AAY,2,35,5,30,kn,FPS-KA-VIG-0020
RC-KA-009901,Kavya Sharma,AAY,2,35,20,15,kn,FPS-KA-YAD-0001
RC-KA-009902,Rahul Shetty,AAY,6,35,5,30,en,FPS-KA-YAD-0002
RC-KA-009903,Prakash Kumar,AAY,1,35,15,20,hi,FPS-KA-YAD-0003
RC-KA-009904,Kiran Kulkarni,AAY,1,35,25,10,kn,FPS-KA-YAD-0004
RC-KA-009905,Prakash Nayak,AAY,7,35,20,15,kn,FPS-KA-YAD-0005
RC-KA-009906,Chetan Bhat,AAY,5,35,15,20,kn,FPS-KA-YAD-0006
RC-KA-009907,Ravi Bhat,AAY,8,35,25,10,en,FPS-KA-YAD-0007
RC-KA-009908,Ganesh Kulkarni,AAY,5,35,10,25,kn,FPS-KA-YAD-0008
RC-KA-009909,Deepa Naik,AAY,4,35,35,0,hi,FPS-KA-YAD-0009
RC-KA-009910,Aarav Kumar,AAY,6,35,0,35,hi,FPS-KA-YAD-0010
RC-KA-009911,Arjun Poojary,AAY,3,35,35,0,kn,FPS-KA-YAD-0011
RC-KA-009912,Sneha Gowda,AAY,2,35,35,0,kn,FPS-KA-YAD-0012
RC-KA-009913,Sneha Hegde,AAY,7,35,10,25,kn,FPS-KA-YAD-0013
RC-KA-009914,Manoj Sharma,AAY,6,35,15,20,kn,FPS-KA-YAD-0014
RC-KA-009915,Rahul Poojary,AAY,3,35,20,15,en,FPS-KA-YAD-0015
RC-KA-009916,Arjun Kulkarni,AAY,5,35,15,20,kn,FPS-KA-YAD-0016
RC-KA-009917,Deepa Bhat,AAY,8,35,35,0,kn,FPS-KA-YAD-0017
RC-KA-009918,Suresh Joshi,AAY,5,35,5,30,hi,FPS-KA-YAD-0018
RC-KA-009919,Meena Desai,AAY,7,35,35,0,kn,FPS-KA-YAD-0019
RC-KA-009920,Kiran Nayak,AAY,5,35,35,0,hi,FPS-KA-YAD-0020
RC-KA-009921,Manoj Kulkarni,AAY,2,35,0,35,kn,FPS-KA-BAG-0001
RC-KA-009922,Shankar Kulkarni,AAY,3,35,30,5,en,FPS-KA-BAG-0002
RC-KA-009923,Ganesh Gowda,AAY,6,35,10,25,hi,FPS-KA-BAG-0003
RC-KA-009924,Ravi Joshi,AAY,6,35,35,0,kn,FPS-KA-BAG-0004
RC-KA-009925,Aarav Naik,AAY,1,35,10,25,kn,FPS-KA-BAG-0005
RC-KA-009926,Ananya Sharma,AAY,2,35,0,35,kn,FPS-KA-BAG-0006
RC-KA-009927,Shankar Naik,AAY,2,35,10,25,kn,FPS-KA-BAG-0007
RC-KA-009928,Vijay Shetty,AAY,4,35,15,20,kn,FPS-KA-BAG-0008
RC-KA-009929,Vijay Gowda,AAY,7,35,25,10,kn,FPS-KA-BAG-0009
RC-KA-009930,Kavya Hegde,AAY,5,35,30,5,kn,FPS-KA-BAG-0010
RC-KA-009931,Kavya Reddy,AAY,1,35,5,30,kn,FPS-KA-BAG-0011
RC-KA-009932,Ananya Bhat,AAY,2,35,5,30,kn,FPS-KA-BAG-0012
RC-KA-009933,Manoj Kumar,AAY,6,35,20,15,kn,FPS-KA-BAG-0013
RC-KA-009934,Meena Patil,AAY,4,35,5,30,hi,FPS-KA-BAG-0014
RC-KA-009935,Rekha Desai,AAY,1,35,5,30,en,FPS-KA-BAG-0015
RC-KA-009936,Manoj Hegde,AAY,5,35,15,20,kn,FPS-KA-BAG-0016
RC-KA-009937,Deepa Patil,AAY,7,35,0,35,hi,FPS-KA-BAG-0017
RC-KA-009938,Rekha Kumar,AAY,3,35,5,30,hi,FPS-KA-BAG-0018
RC-KA-009939,Deepa Kumar,AAY,8,35,15,20,kn,FPS-KA-BAG-0019
RC-KA-009940,Swathi Kumar,AAY,8,35,0,35,kn,FPS-KA-BAG-0020
RC-KA-009941,Ganesh Sharma,AAY,1,35,5,30,kn,FPS-KA-BAL-0001
RC-KA-009942,Sneha Rao,AAY,3,35,30,5,kn,FPS-KA-BAL-0002
RC-KA-009943,Ravi Nayak,AAY,3,35,10,25,en,FPS-KA-BAL-0003
RC-KA-009944,Lakshmi Gowda,AAY,5,35,0,35,en,FPS-KA-BAL-0004
RC-KA-009945,Suresh Bhat,AAY,4,35,30,5,kn,FPS-KA-BAL-0005
RC-KA-009946,Vijay Poojary,AAY,7,35,30,5,kn,FPS-KA-BAL-0006
RC-KA-009947,Divya Reddy,AAY,6,35,5,30,en,FPS-KA-BAL-0007
RC-KA-009948,Sneha Desai,AAY,6,35,0,35,hi,FPS-KA-BAL-0008
RC-KA-009949,Rekha Kumar,AAY,2,35,5,30,hi,FPS-KA-BAL-0009
RC-KA-009950,Harish Patil,AAY,1,35,0,35,en,FPS-KA-BAL-0010
RC-KA-009951,Vijay Gowda,AAY,2,35,25,10,hi,FPS-KA-BAL-0011
RC-KA-009952,Vijay Nayak,AAY,2,35,25,10,kn,FPS-KA-BAL-0012
RC-KA-009953,Arjun Desai,AAY,7,35,0,35,hi,FPS-KA-BAL-0013
RC-KA-009954,Rekha Kumar,AAY,7,35,15,20,hi,FPS-KA-BAL-0014
RC-KA-009955,Priya Kulkarni,AAY,5,35,35,0,en,FPS-KA-BAL-0015
RC-KA-009956,Divya Nayak,AAY,7,35,0,35,hi,FPS-KA-BAL-0016
RC-KA-009957,Meena Hegde,AAY,6,35,30,5,kn,FPS-KA-BAL-0017
RC-KA-009958,Ganesh Kulkarni,AAY,1,35,20,15,kn,FPS-KA-BAL-0018
RC-KA-009959,Swathi Naik,AAY,5,35,0,35,kn,FPS-KA-BAL-0019
RC-KA-009960,Shalini Desai,AAY,7,35,5,30,hi,FPS-KA-BAL-0020
RC-KA-009961,Sanjay Joshi,AAY,6,35,20,15,en,FPS-KA-BEL-0001
RC-KA-009962,Ananya Rao,AAY,3,35,35,0,hi,FPS-KA-BEL-0002
RC-KA-009963,Sneha Rao,AAY,2,35,20,15,kn,FPS-KA-BEL-0003
RC-KA-009964,Pooja Patil,AAY,2,35,30,5,kn,FPS-KA-BEL-0004
RC-KA-009965,Suresh Hegde,AAY,2,35,35,0,kn,FPS-KA-BEL-0005
RC-KA-009966,Bhavana Kulkarni,AAY,6,35,35,0,kn,FPS-KA-BEL-0006
RC-KA-009967,Harish Nayak,AAY,8,35,30,5,en,FPS-KA-BEL-0007
RC-KA-009968,Ganesh Gowda,AAY,1,35,20,15,kn,FPS-KA-BEL-0008
RC-KA-009969,Priya Nayak,AAY,5,35,20,15,hi,FPS-KA-BEL-0009
RC-KA-009970,Meena Rao,AAY,5,35,10,25,hi,FPS-KA-BEL-0010
RC-KA-009971,Suresh Patil,AAY,1,35,0,35,kn,FPS-KA-BEL-0011
RC-KA-009972,Deepa Desai,AAY,2,35,25,10,hi,FPS-KA-BEL-0012
RC-KA-009973,Divya Nayak,AAY,7,35,10,25,kn,FPS-KA-BEL-0013
RC-KA-009974,Divya Gowda,AAY,8,35,0,35,kn,FPS-KA-BEL-0014
RC-KA-009975,Suresh Nayak,AAY,7,35,5,30,kn,FPS-KA-BEL-0015
RC-KA-009976,Ravi Joshi,AAY,1,35,35,0,en,FPS-KA-BEL-0016
RC-KA-009977,Aditi Kulkarni,AAY,2,35,35,0,kn,FPS-KA-BEL-0017
RC-KA-009978,Kavya Sharma,AAY,2,35,20,15,kn,FPS-KA-BEL-0018
RC-KA-009979,Deepa Sharma,AAY,8,35,10,25,kn,FPS-KA-BEL-0019
RC-KA-009980,Ananya Poojary,AAY,8,35,30,5,kn,FPS-KA-BEL-0020
RC-KA-009981,Suresh Desai,AAY,1,35,25,10,kn,FPS-KA-BLR-R-0001
RC-KA-009982,Shankar Desai,AAY,2,35,25,10,kn,FPS-KA-BLR-R-0002
RC-KA-009983,Sneha Kumar,AAY,7,35,0,35,kn,FPS-KA-BLR-R-0003
RC-KA-009984,Ananya Bhat,AAY,8,35,25,10,hi,FPS-KA-BLR-R-0004
RC-KA-009985,Vijay Desai,AAY,1,35,0,35,en,FPS-KA-BLR-R-0005
RC-KA-009986,Kavya Hegde,AAY,5,35,10,25,kn,FPS-KA-BLR-R-0006
RC-KA-009987,Rahul Kulkarni,AAY,8,35,30,5,kn,FPS-KA-BLR-R-0007
RC-KA-009988,Lakshmi Kulkarni,AAY,8,35,35,0,hi,FPS-KA-BLR-R-0008
RC-KA-009989,Priya Bhat,AAY,8,35,10,25,kn,FPS-KA-BLR-R-0009
RC-KA-009990,Deepa Naik,AAY,3,35,10,25,kn,FPS-KA-BLR-R-0010
RC-KA-009991,Rahul Sharma,AAY,2,35,20,15,kn,FPS-KA-BLR-R-0011
RC-KA-009992,Manoj Shetty,AAY,3,35,5,30,kn,FPS-KA-BLR-R-0012
RC-KA-009993,Chetan Kulkarni,AAY,6,35,35,0,kn,FPS-KA-BLR-R-0013
RC-KA-009994,Aditi Nayak,AAY,8,35,20,15,hi,FPS-KA-BLR-R-0014
RC-KA-009995,Aditi Hegde,AAY,2,35,10,25,kn,FPS-KA-BLR-R-0015
RC-KA-009996,Rahul Nayak,AAY,5,35,20,15,kn,FPS-KA-BLR-R-0016
RC-KA-009997,Ravi Rao,AAY,7,35,0,35,kn,FPS-KA-BLR-R-0017
RC-KA-009998,Shankar Shetty,AAY,3,35,25,10,hi,FPS-KA-BLR-R-0018
RC-KA-009999,Sanjay Patil,AAY,1,35,15,20,kn,FPS-KA-BLR-R-0019
RC-KA-010000,Sneha Poojary,AAY,1,35,10,25,kn,FPS-KA-BLR-R-0020
